drop table if exists User;
create table User (
  UserID integer,
  Fname varchar(45),
  Lname varchar(45),
  NumConnection integer,
  Age integer,
  Industry varchar(45)
);

drop table if exists Education;
create table Education (
  UserID integer,
  UniversityID integer,
  DegreeID integer,
  Field varchar(45),
  StartDate varchar(45),
  EndDate varchar(45)
);

drop table if exists Degree;
create table Degree (
  DegreeID integer,
  DegreeName varchar(45)
);

drop table if exists University;
create table University (
  UniversityID integer,
  UniversityName varchar(45)
);

drop table if exists Experience;
create table Experience (
  UserID integer,
  EmployerID integer,
  StartDate varchar(45),
  EndDate varchar(45)
);

drop table if exists Employer;
create table Employer (
  EmployerID integer,
  EmployerName varchar(45)
);

drop table if exists Has_skill;
create table Has_skill (
  UserID integer,
  SkillID integer,
  Endorsements integer
);

drop table if exists Skill;
create table Skill (
  SkillID integer,
  SkillName varchar(45)
);

drop table if exists Knows_language;
create table Knows_language (
  UserID integer,
  LanguageID integer
);

drop table if exists Languages;
create table Languages (
  LanguageID integer,
  LanguageName varchar(45)
) ;

drop table if exists Member_of;
create table Member_of (
  UserID integer,
  GroupID integer
) ;

drop table if exists Groups;
create table Groups (
  GroupID integer,
  GroupName varchar(45),
  NumMembers integer
);

insert into User values ( 0 , 'Shiliang' , 'Wang', 85, 0, 'Computer Software');
insert into Education values ( 0 , 100 , 200 , 'Masters Degree', '2013 – 2014', '2013 – 2014');
insert into University values ( 100 , 'The Johns Hopkins University');
insert into Education values ( 0 , 101 , 201 , 'Bachelors degree', '2008 – 2012', '2008 – 2012');
insert into University values ( 101 , 'Harbin Institute of Technology');
insert into Has_skill values ( 0 , 300, 0);
insert into Skill values ( 300 , 'C/C++ STL');
insert into Has_skill values ( 0 , 301, 0);
insert into Skill values ( 301 , 'JAVA');
insert into Has_skill values ( 0 , 302, 0);
insert into Skill values ( 302 , 'Python');
insert into Has_skill values ( 0 , 303, 0);
insert into Skill values ( 303 , 'JavaScript');
insert into Has_skill values ( 0 , 304, 0);
insert into Skill values ( 304 , 'HTML');
insert into Has_skill values ( 0 , 305, 0);
insert into Skill values ( 305 , 'CSS');
insert into Has_skill values ( 0 , 306, 0);
insert into Skill values ( 306 , 'Node.js');
insert into Has_skill values ( 0 , 307, 0);
insert into Skill values ( 307 , 'C#');
insert into Has_skill values ( 0 , 308, 0);
insert into Skill values ( 308 , 'Natural Language...');
insert into Has_skill values ( 0 , 309, 0);
insert into Skill values ( 309 , 'Machine le');
insert into Has_skill values ( 0 , 310, 0);
insert into Skill values ( 310 , 'Information Retrieval');
insert into Has_skill values ( 0 , 311, 0);
insert into Skill values ( 311 , 'Java');
insert into Has_skill values ( 0 , 312, 0);
insert into Skill values ( 312 , 'Software Engineering');
insert into Employer values ( 600 , 'MicroStrategy');
insert into Experience values ( 0 , 600, '2014-07-01', '2014-12-15');
insert into Employer values ( 601 , 'Seeds of Empowerment');
insert into Experience values ( 0 , 601, '2011-08-01', '2014-12-15');

insert into User values ( 1 , 'Paul' , 'Laurienti', 264, 0, 'Research');
insert into Education values ( 1 , 102 , 202 , '', '1991 – 1999', '1991 – 1999');
insert into University values ( 102 , 'The University of Texas Medical Branch at Galveston');
insert into Education values ( 1 , 103 , 203 , 'BS', '1988 – 1991', '1988 – 1991');
insert into University values ( 103 , 'University of Houston');
insert into Has_skill values ( 1 , 313, 0);
insert into Skill values ( 313 , 'Higher Education');
insert into Has_skill values ( 1 , 314, 0);
insert into Skill values ( 314 , 'Neuroscience');
insert into Has_skill values ( 1 , 315, 0);
insert into Skill values ( 315 , 'fMRI');
insert into Has_skill values ( 1 , 316, 0);
insert into Skill values ( 316 , 'Research');
insert into Has_skill values ( 1 , 317, 0);
insert into Skill values ( 317 , 'Science');
insert into Has_skill values ( 1 , 318, 0);
insert into Skill values ( 318 , 'Teaching');
insert into Has_skill values ( 1 , 319, 0);
insert into Skill values ( 319 , 'Cognitive Psychology');
insert into Has_skill values ( 1 , 320, 0);
insert into Skill values ( 320 , 'Statistics');
insert into Has_skill values ( 1 , 321, 0);
insert into Skill values ( 321 , 'Clinical Research');
insert into Has_skill values ( 1 , 322, 0);
insert into Skill values ( 322 , 'Simulations');
insert into Has_skill values ( 1 , 323, 0);
insert into Skill values ( 323 , 'Complex Systems');
insert into Has_skill values ( 1 , 324, 0);
insert into Skill values ( 324 , 'Complexity Theory');
insert into Has_skill values ( 1 , 325, 0);
insert into Skill values ( 325 , 'Complexity Management');
insert into Has_skill values ( 1 , 326, 0);
insert into Skill values ( 326 , 'Social Networking');
insert into Has_skill values ( 1 , 327, 0);
insert into Skill values ( 327 , 'Network Science');
insert into Member_of values ( 1 , 400);
insert into Groups values ( 400 , 'New England Complex Systems Institute (NECSI)', 0);
insert into Member_of values ( 1 , 401);
insert into Groups values ( 401 , 'Complexity Science', 0);
insert into Member_of values ( 1 , 402);
insert into Groups values ( 402 , 'Intuitor Group', 0);
insert into Member_of values ( 1 , 403);
insert into Groups values ( 403 , 'The Complexity Institute', 0);
insert into Member_of values ( 1 , 404);
insert into Groups values ( 404 , 'Complexity Digest', 0);
insert into Employer values ( 602 , 'Starling Insights LLC');
insert into Experience values ( 1 , 602, '2013-01-01', '');
insert into Employer values ( 603 , 'Wake Forest University School of Medicine');
insert into Experience values ( 1 , 603, '1999-07-01', '2014-12-15');

insert into User values ( 2 , 'bentley' , 'd graham graham', 0, 0, 'Machinery');
insert into Employer values ( 604 , 'Nilfisk-Advance');
insert into Experience values ( 2 , 604, '', '');

insert into User values ( 3 , 'Ying' , 'Qian', 58, 0, 'Pharmaceuticals');
insert into Has_skill values ( 3 , 328, 0);
insert into Skill values ( 328 , 'Drug Discovery');
insert into Has_skill values ( 3 , 329, 0);
insert into Skill values ( 329 , 'In Vivo');
insert into Has_skill values ( 3 , 330, 0);
insert into Skill values ( 330 , 'Pharmaceutical Industry');
insert into Has_skill values ( 3 , 331, 0);
insert into Skill values ( 331 , 'Cell');
insert into Has_skill values ( 3 , 332, 0);
insert into Skill values ( 332 , 'Biomarkers');
insert into Has_skill values ( 3 , 333, 0);
insert into Skill values ( 333 , 'Pharmacology');
insert into Member_of values ( 3 , 405);
insert into Groups values ( 405 , 'GlaxoSmithKline Pharmaceuticals', 0);
insert into Member_of values ( 3 , 406);
insert into Groups values ( 406 , 'Pharmacology Jobs & Careers Forum', 0);
insert into Member_of values ( 3 , 407);
insert into Groups values ( 407 , 'Pharmacology Professionals', 0);
insert into Member_of values ( 3 , 408);
insert into Groups values ( 408 , 'GSK and constituent companies alumni group', 0);
insert into Member_of values ( 3 , 409);
insert into Groups values ( 409 , 'GSK Employees and Alumni Network', 0);
insert into Member_of values ( 3 , 410);
insert into Groups values ( 410 , 'Rx&D - Biopharmaceutical, Pharmaceutical and Biotechnology Research and Development', 0);
insert into Member_of values ( 3 , 411);
insert into Groups values ( 411 , 'Careers at GlaxoSmithKline Consumer Healthcare Global', 0);
insert into Member_of values ( 3 , 412);
insert into Groups values ( 412 , 'Professionals in the Pharmaceutical and Biotech Industry', 0);
insert into Member_of values ( 3 , 413);
insert into Groups values ( 413 , 'Animal Model Development', 0);
insert into Member_of values ( 3 , 414);
insert into Groups values ( 414 , 'GSK-GMS', 0);
insert into Member_of values ( 3 , 415);
insert into Groups values ( 415 , 'Biomarker Society', 0);
insert into Employer values ( 605 , 'GlaxoSmithKline');
insert into Experience values ( 3 , 605, '2002-01-01', '2014-12-12');

insert into User values ( 4 , 'Tao' , 'Yin', 21, 0, 'Insurance');
insert into Employer values ( 606 , 'MGIC');
insert into Experience values ( 4 , 606, '', '');

insert into User values ( 5 , 'Sherry' , 'Yang', 2, 0, 'Education Management');
insert into Employer values ( 607 , 'ISTP');
insert into Experience values ( 5 , 607, '', '');


insert into User values ( 6 , 'sally' , 'ng', 0, 0, 'Internet');
insert into Employer values ( 608 , 'Tencent');
insert into Experience values ( 6 , 608, '', '');

insert into User values ( 7 , 'jingyi' , 'he', 0, 0, '');
insert into Education values ( 7 , 104 , 202 , '', '2006 – 2009', '2006 – 2009');
insert into University values ( 104 , 'Florida State University');

insert into User values ( 8 , 'Sally' , 'Ng', 1, 0, 'E-Learning');
insert into Education values ( 8 , 105 , 202 , '', '1994 – 2004', '1994 – 2004');
insert into University values ( 105 , 'City University of New York-Hunter College');


insert into User values ( 9 , 'Yuan' , 'Geng', 1, 0, 'Computer Software');
insert into Education values ( 9 , 106 , 202 , '', '2008 – 2012', '2008 – 2012');
insert into University values ( 106 , 'North Carolina State University');


insert into User values ( 10 , 'Stella' , 'Cai', 20, 0, 'Translation and Localization');
insert into Education values ( 10 , 107 , 200 , 'Masters Degree', '2013 – 2015 (expected)', '2013 – 2015 (expected)');
insert into University values ( 107 , 'The Olivet University');
insert into Education values ( 10 , 108 , 201 , 'Bachelors degree', '', '');
insert into University values ( 108 , '河北工业大学');
insert into Has_skill values ( 10 , 334, 0);
insert into Skill values ( 334 , '翻译');
insert into Has_skill values ( 10 , 335, 0);
insert into Skill values ( 335 , '编辑');
insert into Has_skill values ( 10 , 336, 0);
insert into Skill values ( 336 , 'Microsoft Office');
insert into Has_skill values ( 10 , 337, 0);
insert into Skill values ( 337 , '社交媒体');
insert into Has_skill values ( 10 , 338, 0);
insert into Skill values ( 338 , '研究');
insert into Has_skill values ( 10 , 339, 0);
insert into Skill values ( 339 , '教学');
insert into Has_skill values ( 10 , 340, 0);
insert into Skill values ( 340 , '领导力');
insert into Has_skill values ( 10 , 341, 0);
insert into Skill values ( 341 , 'Microsoft Excel');
insert into Has_skill values ( 10 , 342, 0);
insert into Skill values ( 342 , '团队合作');
insert into Has_skill values ( 10 , 343, 0);
insert into Skill values ( 343 , '公开演讲');
insert into Member_of values ( 10 , 416);
insert into Groups values ( 416 , 'Ohio College Personnel Association-OCPA', 0);
insert into Member_of values ( 10 , 417);
insert into Groups values ( 417 , 'Certified Translation Professional Group: Translator Jobs, Projects, Tools, Networking & Training', 0);
insert into Member_of values ( 10 , 418);
insert into Groups values ( 418 , 'Olivet College Alumni', 0);
insert into Member_of values ( 10 , 419);
insert into Groups values ( 419 , 'LGBTQ Professionals in Higher Education', 0);
insert into Member_of values ( 10 , 420);
insert into Groups values ( 420 , 'Interpreter and Translators professionals International forum', 0);
insert into Member_of values ( 10 , 421);
insert into Groups values ( 421 , 'Friends of Physical Chemistry, Lund', 0);
insert into Knows_language values ( 10 , 500);
insert into Languages values ( 500 , 'Russian; French');
insert into Employer values ( 609 , 'The Christian Post');
insert into Experience values ( 10 , 609, '2014-04-01', '2014-12-15');
insert into Employer values ( 610 , 'Excel English China, Jia De Company (Canada)');
insert into Experience values ( 10 , 610, '2012-01-01', '');
insert into Employer values ( 611 , 'Qinghuangdao Education');
insert into Experience values ( 10 , 611, '2011-01-01', '');

insert into User values ( 11 , 'Hui' , 'Bai', 500, 0, 'Financial Services');
insert into Education values ( 11 , 109 , 204 , 'B.S.', '2008 – 2012', '2008 – 2012');
insert into University values ( 109 , 'Lehigh University');
insert into Education values ( 11 , 110 , 202 , '', '2011 – 2011', '2011 – 2011');
insert into University values ( 110 , 'Strasbourg Study Abroad Center- Syracuse University');
insert into Education values ( 11 , 111 , 202 , '', '2010 – 2010', '2010 – 2010');
insert into University values ( 111 , 'Global Village for Future Leaders of Business and Industry');
insert into Has_skill values ( 11 , 344, 0);
insert into Skill values ( 344 , 'Capital Markets');
insert into Has_skill values ( 11 , 345, 0);
insert into Skill values ( 345 , 'Bloomberg');
insert into Has_skill values ( 11 , 346, 0);
insert into Skill values ( 346 , 'Financial Modeling');
insert into Has_skill values ( 11 , 347, 0);
insert into Skill values ( 347 , 'Business Strategy');
insert into Has_skill values ( 11 , 348, 0);
insert into Skill values ( 348 , 'Financial Analysis');
insert into Has_skill values ( 11 , 349, 0);
insert into Skill values ( 349 , 'Valuation');
insert into Has_skill values ( 11 , 350, 0);
insert into Skill values ( 350 , 'Bloomberg Terminal');
insert into Has_skill values ( 11 , 351, 0);
insert into Skill values ( 351 , 'Client Relations');
insert into Has_skill values ( 11 , 352, 0);
insert into Skill values ( 352 , 'Marketing');
insert into Has_skill values ( 11 , 353, 0);
insert into Skill values ( 353 , 'Project Management');
insert into Has_skill values ( 11 , 354, 0);
insert into Skill values ( 354 , 'Derivatives');
insert into Member_of values ( 11 , 422);
insert into Groups values ( 422 , 'The FWA Next Gen Community', 0);
insert into Member_of values ( 11 , 423);
insert into Groups values ( 423 , 'Lehigh University', 0);
insert into Member_of values ( 11 , 424);
insert into Groups values ( 424 , 'Global Village Entrepreneur Network', 0);
insert into Member_of values ( 11 , 425);
insert into Groups values ( 425 , 'Global Village Iacocca Institute', 0);
insert into Member_of values ( 11 , 426);
insert into Groups values ( 426 , 'Wall Street Exchange', 0);
insert into Member_of values ( 11 , 427);
insert into Groups values ( 427 , 'Global Village Network', 0);
insert into Member_of values ( 11 , 428);
insert into Groups values ( 428 , 'Lehigh University Entrepreneurs Network', 0);
insert into Member_of values ( 11 , 429);
insert into Groups values ( 429 , 'Global Village For Future Leaders Of Business And Industry', 0);
insert into Member_of values ( 11 , 430);
insert into Groups values ( 430 , 'S&P Capital IQ', 0);
insert into Member_of values ( 11 , 431);
insert into Groups values ( 431 , 'Lehigh Chinese Alumnus', 0);
insert into Member_of values ( 11 , 432);
insert into Groups values ( 432 , 'Lehigh University Alumni', 0);
insert into Member_of values ( 11 , 433);
insert into Groups values ( 433 , 'Lehigh University Wall Street Council', 0);
insert into Knows_language values ( 11 , 501);
insert into Languages values ( 501 , 'English');
insert into Knows_language values ( 11 , 502);
insert into Languages values ( 502 , 'Chinese');
insert into Employer values ( 612 , 'NYSE');
insert into Experience values ( 11 , 612, '2014-03-01', '2014-12-10');
insert into Employer values ( 612 , 'NYSE');
insert into Experience values ( 11 , 612, '2012-07-01', '2014-03-01');
insert into Employer values ( 613 , 'Capital IQ');
insert into Experience values ( 11 , 613, '2011-05-01', '2011-08-04');
insert into Employer values ( 614 , 'NovaTech');
insert into Experience values ( 11 , 614, '2010-06-01', '2010-08-03');
insert into Employer values ( 615 , 'Zhong Xing Energy Resource Investment Company');
insert into Experience values ( 11 , 615, '2009-05-01', '2009-06-02');

insert into User values ( 12 , 'Jill' , 'Fernandez', 255, 0, 'Financial Services');
insert into Education values ( 12 , 112 , 205 , 'Master of Business Administration (MBA)', '2008 – 2010', '2008 – 2010');
insert into University values ( 112 , 'Columbia University - Columbia Business School');
insert into Education values ( 12 , 113 , 203 , 'BS', '1998 – 2001', '1998 – 2001');
insert into University values ( 113 , 'Lehigh University - College of Business and Economics');
insert into Has_skill values ( 12 , 355, 0);
insert into Skill values ( 355 , 'Credit Risk');
insert into Has_skill values ( 12 , 356, 0);
insert into Skill values ( 356 , 'Equities');
insert into Has_skill values ( 12 , 354, 0);
insert into Skill values ( 354 , 'Derivatives');
insert into Has_skill values ( 12 , 348, 0);
insert into Skill values ( 348 , 'Financial Analysis');
insert into Has_skill values ( 12 , 345, 0);
insert into Skill values ( 345 , 'Bloomberg');
insert into Has_skill values ( 12 , 357, 0);
insert into Skill values ( 357 , 'Series 7');
insert into Has_skill values ( 12 , 358, 0);
insert into Skill values ( 358 , 'Trading');
insert into Has_skill values ( 12 , 359, 0);
insert into Skill values ( 359 , 'Due Diligence');
insert into Has_skill values ( 12 , 360, 0);
insert into Skill values ( 360 , 'Financial Markets');
insert into Employer values ( 616 , 'Bank of America');
insert into Experience values ( 12 , 616, '2013-05-01', '2014-12-15');
insert into Employer values ( 617 , 'Morgan Stanley');
insert into Experience values ( 12 , 617, '2010-08-01', '2013-05-02');
insert into Employer values ( 618 , 'Merrill Lynch');
insert into Experience values ( 12 , 618, '2005-07-01', '2008-07-03');

insert into User values ( 13 , 'Howard' , 'Dingle', 500, 0, 'Financial Services');
insert into Education values ( 13 , 114 , 202 , '', '2008 – 2010', '2008 – 2010');
insert into University values ( 114 , 'University of Chicago Booth School of Business');
insert into Education values ( 13 , 109 , 202 , '', '2000 – 2004', '2000 – 2004');
insert into University values ( 109 , 'Lehigh University');
insert into Education values ( 13 , 115 , 202 , '', '', '');
insert into University values ( 115 , 'Shaker Heights High School');
insert into Education values ( 13 , 115 , 202 , '', '', '');
insert into University values ( 115 , 'Shaker Heights High School');
insert into Employer values ( 619 , 'RBC Capital Markets');
insert into Experience values ( 13 , 619, '2013-12-01', '2014-12-15');
insert into Employer values ( 619 , 'RBC Capital Markets');
insert into Experience values ( 13 , 619, '2013-03-01', '2014-12-10');
insert into Employer values ( 620 , 'Credit Suisse');
insert into Experience values ( 13 , 620, '2010-07-01', '2013-02-02');
insert into Employer values ( 621 , 'Expedition Capital Partners');
insert into Experience values ( 13 , 621, '2009-06-01', '2009-08-03');
insert into Employer values ( 622 , 'Deloitte & Touche LLP');
insert into Experience values ( 13 , 622, '2006-01-01', '');
insert into Employer values ( 622 , 'Deloitte & Touche LLP');
insert into Experience values ( 13 , 622, '2004-01-01', '');

insert into User values ( 14 , 'Christopher' , 'J. Belcher', 500, 0, 'Financial Services');
insert into Education values ( 14 , 116 , 202 , '', '2005 – 2007', '2005 – 2007');
insert into University values ( 116 , 'Cornell University - S.C. Johnson Graduate School of Management');
insert into Education values ( 14 , 113 , 202 , '', '', '');
insert into University values ( 113 , 'Lehigh University - College of Business and Economics');
insert into Education values ( 14 , 117 , 202 , '', '', '');
insert into University values ( 117 , 'London School of Economics and Political Science');
insert into Education values ( 14 , 118 , 202 , '', '', '');
insert into University values ( 118 , 'Episcopal High School');
insert into Has_skill values ( 14 , 361, 0);
insert into Skill values ( 361 , 'Private Equity');
insert into Has_skill values ( 14 , 362, 0);
insert into Skill values ( 362 , 'Leveraged Finance');
insert into Has_skill values ( 14 , 363, 0);
insert into Skill values ( 363 , 'Investment Banking');
insert into Has_skill values ( 14 , 349, 0);
insert into Skill values ( 349 , 'Valuation');
insert into Has_skill values ( 14 , 364, 0);
insert into Skill values ( 364 , 'Recapitalizations');
insert into Has_skill values ( 14 , 365, 0);
insert into Skill values ( 365 , 'LBO');
insert into Has_skill values ( 14 , 366, 0);
insert into Skill values ( 366 , 'Restructuring');
insert into Has_skill values ( 14 , 367, 0);
insert into Skill values ( 367 , 'M&A execution');
insert into Has_skill values ( 14 , 368, 0);
insert into Skill values ( 368 , 'IPO');
insert into Has_skill values ( 14 , 359, 0);
insert into Skill values ( 359 , 'Due Diligence');
insert into Has_skill values ( 14 , 369, 0);
insert into Skill values ( 369 , 'Mergers & Acquisitions');
insert into Has_skill values ( 14 , 370, 0);
insert into Skill values ( 370 , 'Corporate Finance');
insert into Has_skill values ( 14 , 371, 0);
insert into Skill values ( 371 , 'Structured Finance');
insert into Employer values ( 623 , 'Deutsche Bank');
insert into Experience values ( 14 , 623, '2010-01-01', '');
insert into Employer values ( 620 , 'Credit Suisse');
insert into Experience values ( 14 , 620, '2007-01-01', '');
insert into Employer values ( 624 , 'Houlihan Lokey');
insert into Experience values ( 14 , 624, '2003-01-01', '');

insert into User values ( 15 , 'Priyanka' , 'Gandhi', 437, 0, 'Investment Banking');
insert into Education values ( 15 , 119 , 206 , 'BBA', '2009 – 2013', '2009 – 2013');
insert into University values ( 119 , 'Emory University - Goizueta Business School');
insert into Has_skill values ( 15 , 348, 0);
insert into Skill values ( 348 , 'Financial Analysis');
insert into Has_skill values ( 15 , 341, 0);
insert into Skill values ( 341 , 'Microsoft Excel');
insert into Has_skill values ( 15 , 346, 0);
insert into Skill values ( 346 , 'Financial Modeling');
insert into Has_skill values ( 15 , 372, 0);
insert into Skill values ( 372 , 'Data Analysis');
insert into Has_skill values ( 15 , 373, 0);
insert into Skill values ( 373 , 'PowerPoint');
insert into Has_skill values ( 15 , 374, 0);
insert into Skill values ( 374 , 'Economics');
insert into Has_skill values ( 15 , 375, 0);
insert into Skill values ( 375 , 'Accounting');
insert into Has_skill values ( 15 , 370, 0);
insert into Skill values ( 370 , 'Corporate Finance');
insert into Member_of values ( 15 , 434);
insert into Groups values ( 434 , 'Emory University', 0);
insert into Member_of values ( 15 , 435);
insert into Groups values ( 435 , 'Excel Blackbelts 黒帯', 0);
insert into Knows_language values ( 15 , 501);
insert into Languages values ( 501 , 'English');
insert into Knows_language values ( 15 , 503);
insert into Languages values ( 503 , 'Spanish');
insert into Knows_language values ( 15 , 504);
insert into Languages values ( 504 , 'Hindi');
insert into Employer values ( 625 , 'HSBC');
insert into Experience values ( 15 , 625, '2013-07-01', '2014-12-15');
insert into Employer values ( 625 , 'HSBC');
insert into Experience values ( 15 , 625, '2012-06-01', '2012-08-03');
insert into Employer values ( 626 , 'Berman Capital Advisors, LLC');
insert into Experience values ( 15 , 626, '2012-01-01', '2012-05-05');
insert into Employer values ( 627 , 'CRE Secure');
insert into Experience values ( 15 , 627, '2011-06-01', '2011-12-07');

insert into User values ( 16 , 'Ashish' , 'Maskara', 500, 0, 'Investment Banking');
insert into Has_skill values ( 16 , 346, 0);
insert into Skill values ( 346 , 'Financial Modeling');
insert into Has_skill values ( 16 , 349, 0);
insert into Skill values ( 349 , 'Valuation');
insert into Has_skill values ( 16 , 376, 0);
insert into Skill values ( 376 , 'Program Management');
insert into Has_skill values ( 16 , 353, 0);
insert into Skill values ( 353 , 'Project Management');
insert into Has_skill values ( 16 , 377, 0);
insert into Skill values ( 377 , 'Product Management');
insert into Has_skill values ( 16 , 372, 0);
insert into Skill values ( 372 , 'Data Analysis');
insert into Has_skill values ( 16 , 378, 0);
insert into Skill values ( 378 , 'Cross-functional Team...');
insert into Has_skill values ( 16 , 347, 0);
insert into Skill values ( 347 , 'Business Strategy');
insert into Has_skill values ( 16 , 379, 0);
insert into Skill values ( 379 , 'Business Development');
insert into Has_skill values ( 16 , 380, 0);
insert into Skill values ( 380 , 'Analytics');
insert into Has_skill values ( 16 , 381, 0);
insert into Skill values ( 381 , 'Strategic Planning');
insert into Has_skill values ( 16 , 382, 0);
insert into Skill values ( 382 , 'Product Development');
insert into Has_skill values ( 16 , 383, 0);
insert into Skill values ( 383 , 'Business Analysis');
insert into Has_skill values ( 16 , 384, 0);
insert into Skill values ( 384 , 'Competitive Analysis');
insert into Has_skill values ( 16 , 370, 0);
insert into Skill values ( 370 , 'Corporate Finance');
insert into Has_skill values ( 16 , 348, 0);
insert into Skill values ( 348 , 'Financial Analysis');
insert into Has_skill values ( 16 , 385, 0);
insert into Skill values ( 385 , 'Management Consulting');
insert into Has_skill values ( 16 , 386, 0);
insert into Skill values ( 386 , 'Mergers');
insert into Has_skill values ( 16 , 387, 0);
insert into Skill values ( 387 , 'Risk Management');

insert into User values ( 17 , 'Ian' , 'Stewart', 147, 0, 'Banking');
insert into Education values ( 17 , 120 , 207 , 'B.A.', '2007 – 2011', '2007 – 2011');
insert into University values ( 120 , 'Middlebury College');
insert into Has_skill values ( 17 , 345, 0);
insert into Skill values ( 345 , 'Bloomberg');
insert into Has_skill values ( 17 , 344, 0);
insert into Skill values ( 344 , 'Capital Markets');
insert into Has_skill values ( 17 , 363, 0);
insert into Skill values ( 363 , 'Investment Banking');
insert into Has_skill values ( 17 , 346, 0);
insert into Skill values ( 346 , 'Financial Modeling');
insert into Has_skill values ( 17 , 349, 0);
insert into Skill values ( 349 , 'Valuation');
insert into Member_of values ( 17 , 436);
insert into Groups values ( 436 , 'Middlebury College Network', 0);
insert into Member_of values ( 17 , 437);
insert into Groups values ( 437 , 'Middlebury College Alumni', 0);
insert into Member_of values ( 17 , 438);
insert into Groups values ( 438 , 'NESCAC', 0);
insert into Member_of values ( 17 , 439);
insert into Groups values ( 439 , 'Middlebury College Community', 0);
insert into Employer values ( 628 , 'HSBC Securities');
insert into Experience values ( 17 , 628, '2011-07-01', '2014-12-15');
insert into Employer values ( 629 , 'Gleacher & Company, Inc.');
insert into Experience values ( 17 , 629, '2010-06-01', '2010-08-03');
insert into Employer values ( 630 , 'Broadpoint Gleacher');
insert into Experience values ( 17 , 630, '2009-06-01', '2009-08-03');

insert into User values ( 18 , 'Daniel' , 'T Genis', 448, 0, 'Investment Banking');
insert into Education values ( 18 , 121 , 208 , 'Bachelors of Science in Management', '2010 – 2014', '2010 – 2014');
insert into University values ( 121 , 'Boston College - Carroll School of Management');
insert into Education values ( 18 , 122 , 209 , 'Bachelor of Business Administration (B.B.A.)', '2012 – 2012', '2012 – 2012');
insert into University values ( 122 , 'Copenhagen Business School');
insert into Has_skill values ( 18 , 341, 0);
insert into Skill values ( 341 , 'Microsoft Excel');
insert into Has_skill values ( 18 , 373, 0);
insert into Skill values ( 373 , 'PowerPoint');
insert into Has_skill values ( 18 , 346, 0);
insert into Skill values ( 346 , 'Financial Modeling');
insert into Has_skill values ( 18 , 388, 0);
insert into Skill values ( 388 , 'Investments');
insert into Has_skill values ( 18 , 350, 0);
insert into Skill values ( 350 , 'Bloomberg Terminal');
insert into Has_skill values ( 18 , 389, 0);
insert into Skill values ( 389 , 'ThomsonOne');
insert into Has_skill values ( 18 , 390, 0);
insert into Skill values ( 390 , 'Company Valuation');
insert into Has_skill values ( 18 , 391, 0);
insert into Skill values ( 391 , 'DCF Valuation');
insert into Has_skill values ( 18 , 365, 0);
insert into Skill values ( 365 , 'LBO');
insert into Has_skill values ( 18 , 392, 0);
insert into Skill values ( 392 , 'Multiples');
insert into Has_skill values ( 18 , 393, 0);
insert into Skill values ( 393 , 'Precedent Transactions');
insert into Has_skill values ( 18 , 394, 0);
insert into Skill values ( 394 , 'Comparable Analysis');
insert into Member_of values ( 18 , 440);
insert into Groups values ( 440 , 'Brookline High School Alumni', 0);
insert into Member_of values ( 18 , 441);
insert into Groups values ( 441 , 'Merrill Lynch', 0);
insert into Member_of values ( 18 , 442);
insert into Groups values ( 442 , 'Boston College Wall Street Council', 0);
insert into Member_of values ( 18 , 443);
insert into Groups values ( 443 , 'Ouimet Alumni', 0);
insert into Member_of values ( 18 , 444);
insert into Groups values ( 444 , 'Investment Banking Careers', 0);
insert into Member_of values ( 18 , 445);
insert into Groups values ( 445 , 'Boston College Alumni Group', 0);
insert into Member_of values ( 18 , 446);
insert into Groups values ( 446 , 'Banking Careers', 0);
insert into Employer values ( 631 , 'HSBC Global Banking and Markets');
insert into Experience values ( 18 , 631, '2014-08-01', '2014-12-15');
insert into Employer values ( 631 , 'HSBC Global Banking and Markets');
insert into Experience values ( 18 , 631, '2013-06-01', '2013-08-03');
insert into Employer values ( 632 , 'Gannett Welsh & Kotler');
insert into Experience values ( 18 , 632, '2012-06-01', '2012-08-03');
insert into Employer values ( 633 , 'Boston College');
insert into Experience values ( 18 , 633, '2012-05-01', '2012-08-04');
insert into Employer values ( 618 , 'Merrill Lynch');
insert into Experience values ( 18 , 618, '2011-10-01', '2012-04-07');
insert into Employer values ( 634 , 'J.Crew');
insert into Experience values ( 18 , 634, '2010-03-01', '2012-01-01');

insert into User values ( 19 , 'Manuel' , 'Dox', 500, 0, 'Investment Banking');
insert into Education values ( 19 , 123 , 210 , 'Bachelor of Science in Business Management', '2008 – 2012', '2008 – 2012');
insert into University values ( 123 , 'Babson College');
insert into Education values ( 19 , 124 , 210 , 'Bachelor of Science in Business Management', '2010 – 2010', '2010 – 2010');
insert into University values ( 124 , 'Università Commerciale 'Luigi Bocconi'');
insert into Education values ( 19 , 125 , 211 , 'High School', '2004 – 2008', '2004 – 2008');
insert into University values ( 125 , 'Colegio San Ignacio de Loyola');
insert into Has_skill values ( 19 , 345, 0);
insert into Skill values ( 345 , 'Bloomberg');
insert into Has_skill values ( 19 , 395, 0);
insert into Skill values ( 395 , 'Capital IQ');
insert into Has_skill values ( 19 , 396, 0);
insert into Skill values ( 396 , 'Entrepreneurship');
insert into Has_skill values ( 19 , 356, 0);
insert into Skill values ( 356 , 'Equities');
insert into Has_skill values ( 19 , 397, 0);
insert into Skill values ( 397 , 'Equity Research');
insert into Has_skill values ( 19 , 398, 0);
insert into Skill values ( 398 , 'Finance');
insert into Has_skill values ( 19 , 348, 0);
insert into Skill values ( 348 , 'Financial Analysis');
insert into Has_skill values ( 19 , 346, 0);
insert into Skill values ( 346 , 'Financial Modeling');
insert into Has_skill values ( 19 , 363, 0);
insert into Skill values ( 363 , 'Investment Banking');
insert into Has_skill values ( 19 , 341, 0);
insert into Skill values ( 341 , 'Microsoft Excel');
insert into Has_skill values ( 19 , 399, 0);
insert into Skill values ( 399 , 'Portfolio Management');
insert into Has_skill values ( 19 , 349, 0);
insert into Skill values ( 349 , 'Valuation');
insert into Has_skill values ( 19 , 350, 0);
insert into Skill values ( 350 , 'Bloomberg Terminal');
insert into Has_skill values ( 19 , 344, 0);
insert into Skill values ( 344 , 'Capital Markets');
insert into Has_skill values ( 19 , 370, 0);
insert into Skill values ( 370 , 'Corporate Finance');
insert into Has_skill values ( 19 , 400, 0);
insert into Skill values ( 400 , 'DCF');
insert into Has_skill values ( 19 , 381, 0);
insert into Skill values ( 381 , 'Strategic Planning');
insert into Member_of values ( 19 , 447);
insert into Groups values ( 447 , 'Colegio San Ignacio de Loyola Alumni', 0);
insert into Member_of values ( 19 , 448);
insert into Groups values ( 448 , 'Leverage Academy Network', 0);
insert into Member_of values ( 19 , 449);
insert into Groups values ( 449 , 'Babson Financial Services Career Affinity Network', 0);
insert into Member_of values ( 19 , 450);
insert into Groups values ( 450 , 'ALPFA—Empowering Latino Leaders (Official Group)', 0);
insert into Member_of values ( 19 , 451);
insert into Groups values ( 451 , 'Babson College Class of 2012', 0);
insert into Member_of values ( 19 , 452);
insert into Groups values ( 452 , 'Colegio San Ignacio de Loyola - Puerto Rico -', 0);
insert into Member_of values ( 19 , 453);
insert into Groups values ( 453 , 'Babson College Community', 0);
insert into Member_of values ( 19 , 454);
insert into Groups values ( 454 , 'Sponsors for Educational Opportunity Alumni', 0);
insert into Member_of values ( 19 , 455);
insert into Groups values ( 455 , 'Babson NYC Alumni', 0);
insert into Knows_language values ( 19 , 501);
insert into Languages values ( 501 , 'English');
insert into Knows_language values ( 19 , 503);
insert into Languages values ( 503 , 'Spanish');
insert into Employer values ( 631 , 'HSBC Global Banking and Markets');
insert into Experience values ( 19 , 631, '2014-10-01', '2014-12-15');
insert into Employer values ( 635 , 'Barclays');
insert into Experience values ( 19 , 635, '2012-06-01', '2014-09-02');
insert into Employer values ( 636 , 'Babson College Fund');
insert into Experience values ( 19 , 636, '2011-05-01', '2012-05-01');
insert into Employer values ( 637 , 'Barclays Capital');
insert into Experience values ( 19 , 637, '2011-06-01', '2011-08-03');

insert into User values ( 20 , 'Minh' , 'Le', 500, 0, 'Investment Banking');
insert into Education values ( 20 , 126 , 202 , '', '2009 – 2013', '2009 – 2013');
insert into University values ( 126 , 'New York University');
insert into Education values ( 20 , 127 , 202 , '', '2005 – 2009', '2005 – 2009');
insert into University values ( 127 , 'Scripps Ranch High School');
insert into Has_skill values ( 20 , 349, 0);
insert into Skill values ( 349 , 'Valuation');
insert into Has_skill values ( 20 , 346, 0);
insert into Skill values ( 346 , 'Financial Modeling');
insert into Has_skill values ( 20 , 348, 0);
insert into Skill values ( 348 , 'Financial Analysis');
insert into Knows_language values ( 20 , 501);
insert into Languages values ( 501 , 'English');
insert into Knows_language values ( 20 , 505);
insert into Languages values ( 505 , 'Vietnamese');
insert into Employer values ( 638 , 'HSBC Global Banking & Markets');
insert into Experience values ( 20 , 638, '2013-07-01', '2014-12-15');
insert into Employer values ( 638 , 'HSBC Global Banking & Markets');
insert into Experience values ( 20 , 638, '2012-06-01', '2012-08-03');
insert into Employer values ( 639 , 'Institutional Life Services');
insert into Experience values ( 20 , 639, '2011-04-01', '2011-10-07');

insert into User values ( 21 , 'Michael' , 'Friedberg', 324, 0, 'Financial Services');
insert into Education values ( 21 , 119 , 212 , 'Bachelor of Business Administration', '2009 – 2013', '2009 – 2013');
insert into University values ( 119 , 'Emory University - Goizueta Business School');
insert into Has_skill values ( 21 , 341, 0);
insert into Skill values ( 341 , 'Microsoft Excel');
insert into Has_skill values ( 21 , 401, 0);
insert into Skill values ( 401 , 'VBA');
insert into Has_skill values ( 21 , 345, 0);
insert into Skill values ( 345 , 'Bloomberg');
insert into Has_skill values ( 21 , 346, 0);
insert into Skill values ( 346 , 'Financial Modeling');
insert into Has_skill values ( 21 , 344, 0);
insert into Skill values ( 344 , 'Capital Markets');
insert into Has_skill values ( 21 , 402, 0);
insert into Skill values ( 402 , 'Fixed Income');
insert into Has_skill values ( 21 , 388, 0);
insert into Skill values ( 388 , 'Investments');
insert into Has_skill values ( 21 , 403, 0);
insert into Skill values ( 403 , 'Analysis');
insert into Has_skill values ( 21 , 362, 0);
insert into Skill values ( 362 , 'Leveraged Finance');
insert into Has_skill values ( 21 , 404, 0);
insert into Skill values ( 404 , 'Credit');
insert into Has_skill values ( 21 , 405, 0);
insert into Skill values ( 405 , 'Commodity');
insert into Has_skill values ( 21 , 406, 0);
insert into Skill values ( 406 , 'High Yield');
insert into Has_skill values ( 21 , 348, 0);
insert into Skill values ( 348 , 'Financial Analysis');
insert into Member_of values ( 21 , 456);
insert into Groups values ( 456 , 'Emory Alumni Association', 0);
insert into Member_of values ( 21 , 434);
insert into Groups values ( 434 , 'Emory University', 0);
insert into Member_of values ( 21 , 457);
insert into Groups values ( 457 , 'New York Chapter of Emory Alumni', 0);
insert into Member_of values ( 21 , 458);
insert into Groups values ( 458 , 'Emory NY - Finance, Banking & Insurance Professionals', 0);
insert into Member_of values ( 21 , 459);
insert into Groups values ( 459 , 'Pascack Hills HS Alumni Professionals', 0);
insert into Member_of values ( 21 , 460);
insert into Groups values ( 460 , 'AEPi Epsilon Chapter', 0);
insert into Member_of values ( 21 , 461);
insert into Groups values ( 461 , 'Emory Universitys Goizueta Business School', 0);
insert into Member_of values ( 21 , 435);
insert into Groups values ( 435 , 'Excel Blackbelts 黒帯', 0);
insert into Employer values ( 628 , 'HSBC Securities');
insert into Experience values ( 21 , 628, '2013-07-01', '2014-12-15');
insert into Employer values ( 628 , 'HSBC Securities');
insert into Experience values ( 21 , 628, '2012-06-01', '2012-08-03');
insert into Employer values ( 640 , 'Elliott Management Corporation');
insert into Experience values ( 21 , 640, '2011-06-01', '2011-08-03');
insert into Employer values ( 641 , 'Hersha Hospitality');
insert into Experience values ( 21 , 641, '2010-06-01', '2010-08-03');

insert into User values ( 22 , 'QuanQuan' , 'Yang', 500, 0, 'Investment Management');
insert into Education values ( 22 , 128 , 213 , 'Bachelor of Science in Business, Cum Laude', '2008 – 2011', '2008 – 2011');
insert into University values ( 128 , 'Indiana University - Kelley School of Business');
insert into Has_skill values ( 22 , 363, 0);
insert into Skill values ( 363 , 'Investment Banking');
insert into Has_skill values ( 22 , 362, 0);
insert into Skill values ( 362 , 'Leveraged Finance');
insert into Has_skill values ( 22 , 402, 0);
insert into Skill values ( 402 , 'Fixed Income');
insert into Has_skill values ( 22 , 365, 0);
insert into Skill values ( 365 , 'LBO');
insert into Has_skill values ( 22 , 379, 0);
insert into Skill values ( 379 , 'Business Development');
insert into Has_skill values ( 22 , 349, 0);
insert into Skill values ( 349 , 'Valuation');
insert into Has_skill values ( 22 , 407, 0);
insert into Skill values ( 407 , 'Asset Managment');
insert into Has_skill values ( 22 , 408, 0);
insert into Skill values ( 408 , 'Leveraged Lending');
insert into Has_skill values ( 22 , 409, 0);
insert into Skill values ( 409 , 'High Yield Bonds');
insert into Has_skill values ( 22 , 395, 0);
insert into Skill values ( 395 , 'Capital IQ');
insert into Has_skill values ( 22 , 345, 0);
insert into Skill values ( 345 , 'Bloomberg');
insert into Has_skill values ( 22 , 346, 0);
insert into Skill values ( 346 , 'Financial Modeling');
insert into Has_skill values ( 22 , 348, 0);
insert into Skill values ( 348 , 'Financial Analysis');
insert into Has_skill values ( 22 , 341, 0);
insert into Skill values ( 341 , 'Microsoft Excel');
insert into Has_skill values ( 22 , 410, 0);
insert into Skill values ( 410 , 'Series 79');
insert into Has_skill values ( 22 , 373, 0);
insert into Skill values ( 373 , 'PowerPoint');
insert into Has_skill values ( 22 , 344, 0);
insert into Skill values ( 344 , 'Capital Markets');
insert into Has_skill values ( 22 , 411, 0);
insert into Skill values ( 411 , 'Capital Structure');
insert into Has_skill values ( 22 , 370, 0);
insert into Skill values ( 370 , 'Corporate Finance');
insert into Has_skill values ( 22 , 397, 0);
insert into Skill values ( 397 , 'Equity Research');
insert into Has_skill values ( 22 , 356, 0);
insert into Skill values ( 356 , 'Equities');
insert into Employer values ( 642 , 'BlackRock');
insert into Experience values ( 22 , 642, '2014-07-01', '2014-12-15');
insert into Employer values ( 643 , 'HSBC Securities (USA) Inc.');
insert into Experience values ( 22 , 643, '2011-07-01', '2014-06-03');
insert into Employer values ( 644 , 'Boston Scientific');
insert into Experience values ( 22 , 644, '2010-05-01', '2010-08-04');

insert into User values ( 23 , 'Yang' , '(Young) Lu', 452, 0, 'Financial Services');
insert into Education values ( 23 , 128 , 203 , 'BS', '2009 – 2012', '2009 – 2012');
insert into University values ( 128 , 'Indiana University - Kelley School of Business');
insert into Education values ( 23 , 129 , 203 , 'BS', '2008 – 2009', '2008 – 2009');
insert into University values ( 129 , 'Illinois Institute of Technology');
insert into Has_skill values ( 23 , 375, 0);
insert into Skill values ( 375 , 'Accounting');
insert into Has_skill values ( 23 , 349, 0);
insert into Skill values ( 349 , 'Valuation');
insert into Has_skill values ( 23 , 348, 0);
insert into Skill values ( 348 , 'Financial Analysis');
insert into Has_skill values ( 23 , 370, 0);
insert into Skill values ( 370 , 'Corporate Finance');
insert into Has_skill values ( 23 , 346, 0);
insert into Skill values ( 346 , 'Financial Modeling');
insert into Has_skill values ( 23 , 369, 0);
insert into Skill values ( 369 , 'Mergers & Acquisitions');
insert into Has_skill values ( 23 , 412, 0);
insert into Skill values ( 412 , 'Financial Reporting');
insert into Has_skill values ( 23 , 413, 0);
insert into Skill values ( 413 , 'Business Valuation');
insert into Has_skill values ( 23 , 414, 0);
insert into Skill values ( 414 , 'Financial Accounting');
insert into Has_skill values ( 23 , 359, 0);
insert into Skill values ( 359 , 'Due Diligence');
insert into Has_skill values ( 23 , 403, 0);
insert into Skill values ( 403 , 'Analysis');
insert into Member_of values ( 23 , 462);
insert into Groups values ( 462 , 'IU Kelley School of Business Alumni Association (Official)', 0);
insert into Member_of values ( 23 , 463);
insert into Groups values ( 463 , 'Indiana University Alumni Association', 0);
insert into Member_of values ( 23 , 464);
insert into Groups values ( 464 , 'Global Mergers & Acquisitions Association | M&A', 0);
insert into Member_of values ( 23 , 465);
insert into Groups values ( 465 , '上海海归协会(Shanghai Fraternity & Harmony Chinese Returnees Group)', 0);
insert into Member_of values ( 23 , 466);
insert into Groups values ( 466 , 'Financial Analyst Club Worldwide', 0);
insert into Member_of values ( 23 , 467);
insert into Groups values ( 467 , 'Transaction Services', 0);
insert into Knows_language values ( 23 , 506);
insert into Languages values ( 506 , 'Mandarin');
insert into Knows_language values ( 23 , 507);
insert into Languages values ( 507 , 'Cantonese');
insert into Knows_language values ( 23 , 508);
insert into Languages values ( 508 , 'Japanese');
insert into Knows_language values ( 23 , 501);
insert into Languages values ( 501 , 'English');
insert into Employer values ( 645 , 'PwC');
insert into Experience values ( 23 , 645, '2012-09-01', '2014-12-15');
insert into Employer values ( 646 , 'Alibaba Libra Capital');
insert into Experience values ( 23 , 646, '2012-07-01', '2012-09-03');
insert into Employer values ( 647 , 'PricewaterhouseCoopers');
insert into Experience values ( 23 , 647, '2011-01-01', '2011-04-04');
insert into Employer values ( 648 , 'Shanghai Gold Exchange Center');
insert into Experience values ( 23 , 648, '2009-06-01', '2009-08-03');
insert into Employer values ( 649 , 'Museum of Science and Industry');
insert into Experience values ( 23 , 649, '2008-03-01', '2008-08-06');

insert into User values ( 24 , 'Alice' , 'Zhou', 304, 0, 'Financial Services');
insert into Education values ( 24 , 130 , 200 , 'Masters Degree', '2014 – 2015 (expected)', '2014 – 2015 (expected)');
insert into University values ( 130 , 'Indiana University Bloomington');
insert into Education values ( 24 , 130 , 214 , 'Bachelor of Science (BS)', '2010 – 2014', '2010 – 2014');
insert into University values ( 130 , 'Indiana University Bloomington');
insert into Has_skill values ( 24 , 341, 0);
insert into Skill values ( 341 , 'Microsoft Excel');
insert into Has_skill values ( 24 , 415, 0);
insert into Skill values ( 415 , 'Access');
insert into Has_skill values ( 24 , 373, 0);
insert into Skill values ( 373 , 'PowerPoint');
insert into Has_skill values ( 24 , 375, 0);
insert into Skill values ( 375 , 'Accounting');
insert into Has_skill values ( 24 , 346, 0);
insert into Skill values ( 346 , 'Financial Modeling');
insert into Has_skill values ( 24 , 372, 0);
insert into Skill values ( 372 , 'Data Analysis');
insert into Has_skill values ( 24 , 416, 0);
insert into Skill values ( 416 , 'Fundraising');
insert into Has_skill values ( 24 , 417, 0);
insert into Skill values ( 417 , 'Management');
insert into Has_skill values ( 24 , 348, 0);
insert into Skill values ( 348 , 'Financial Analysis');
insert into Has_skill values ( 24 , 418, 0);
insert into Skill values ( 418 , 'Tax');
insert into Has_skill values ( 24 , 419, 0);
insert into Skill values ( 419 , 'Training');
insert into Has_skill values ( 24 , 420, 0);
insert into Skill values ( 420 , 'Auditing');
insert into Has_skill values ( 24 , 403, 0);
insert into Skill values ( 403 , 'Analysis');
insert into Has_skill values ( 24 , 398, 0);
insert into Skill values ( 398 , 'Finance');
insert into Has_skill values ( 24 , 421, 0);
insert into Skill values ( 421 , 'Time Management');
insert into Has_skill values ( 24 , 316, 0);
insert into Skill values ( 316 , 'Research');
insert into Has_skill values ( 24 , 422, 0);
insert into Skill values ( 422 , 'Public Speaking');
insert into Member_of values ( 24 , 468);
insert into Groups values ( 468 , 'Kelley School of Business at Indiana University', 0);
insert into Member_of values ( 24 , 469);
insert into Groups values ( 469 , 'Kelley School of Business, IU', 0);
insert into Member_of values ( 24 , 470);
insert into Groups values ( 470 , 'Ascend Indiana University Bloomington Chapter', 0);
insert into Member_of values ( 24 , 471);
insert into Groups values ( 471 , 'Indiana University - Bloomington', 0);
insert into Member_of values ( 24 , 472);
insert into Groups values ( 472 , 'Indiana University Alumni Network', 0);
insert into Member_of values ( 24 , 473);
insert into Groups values ( 473 , 'Ascend', 0);
insert into Member_of values ( 24 , 474);
insert into Groups values ( 474 , 'Accounting & Finance Careers and Employment', 0);
insert into Knows_language values ( 24 , 501);
insert into Languages values ( 501 , 'English');
insert into Knows_language values ( 24 , 506);
insert into Languages values ( 506 , 'Mandarin');
insert into Employer values ( 650 , 'Indiana University Kelley School of Business');
insert into Experience values ( 24 , 650, '2014-08-01', '2014-12-15');
insert into Employer values ( 651 , 'Ascend');
insert into Experience values ( 24 , 651, '2014-08-01', '2014-12-15');
insert into Employer values ( 652 , 'LOréal');
insert into Experience values ( 24 , 652, '2014-06-01', '2014-08-03');
insert into Employer values ( 653 , 'United Way of America');
insert into Experience values ( 24 , 653, '2013-11-01', '2014-05-07');
insert into Employer values ( 650 , 'Indiana University Kelley School of Business');
insert into Experience values ( 24 , 650, '2012-01-01', '2012-05-05');
insert into Employer values ( 654 , 'Industrial and Commercial Bank of China (ICBC) Financial Services LLC');
insert into Experience values ( 24 , 654, '2011-06-01', '2011-09-04');

insert into User values ( 25 , 'Yujia' , '(Molly) Cheng', 245, 0, 'Accounting');
insert into Education values ( 25 , 128 , 200 , 'Masters Degree', '2014 – 2015 (expected)', '2014 – 2015 (expected)');
insert into University values ( 128 , 'Indiana University - Kelley School of Business');
insert into Education values ( 25 , 128 , 215 , 'Bachelors Degree', '2010 – 2014', '2010 – 2014');
insert into University values ( 128 , 'Indiana University - Kelley School of Business');
insert into Has_skill values ( 25 , 417, 0);
insert into Skill values ( 417 , 'Management');
insert into Has_skill values ( 25 , 423, 0);
insert into Skill values ( 423 , 'Leadership');
insert into Has_skill values ( 25 , 424, 0);
insert into Skill values ( 424 , 'Budgets');
insert into Has_skill values ( 25 , 341, 0);
insert into Skill values ( 341 , 'Microsoft Excel');
insert into Has_skill values ( 25 , 375, 0);
insert into Skill values ( 375 , 'Accounting');
insert into Has_skill values ( 25 , 373, 0);
insert into Skill values ( 373 , 'PowerPoint');
insert into Has_skill values ( 25 , 425, 0);
insert into Skill values ( 425 , 'Microsoft Word');
insert into Has_skill values ( 25 , 336, 0);
insert into Skill values ( 336 , 'Microsoft Office');
insert into Has_skill values ( 25 , 426, 0);
insert into Skill values ( 426 , 'Teamwork');
insert into Has_skill values ( 25 , 422, 0);
insert into Skill values ( 422 , 'Public Speaking');
insert into Has_skill values ( 25 , 427, 0);
insert into Skill values ( 427 , 'Customer Service');
insert into Has_skill values ( 25 , 421, 0);
insert into Skill values ( 421 , 'Time Management');
insert into Has_skill values ( 25 , 316, 0);
insert into Skill values ( 316 , 'Research');
insert into Has_skill values ( 25 , 372, 0);
insert into Skill values ( 372 , 'Data Analysis');
insert into Has_skill values ( 25 , 428, 0);
insert into Skill values ( 428 , 'Social Media');
insert into Has_skill values ( 25 , 429, 0);
insert into Skill values ( 429 , 'Tax Preparation');
insert into Has_skill values ( 25 , 412, 0);
insert into Skill values ( 412 , 'Financial Reporting');
insert into Has_skill values ( 25 , 430, 0);
insert into Skill values ( 430 , 'Team Leadership');
insert into Has_skill values ( 25 , 431, 0);
insert into Skill values ( 431 , 'English');
insert into Has_skill values ( 25 , 415, 0);
insert into Skill values ( 415 , 'Access');
insert into Has_skill values ( 25 , 348, 0);
insert into Skill values ( 348 , 'Financial Analysis');
insert into Has_skill values ( 25 , 414, 0);
insert into Skill values ( 414 , 'Financial Accounting');
insert into Has_skill values ( 25 , 420, 0);
insert into Skill values ( 420 , 'Auditing');
insert into Has_skill values ( 25 , 432, 0);
insert into Skill values ( 432 , 'Communication');
insert into Has_skill values ( 25 , 398, 0);
insert into Skill values ( 398 , 'Finance');
insert into Has_skill values ( 25 , 433, 0);
insert into Skill values ( 433 , 'Nonprofits');
insert into Has_skill values ( 25 , 318, 0);
insert into Skill values ( 318 , 'Teaching');
insert into Has_skill values ( 25 , 403, 0);
insert into Skill values ( 403 , 'Analysis');
insert into Member_of values ( 25 , 475);
insert into Groups values ( 475 , 'Indiana University - Kelley School of Business Alumni', 0);
insert into Member_of values ( 25 , 472);
insert into Groups values ( 472 , 'Indiana University Alumni Network', 0);
insert into Member_of values ( 25 , 476);
insert into Groups values ( 476 , 'Job Openings for OPT/CPT Students - North America', 0);
insert into Member_of values ( 25 , 477);
insert into Groups values ( 477 , 'Houston Energy/Oil & Gas Accounting/Finance Network', 0);
insert into Member_of values ( 25 , 478);
insert into Groups values ( 478 , 'IU Alumni', 0);
insert into Member_of values ( 25 , 479);
insert into Groups values ( 479 , 'EY', 0);
insert into Member_of values ( 25 , 480);
insert into Groups values ( 480 , 'Accounting and Finance Professionals of Houston', 0);
insert into Member_of values ( 25 , 481);
insert into Groups values ( 481 , 'Kelley School of Business Alumni', 0);
insert into Member_of values ( 25 , 482);
insert into Groups values ( 482 , 'PricewaterhouseCoopers LLP (PwC US)', 0);
insert into Member_of values ( 25 , 483);
insert into Groups values ( 483 , 'Lean In Community', 0);
insert into Member_of values ( 25 , 462);
insert into Groups values ( 462 , 'IU Kelley School of Business Alumni Association (Official)', 0);
insert into Member_of values ( 25 , 484);
insert into Groups values ( 484 , '华人职场', 0);
insert into Member_of values ( 25 , 485);
insert into Groups values ( 485 , '华人事业互助会', 0);
insert into Employer values ( 655 , 'Helping Others Help Others Inc.');
insert into Experience values ( 25 , 655, '2014-05-01', '2014-12-15');
insert into Employer values ( 656 , 'Crisis Pregnancy Center');
insert into Experience values ( 25 , 656, '2014-05-01', '2014-12-15');
insert into Employer values ( 657 , 'Indiana University Residential Programs and Services');
insert into Experience values ( 25 , 657, '2013-08-01', '2014-05-10');
insert into Employer values ( 658 , 'The Center for the Study of Global Change, Indiana University');
insert into Experience values ( 25 , 658, '2011-08-01', '2013-05-01');
insert into Employer values ( 659 , 'Global Microfinance Brigades');
insert into Experience values ( 25 , 659, '2012-03-01', '2012-03-01');
insert into Employer values ( 653 , 'United Way of America');
insert into Experience values ( 25 , 653, '2012-01-01', '2012-03-03');

insert into User values ( 26 , 'Minnie' , 'Li', 435, 0, 'Financial Services');
insert into Education values ( 26 , 128 , 202 , '', '2010 – 2014', '2010 – 2014');
insert into University values ( 128 , 'Indiana University - Kelley School of Business');
insert into Education values ( 26 , 131 , 202 , '', '2010 – 2014', '2010 – 2014');
insert into University values ( 131 , 'Indiana University - School of Public and Environmental Affairs (SPEA)');
insert into Education values ( 26 , 132 , 202 , '', '2011 – 2011', '2011 – 2011');
insert into University values ( 132 , 'University of California, Berkeley');
insert into Member_of values ( 26 , 481);
insert into Groups values ( 481 , 'Kelley School of Business Alumni', 0);
insert into Member_of values ( 26 , 486);
insert into Groups values ( 486 , 'School of Public and Environmental Affairs -- Indiana University', 0);
insert into Member_of values ( 26 , 472);
insert into Groups values ( 472 , 'Indiana University Alumni Network', 0);
insert into Knows_language values ( 26 , 506);
insert into Languages values ( 506 , 'Mandarin');
insert into Knows_language values ( 26 , 507);
insert into Languages values ( 507 , 'Cantonese');

insert into User values ( 27 , 'Xiaoyi' , 'Minnie Li', 142, 0, 'Accounting');
insert into Education values ( 27 , 133 , 216 , 'Bachelor of Commerce (B.Com.)', '2011 – 2012', '2011 – 2012');
insert into University values ( 133 , 'National University of Ireland, Galway');
insert into Education values ( 27 , 134 , 217 , 'Diploma in business studies and international hotel management', '2008 – 2011', '2008 – 2011');
insert into University values ( 134 , 'Shannon College of Hotel Management');
insert into Has_skill values ( 27 , 434, 0);
insert into Skill values ( 434 , 'Food & Beverage');
insert into Has_skill values ( 27 , 427, 0);
insert into Skill values ( 427 , 'Customer Service');
insert into Has_skill values ( 27 , 435, 0);
insert into Skill values ( 435 , 'Restaurants');
insert into Has_skill values ( 27 , 336, 0);
insert into Skill values ( 336 , 'Microsoft Office');
insert into Has_skill values ( 27 , 426, 0);
insert into Skill values ( 426 , 'Teamwork');
insert into Has_skill values ( 27 , 436, 0);
insert into Skill values ( 436 , 'Micros');
insert into Has_skill values ( 27 , 414, 0);
insert into Skill values ( 414 , 'Financial Accounting');
insert into Has_skill values ( 27 , 341, 0);
insert into Skill values ( 341 , 'Microsoft Excel');
insert into Has_skill values ( 27 , 422, 0);
insert into Skill values ( 422 , 'Public Speaking');
insert into Has_skill values ( 27 , 437, 0);
insert into Skill values ( 437 , 'Front Office');
insert into Has_skill values ( 27 , 438, 0);
insert into Skill values ( 438 , 'Hospitality Management');
insert into Has_skill values ( 27 , 439, 0);
insert into Skill values ( 439 , 'Hotel Management');
insert into Has_skill values ( 27 , 440, 0);
insert into Skill values ( 440 , 'Hospitality');
insert into Has_skill values ( 27 , 441, 0);
insert into Skill values ( 441 , 'Hospitality Industry');
insert into Member_of values ( 27 , 487);
insert into Groups values ( 487 , 'National University of Ireland Galway', 0);
insert into Member_of values ( 27 , 488);
insert into Groups values ( 488 , 'JE Cairnes School of Business & Economics', 0);
insert into Member_of values ( 27 , 489);
insert into Groups values ( 489 , 'Accounting & Finance Professionals in Ireland', 0);
insert into Member_of values ( 27 , 490);
insert into Groups values ( 490 , 'Shannon College of Hotel Management Alumni (SCHM alumni only)', 0);
insert into Employer values ( 660 , 'Deloitte Ireland');
insert into Experience values ( 27 , 660, '2012-10-01', '2014-12-15');
insert into Employer values ( 661 , 'Clontarf Castle Hotel');
insert into Experience values ( 27 , 661, '2010-05-01', '2010-09-05');
insert into Employer values ( 662 , 'Killarney Park Hotel');
insert into Experience values ( 27 , 662, '2009-07-01', '2010-01-07');

insert into User values ( 28 , 'Siyu' , 'Deng', 70, 0, 'Computer Software');
insert into Education values ( 28 , 135 , 218 , 'Master of Engineering Science (M.Eng.Sc.)', '2011 – 2012', '2011 – 2012');
insert into University values ( 135 , 'University College Cork');
insert into Education values ( 28 , 135 , 219 , 'Bachelor of Science (B.Sc.)', '2009 – 2011', '2009 – 2011');
insert into University values ( 135 , 'University College Cork');
insert into Education values ( 28 , 136 , 219 , 'Bachelor of Science (B.Sc.)', '2007 – 2009', '2007 – 2009');
insert into University values ( 136 , 'Guilin University of Electronic Technology');
insert into Has_skill values ( 28 , 311, 0);
insert into Skill values ( 311 , 'Java');
insert into Has_skill values ( 28 , 442, 0);
insert into Skill values ( 442 , 'SQL');
insert into Has_skill values ( 28 , 443, 0);
insert into Skill values ( 443 , 'Databases');
insert into Has_skill values ( 28 , 444, 0);
insert into Skill values ( 444 , 'Web Applications');
insert into Has_skill values ( 28 , 445, 0);
insert into Skill values ( 445 , 'RFID applications');
insert into Has_skill values ( 28 , 312, 0);
insert into Skill values ( 312 , 'Software Engineering');
insert into Has_skill values ( 28 , 446, 0);
insert into Skill values ( 446 , 'PHP');
insert into Has_skill values ( 28 , 303, 0);
insert into Skill values ( 303 , 'JavaScript');
insert into Has_skill values ( 28 , 447, 0);
insert into Skill values ( 447 , 'Eclipse');
insert into Has_skill values ( 28 , 448, 0);
insert into Skill values ( 448 , 'Oracle');
insert into Has_skill values ( 28 , 304, 0);
insert into Skill values ( 304 , 'HTML');
insert into Has_skill values ( 28 , 449, 0);
insert into Skill values ( 449 , 'GWT');
insert into Has_skill values ( 28 , 450, 0);
insert into Skill values ( 450 , 'Computer Science');
insert into Member_of values ( 28 , 491);
insert into Groups values ( 491 , 'CAMPUS 21 Project. Control and Automation Management of buildings and PUblic Spaces', 0);
insert into Knows_language values ( 28 , 501);
insert into Languages values ( 501 , 'English');
insert into Knows_language values ( 28 , 502);
insert into Languages values ( 502 , 'Chinese');
insert into Employer values ( 663 , 'University College Cork, Ireland (UCC)');
insert into Experience values ( 28 , 663, '2012-10-01', '2014-12-15');
insert into Employer values ( 663 , 'University College Cork, Ireland (UCC)');
insert into Experience values ( 28 , 663, '2011-09-01', '2012-09-01');
insert into Employer values ( 664 , 'ITOBO');
insert into Experience values ( 28 , 664, '2011-06-01', '2011-08-03');
insert into Employer values ( 665 , 'Centre for Unified Computing');
insert into Experience values ( 28 , 665, '2010-09-01', '2011-04-08');
insert into Employer values ( 666 , 'HRLocker');
insert into Experience values ( 28 , 666, '2010-04-01', '2010-08-05');

insert into User values ( 29 , 'Patricia' , 'Finucane', 65, 0, 'Higher Education');
insert into Education values ( 29 , 135 , 220 , 'Bachelor of Arts (B.A.)', '1995 – 1998', '1995 – 1998');
insert into University values ( 135 , 'University College Cork');
insert into Education values ( 29 , 137 , 221 , 'Diploma in Public Relations', '2002 – 2004', '2002 – 2004');
insert into University values ( 137 , 'Public Relations Institute of Ireland (PRII)');
insert into Has_skill values ( 29 , 451, 0);
insert into Skill values ( 451 , 'Interpersonal Skills');
insert into Has_skill values ( 29 , 452, 0);
insert into Skill values ( 452 , 'Events Management');
insert into Has_skill values ( 29 , 432, 0);
insert into Skill values ( 432 , 'Communication');
insert into Has_skill values ( 29 , 453, 0);
insert into Skill values ( 453 , 'Flexible Approach');
insert into Has_skill values ( 29 , 454, 0);
insert into Skill values ( 454 , 'Team player');
insert into Has_skill values ( 29 , 455, 0);
insert into Skill values ( 455 , 'Initiative');
insert into Has_skill values ( 29 , 456, 0);
insert into Skill values ( 456 , 'Collaboration');
insert into Has_skill values ( 29 , 457, 0);
insert into Skill values ( 457 , 'Administration');
insert into Has_skill values ( 29 , 458, 0);
insert into Skill values ( 458 , 'IT skills');
insert into Has_skill values ( 29 , 459, 0);
insert into Skill values ( 459 , 'Event Management');
insert into Has_skill values ( 29 , 417, 0);
insert into Skill values ( 417 , 'Management');
insert into Has_skill values ( 29 , 423, 0);
insert into Skill values ( 423 , 'Leadership');
insert into Member_of values ( 29 , 492);
insert into Groups values ( 492 , 'Irish Recruiters', 0);
insert into Member_of values ( 29 , 493);
insert into Groups values ( 493 , 'Ireland Business and Professional Network', 0);
insert into Member_of values ( 29 , 494);
insert into Groups values ( 494 , 'Musgrave Graduate Forum', 0);
insert into Member_of values ( 29 , 495);
insert into Groups values ( 495 , 'University College Cork Alumni Network', 0);
insert into Member_of values ( 29 , 496);
insert into Groups values ( 496 , 'it@cork, European Tech Cluster', 0);
insert into Member_of values ( 29 , 497);
insert into Groups values ( 497 , 'Cork Chamber / Cork Chamber of Commerce', 0);
insert into Member_of values ( 29 , 498);
insert into Groups values ( 498 , 'UCC Computer Science Alumni', 0);
insert into Knows_language values ( 29 , 501);
insert into Languages values ( 501 , 'English');
insert into Employer values ( 667 , 'UCC Career Services');
insert into Experience values ( 29 , 667, '2014-10-01', '2014-12-15');
insert into Employer values ( 663 , 'University College Cork, Ireland (UCC)');
insert into Experience values ( 29 , 663, '2007-04-01', '2014-12-15');
insert into Employer values ( 668 , 'University College Cork');
insert into Experience values ( 29 , 668, '2000-06-01', '2007-04-06');
insert into Employer values ( 669 , 'Cork County Council');
insert into Experience values ( 29 , 669, '2000-01-01', '2000-06-06');
insert into Employer values ( 670 , 'City of Cork VEC');
insert into Experience values ( 29 , 670, '1999-09-01', '2000-01-05');
insert into Employer values ( 671 , 'Cork City Council');
insert into Experience values ( 29 , 671, '1999-06-01', '1999-09-04');
insert into Employer values ( 670 , 'City of Cork VEC');
insert into Experience values ( 29 , 670, '1999-02-01', '1999-06-01');

insert into User values ( 30 , 'Maria' , 'O Brien', 17, 0, 'Financial Services');
insert into Education values ( 30 , 138 , 222 , 'Bachelor of Commerce (BCom)', '2011 – 2014', '2011 – 2014');
insert into University values ( 138 , 'UCC, Univercity College Cork');
insert into Education values ( 30 , 139 , 223 , 'FETAC Levels 5 & 6', '2008 – 2011', '2008 – 2011');
insert into University values ( 139 , 'CSN');
insert into Education values ( 30 , 140 , 202 , '', '1976 – 1985', '1976 – 1985');
insert into University values ( 140 , 'Abroad, Mexico');
insert into Education values ( 30 , 141 , 224 , 'Primary & Secondary Education', '', '');
insert into University values ( 141 , 'Escuela Primaria, Jose Lopez Portillo & Escuela Secundaria, Marte R. Gomez');
insert into Knows_language values ( 30 , 501);
insert into Languages values ( 501 , 'English');
insert into Knows_language values ( 30 , 503);
insert into Languages values ( 503 , 'Spanish');
insert into Employer values ( 672 , 'FIC, Financial Independent Corporation');
insert into Experience values ( 30 , 672, '2010-06-01', '2014-12-15');
insert into Employer values ( 673 , 'Kudos Creative Company');
insert into Experience values ( 30 , 673, '2007-07-01', '2009-11-02');

insert into User values ( 31 , 'Liam' , 'Higgins', 85, 0, 'Information Technology and Services');
insert into Education values ( 31 , 135 , 225 , 'MBS Information Systems for Business Performance', '2013 – 2014', '2013 – 2014');
insert into University values ( 135 , 'University College Cork');
insert into Education values ( 31 , 135 , 220 , 'Bachelor of Arts (B.A.)', '2010 – 2013', '2010 – 2013');
insert into University values ( 135 , 'University College Cork');
insert into Education values ( 31 , 142 , 226 , 'Leaving Certificate', '2004 – 2010', '2004 – 2010');
insert into University values ( 142 , 'Midleton CBS Cork');
insert into Has_skill values ( 31 , 426, 0);
insert into Skill values ( 426 , 'Teamwork');
insert into Has_skill values ( 31 , 460, 0);
insert into Skill values ( 460 , 'Organization');
insert into Has_skill values ( 31 , 461, 0);
insert into Skill values ( 461 , 'Work Ethic');
insert into Has_skill values ( 31 , 462, 0);
insert into Skill values ( 462 , 'Hotels');
insert into Has_skill values ( 31 , 316, 0);
insert into Skill values ( 316 , 'Research');
insert into Has_skill values ( 31 , 372, 0);
insert into Skill values ( 372 , 'Data Analysis');
insert into Has_skill values ( 31 , 427, 0);
insert into Skill values ( 427 , 'Customer Service');
insert into Has_skill values ( 31 , 417, 0);
insert into Skill values ( 417 , 'Management');
insert into Has_skill values ( 31 , 425, 0);
insert into Skill values ( 425 , 'Microsoft Word');
insert into Has_skill values ( 31 , 341, 0);
insert into Skill values ( 341 , 'Microsoft Excel');
insert into Has_skill values ( 31 , 463, 0);
insert into Skill values ( 463 , 'Customer Satisfaction');
insert into Has_skill values ( 31 , 432, 0);
insert into Skill values ( 432 , 'Communication');
insert into Member_of values ( 31 , 499);
insert into Groups values ( 499 , 'BIS Alumni Association (University College Cork)', 0);
insert into Member_of values ( 31 , 500);
insert into Groups values ( 500 , 'Jobs in London', 0);
insert into Member_of values ( 31 , 501);
insert into Groups values ( 501 , 'Irish Distillers Pernod Ricard - Opportunity Group', 0);
insert into Member_of values ( 31 , 502);
insert into Groups values ( 502 , 'Business Analysis Mentor', 0);
insert into Member_of values ( 31 , 503);
insert into Groups values ( 503 , 'gradireland Graduate Careers Network', 0);
insert into Member_of values ( 31 , 504);
insert into Groups values ( 504 , 'IT Ireland', 0);
insert into Member_of values ( 31 , 505);
insert into Groups values ( 505 , 'Technical Business Analyst Forum', 0);
insert into Member_of values ( 31 , 506);
insert into Groups values ( 506 , 'Harvard Business Review', 0);
insert into Member_of values ( 31 , 507);
insert into Groups values ( 507 , 'Cork - UCC Alumni Chapter', 0);
insert into Member_of values ( 31 , 508);
insert into Groups values ( 508 , 'IIBA (International Institute of Business Analysis)', 0);
insert into Member_of values ( 31 , 509);
insert into Groups values ( 509 , 'MBS ISBP 2013/2014', 0);
insert into Member_of values ( 31 , 495);
insert into Groups values ( 495 , 'University College Cork Alumni Network', 0);
insert into Member_of values ( 31 , 510);
insert into Groups values ( 510 , 'Intel Student Lounge', 0);
insert into Member_of values ( 31 , 511);
insert into Groups values ( 511 , '100K+ IT Sales Pros UK', 0);
insert into Member_of values ( 31 , 512);
insert into Groups values ( 512 , 'Cork Entrepreneurs', 0);
insert into Member_of values ( 31 , 513);
insert into Groups values ( 513 , 'Business Analysts', 0);
insert into Knows_language values ( 31 , 509);
insert into Languages values ( 509 , 'French');
insert into Knows_language values ( 31 , 510);
insert into Languages values ( 510 , 'Irish');
insert into Employer values ( 674 , 'State Street');
insert into Experience values ( 31 , 674, '2014-11-01', '2014-12-15');
insert into Employer values ( 675 , 'Strategy Insights');
insert into Experience values ( 31 , 675, '2014-08-01', '2014-10-03');
insert into Employer values ( 676 , 'Castlemartyr Resort');
insert into Experience values ( 31 , 676, '2009-06-01', '2010-09-01');
insert into Employer values ( 677 , 'O Neils Bar, Midleton');
insert into Experience values ( 31 , 677, '2008-05-01', '2008-09-05');

insert into User values ( 32 , 'Kieran' , 'McCarthy', 198, 0, 'Information Technology and Services');
insert into Education values ( 32 , 135 , 200 , 'Masters Degree', '2013 – 2014', '2013 – 2014');
insert into University values ( 135 , 'University College Cork');
insert into Education values ( 32 , 143 , 227 , 'Bachelor of Business Studies', '1995 – 1999', '1995 – 1999');
insert into University values ( 143 , 'Cork Institute of Technology');
insert into Education values ( 32 , 144 , 202 , '', '1989 – 1995', '1989 – 1995');
insert into University values ( 144 , 'Clonakilty Community College');
insert into Has_skill values ( 32 , 379, 0);
insert into Skill values ( 379 , 'Business Development');
insert into Has_skill values ( 32 , 464, 0);
insert into Skill values ( 464 , 'Business Intelligence');
insert into Has_skill values ( 32 , 465, 0);
insert into Skill values ( 465 , 'Retail');
insert into Has_skill values ( 32 , 466, 0);
insert into Skill values ( 466 , 'Sales');
insert into Has_skill values ( 32 , 417, 0);
insert into Skill values ( 417 , 'Management');
insert into Has_skill values ( 32 , 467, 0);
insert into Skill values ( 467 , 'Key Account Management');
insert into Has_skill values ( 32 , 468, 0);
insert into Skill values ( 468 , 'Market Planning');
insert into Has_skill values ( 32 , 469, 0);
insert into Skill values ( 469 , 'Sales Operations');
insert into Has_skill values ( 32 , 470, 0);
insert into Skill values ( 470 , 'Marketing Management');
insert into Has_skill values ( 32 , 471, 0);
insert into Skill values ( 471 , 'CRM');
insert into Has_skill values ( 32 , 472, 0);
insert into Skill values ( 472 , 'Outsourcing');
insert into Has_skill values ( 32 , 473, 0);
insert into Skill values ( 473 , 'Selling');
insert into Has_skill values ( 32 , 474, 0);
insert into Skill values ( 474 , 'FMCG');
insert into Has_skill values ( 32 , 475, 0);
insert into Skill values ( 475 , 'Market Analysis');
insert into Has_skill values ( 32 , 476, 0);
insert into Skill values ( 476 , 'Merchandising');
insert into Has_skill values ( 32 , 477, 0);
insert into Skill values ( 477 , 'Market Research');
insert into Has_skill values ( 32 , 421, 0);
insert into Skill values ( 421 , 'Time Management');
insert into Has_skill values ( 32 , 478, 0);
insert into Skill values ( 478 , 'Team Management');
insert into Has_skill values ( 32 , 479, 0);
insert into Skill values ( 479 , 'Account Management');
insert into Has_skill values ( 32 , 480, 0);
insert into Skill values ( 480 , 'Sales Management');
insert into Has_skill values ( 32 , 384, 0);
insert into Skill values ( 384 , 'Competitive Analysis');
insert into Has_skill values ( 32 , 481, 0);
insert into Skill values ( 481 , 'E-commerce');
insert into Has_skill values ( 32 , 336, 0);
insert into Skill values ( 336 , 'Microsoft Office');
insert into Has_skill values ( 32 , 482, 0);
insert into Skill values ( 482 , 'Siebel');
insert into Has_skill values ( 32 , 483, 0);
insert into Skill values ( 483 , 'Trade Marketing');
insert into Has_skill values ( 32 , 484, 0);
insert into Skill values ( 484 , 'Key Account Development');
insert into Has_skill values ( 32 , 485, 0);
insert into Skill values ( 485 , 'Brand Management');
insert into Has_skill values ( 32 , 486, 0);
insert into Skill values ( 486 , 'AC Nielsen');
insert into Has_skill values ( 32 , 487, 0);
insert into Skill values ( 487 , 'Incentive Programs');
insert into Has_skill values ( 32 , 488, 0);
insert into Skill values ( 488 , 'Inventory Management');
insert into Has_skill values ( 32 , 489, 0);
insert into Skill values ( 489 , 'Forecasting');
insert into Has_skill values ( 32 , 490, 0);
insert into Skill values ( 490 , 'Sales Process');
insert into Has_skill values ( 32 , 491, 0);
insert into Skill values ( 491 , 'Business Planning');
insert into Has_skill values ( 32 , 492, 0);
insert into Skill values ( 492 , 'Product Marketing');
insert into Has_skill values ( 32 , 493, 0);
insert into Skill values ( 493 , 'Direct Sales');
insert into Has_skill values ( 32 , 494, 0);
insert into Skill values ( 494 , 'Strategy');
insert into Has_skill values ( 32 , 495, 0);
insert into Skill values ( 495 , 'Marketing Strategy');
insert into Has_skill values ( 32 , 352, 0);
insert into Skill values ( 352 , 'Marketing');
insert into Has_skill values ( 32 , 383, 0);
insert into Skill values ( 383 , 'Business Analysis');
insert into Has_skill values ( 32 , 496, 0);
insert into Skill values ( 496 , 'Oracle SQL Developer');
insert into Has_skill values ( 32 , 497, 0);
insert into Skill values ( 497 , 'Visio');
insert into Has_skill values ( 32 , 415, 0);
insert into Skill values ( 415 , 'Access');
insert into Has_skill values ( 32 , 426, 0);
insert into Skill values ( 426 , 'Teamwork');
insert into Has_skill values ( 32 , 372, 0);
insert into Skill values ( 372 , 'Data Analysis');
insert into Has_skill values ( 32 , 498, 0);
insert into Skill values ( 498 , 'Project Planning');
insert into Has_skill values ( 32 , 353, 0);
insert into Skill values ( 353 , 'Project Management');
insert into Has_skill values ( 32 , 443, 0);
insert into Skill values ( 443 , 'Databases');
insert into Has_skill values ( 32 , 442, 0);
insert into Skill values ( 442 , 'SQL');
insert into Has_skill values ( 32 , 423, 0);
insert into Skill values ( 423 , 'Leadership');
insert into Has_skill values ( 32 , 347, 0);
insert into Skill values ( 347 , 'Business Strategy');
insert into Employer values ( 668 , 'University College Cork');
insert into Experience values ( 32 , 668, '2013-09-01', '2014-08-01');
insert into Employer values ( 678 , 'Imperial Tobacco (John Player)');
insert into Experience values ( 32 , 678, '2005-05-01', '2013-07-08');
insert into Employer values ( 679 , 'Musgrave Market Place');
insert into Experience values ( 32 , 679, '2001-11-01', '2005-05-03');

insert into User values ( 33 , 'Ian' , 'Healy', 119, 0, '');
insert into Education values ( 33 , 135 , 228 , 'Masters in Information Systems for Business Performance', '2013 – 2014', '2013 – 2014');
insert into University values ( 135 , 'University College Cork');
insert into Education values ( 33 , 143 , 202 , '', '2009 – 2010', '2009 – 2010');
insert into University values ( 143 , 'Cork Institute of Technology');
insert into Education values ( 33 , 143 , 202 , '', '2004 – 2007', '2004 – 2007');
insert into University values ( 143 , 'Cork Institute of Technology');
insert into Has_skill values ( 33 , 499, 0);
insert into Skill values ( 499 , 'Data Modeling');
insert into Has_skill values ( 33 , 336, 0);
insert into Skill values ( 336 , 'Microsoft Office');
insert into Has_skill values ( 33 , 442, 0);
insert into Skill values ( 442 , 'SQL');
insert into Has_skill values ( 33 , 500, 0);
insert into Skill values ( 500 , 'Programming');
insert into Has_skill values ( 33 , 311, 0);
insert into Skill values ( 311 , 'Java');
insert into Has_skill values ( 33 , 472, 0);
insert into Skill values ( 472 , 'Outsourcing');
insert into Has_skill values ( 33 , 372, 0);
insert into Skill values ( 372 , 'Data Analysis');
insert into Has_skill values ( 33 , 303, 0);
insert into Skill values ( 303 , 'JavaScript');
insert into Has_skill values ( 33 , 464, 0);
insert into Skill values ( 464 , 'Business Intelligence');
insert into Has_skill values ( 33 , 415, 0);
insert into Skill values ( 415 , 'Access');
insert into Has_skill values ( 33 , 497, 0);
insert into Skill values ( 497 , 'Visio');
insert into Has_skill values ( 33 , 501, 0);
insert into Skill values ( 501 , 'MS Project');
insert into Has_skill values ( 33 , 502, 0);
insert into Skill values ( 502 , 'Linux');
insert into Has_skill values ( 33 , 503, 0);
insert into Skill values ( 503 , 'Visual Basic');
insert into Has_skill values ( 33 , 443, 0);
insert into Skill values ( 443 , 'Databases');
insert into Has_skill values ( 33 , 427, 0);
insert into Skill values ( 427 , 'Customer Service');
insert into Member_of values ( 33 , 499);
insert into Groups values ( 499 , 'BIS Alumni Association (University College Cork)', 0);
insert into Member_of values ( 33 , 509);
insert into Groups values ( 509 , 'MBS ISBP 2013/2014', 0);
insert into Member_of values ( 33 , 513);
insert into Groups values ( 513 , 'Business Analysts', 0);
insert into Member_of values ( 33 , 514);
insert into Groups values ( 514 , 'Cloud Storage', 0);
insert into Employer values ( 680 , 'Apple');
insert into Experience values ( 33 , 680, '2014-09-01', '2014-12-15');
insert into Employer values ( 681 , 'Kuehne + Nagel');
insert into Experience values ( 33 , 681, '2012-07-01', '2012-12-06');
insert into Employer values ( 669 , 'Cork County Council');
insert into Experience values ( 33 , 669, '2007-10-01', '2009-01-01');

insert into User values ( 34 , 'Arundathy' , 'Gireendran', 361, 0, 'Information Technology and Services');
insert into Education values ( 34 , 135 , 229 , 'Masters degree', '2013 – 2014', '2013 – 2014');
insert into University values ( 135 , 'University College Cork');
insert into Education values ( 34 , 145 , 230 , 'Bachelor of Computer Application', '2007 – 2010', '2007 – 2010');
insert into University values ( 145 , 'Baselios Poulose II Catholicos College, Kerala');
insert into Has_skill values ( 34 , 504, 0);
insert into Skill values ( 504 , 'Quality Assurance');
insert into Has_skill values ( 34 , 448, 0);
insert into Skill values ( 448 , 'Oracle');
insert into Has_skill values ( 34 , 372, 0);
insert into Skill values ( 372 , 'Data Analysis');
insert into Has_skill values ( 34 , 505, 0);
insert into Skill values ( 505 , 'Manual Testing');
insert into Has_skill values ( 34 , 442, 0);
insert into Skill values ( 442 , 'SQL');
insert into Has_skill values ( 34 , 464, 0);
insert into Skill values ( 464 , 'Business Intelligence');
insert into Has_skill values ( 34 , 312, 0);
insert into Skill values ( 312 , 'Software Engineering');
insert into Has_skill values ( 34 , 506, 0);
insert into Skill values ( 506 , 'Core Banking');
insert into Has_skill values ( 34 , 507, 0);
insert into Skill values ( 507 , 'Payment Systems');
insert into Has_skill values ( 34 , 497, 0);
insert into Skill values ( 497 , 'Visio');
insert into Has_skill values ( 34 , 508, 0);
insert into Skill values ( 508 , 'Test Planning');
insert into Has_skill values ( 34 , 509, 0);
insert into Skill values ( 509 , 'Configuration Management');
insert into Has_skill values ( 34 , 510, 0);
insert into Skill values ( 510 , 'SWIFT payments');
insert into Has_skill values ( 34 , 511, 0);
insert into Skill values ( 511 , 'Mind Mapping');
insert into Has_skill values ( 34 , 512, 0);
insert into Skill values ( 512 , 'Information System');
insert into Has_skill values ( 34 , 513, 0);
insert into Skill values ( 513 , 'Agile & Waterfall...');
insert into Has_skill values ( 34 , 514, 0);
insert into Skill values ( 514 , 'Visual Arts');
insert into Has_skill values ( 34 , 515, 0);
insert into Skill values ( 515 , 'Quality Center');
insert into Has_skill values ( 34 , 516, 0);
insert into Skill values ( 516 , 'Defect Tracking');
insert into Has_skill values ( 34 , 517, 0);
insert into Skill values ( 517 , 'Test Management');
insert into Has_skill values ( 34 , 518, 0);
insert into Skill values ( 518 , 'Six Sigma');
insert into Has_skill values ( 34 , 519, 0);
insert into Skill values ( 519 , 'Mainframe Testing');
insert into Has_skill values ( 34 , 520, 0);
insert into Skill values ( 520 , 'SWIFT Payments');
insert into Employer values ( 682 , 'Inhance Technology');
insert into Experience values ( 34 , 682, '2014-10-01', '2014-12-15');
insert into Employer values ( 683 , 'IGATE Global Solutions');
insert into Experience values ( 34 , 683, '2010-06-01', '2013-08-03');
insert into Employer values ( 684 , 'Chitralaya School of Arts');
insert into Experience values ( 34 , 684, '2007-01-01', '');

insert into User values ( 35 , 'Sri' , 'Ranga Gopinath koganti', 43, 0, 'Electrical/Electronic Manufacturing');
insert into Education values ( 35 , 143 , 231 , 'Master of Engineering (MEng)', '2011 – 2012', '2011 – 2012');
insert into University values ( 143 , 'Cork Institute of Technology');
insert into Education values ( 35 , 146 , 232 , 'Bachelor of Engineering (BEng)', '2004 – 2008', '2004 – 2008');
insert into University values ( 146 , 'JNTU Hyderabad');
insert into Has_skill values ( 35 , 336, 0);
insert into Skill values ( 336 , 'Microsoft Office');
insert into Has_skill values ( 35 , 341, 0);
insert into Skill values ( 341 , 'Microsoft Excel');
insert into Has_skill values ( 35 , 425, 0);
insert into Skill values ( 425 , 'Microsoft Word');
insert into Has_skill values ( 35 , 373, 0);
insert into Skill values ( 373 , 'PowerPoint');
insert into Has_skill values ( 35 , 431, 0);
insert into Skill values ( 431 , 'English');
insert into Has_skill values ( 35 , 521, 0);
insert into Skill values ( 521 , 'Windows');
insert into Has_skill values ( 35 , 316, 0);
insert into Skill values ( 316 , 'Research');
insert into Has_skill values ( 35 , 522, 0);
insert into Skill values ( 522 , 'Outlook');
insert into Has_skill values ( 35 , 318, 0);
insert into Skill values ( 318 , 'Teaching');
insert into Has_skill values ( 35 , 422, 0);
insert into Skill values ( 422 , 'Public Speaking');
insert into Has_skill values ( 35 , 523, 0);
insert into Skill values ( 523 , 'Core Java');
insert into Has_skill values ( 35 , 302, 0);
insert into Skill values ( 302 , 'Python');
insert into Has_skill values ( 35 , 304, 0);
insert into Skill values ( 304 , 'HTML');
insert into Has_skill values ( 35 , 524, 0);
insert into Skill values ( 524 , 'Embedded C');
insert into Has_skill values ( 35 , 525, 0);
insert into Skill values ( 525 , 'Embedded Systems');
insert into Member_of values ( 35 , 515);
insert into Groups values ( 515 , 'Ireland India Business Association', 0);
insert into Knows_language values ( 35 , 511);
insert into Languages values ( 511 , 'Hindi,Telugu, English.');
insert into Employer values ( 685 , 'ODG Technologies');
insert into Experience values ( 35 , 685, '2012-04-01', '2014-12-15');

insert into User values ( 36 , 'James' , 'Nagle', 186, 0, 'Information Technology and Services');
insert into Education values ( 36 , 135 , 200 , 'Masters Degree', '2013 – 2014', '2013 – 2014');
insert into University values ( 135 , 'University College Cork');
insert into Education values ( 36 , 135 , 233 , 'Higher Diploma in Applied Computing Technology', '2011 – 2012', '2011 – 2012');
insert into University values ( 135 , 'University College Cork');
insert into Has_skill values ( 36 , 417, 0);
insert into Skill values ( 417 , 'Management');
insert into Has_skill values ( 36 , 428, 0);
insert into Skill values ( 428 , 'Social Media');
insert into Has_skill values ( 36 , 352, 0);
insert into Skill values ( 352 , 'Marketing');
insert into Has_skill values ( 36 , 422, 0);
insert into Skill values ( 422 , 'Public Speaking');
insert into Has_skill values ( 36 , 423, 0);
insert into Skill values ( 423 , 'Leadership');
insert into Has_skill values ( 36 , 396, 0);
insert into Skill values ( 396 , 'Entrepreneurship');
insert into Has_skill values ( 36 , 526, 0);
insert into Skill values ( 526 , 'Cryptography');
insert into Member_of values ( 36 , 516);
insert into Groups values ( 516 , 'Bitcoin P2P Digital Currency', 0);
insert into Member_of values ( 36 , 517);
insert into Groups values ( 517 , 'On Startups - The Community For Entrepreneurs', 0);
insert into Knows_language values ( 36 , 512);
insert into Languages values ( 512 , 'German');
insert into Employer values ( 686 , 'Millcove Digital Solutions');
insert into Experience values ( 36 , 686, '2014-12-01', '2014-12-15');
insert into Employer values ( 687 , 'IGNITE Graduate Business Innovation Programme');
insert into Experience values ( 36 , 687, '2014-01-01', '');
insert into Employer values ( 688 , 'Crypto Broker');
insert into Experience values ( 36 , 688, '2013-11-01', '2014-12-15');

insert into User values ( 37 , 'Cantillon' , 'Thomas', 10, 0, 'Semiconductors');
insert into Employer values ( 689 , 'Analog Devices');
insert into Experience values ( 37 , 689, '', '');

insert into User values ( 38 , 'Kieran' , 'OSullivan', 107, 0, 'Accounting');
insert into Education values ( 38 , 135 , 234 , 'Master of Arts (M.A.)', '2000 – 2005', '2000 – 2005');
insert into University values ( 135 , 'University College Cork');
insert into Has_skill values ( 38 , 375, 0);
insert into Skill values ( 375 , 'Accounting');
insert into Has_skill values ( 38 , 414, 0);
insert into Skill values ( 414 , 'Financial Accounting');
insert into Has_skill values ( 38 , 348, 0);
insert into Skill values ( 348 , 'Financial Analysis');
insert into Has_skill values ( 38 , 412, 0);
insert into Skill values ( 412 , 'Financial Reporting');
insert into Has_skill values ( 38 , 527, 0);
insert into Skill values ( 527 , 'Fixed Assets');
insert into Has_skill values ( 38 , 528, 0);
insert into Skill values ( 528 , 'Fixed Asset Management');
insert into Has_skill values ( 38 , 529, 0);
insert into Skill values ( 529 , 'Fixed Asset Depreciation');
insert into Has_skill values ( 38 , 530, 0);
insert into Skill values ( 530 , 'Fixed Asset Register');
insert into Has_skill values ( 38 , 531, 0);
insert into Skill values ( 531 , 'Subledger Accounting');
insert into Has_skill values ( 38 , 532, 0);
insert into Skill values ( 532 , 'General Ledger');
insert into Has_skill values ( 38 , 533, 0);
insert into Skill values ( 533 , 'Reporting & Analysis');
insert into Has_skill values ( 38 , 534, 0);
insert into Skill values ( 534 , 'Journal Entries');
insert into Has_skill values ( 38 , 535, 0);
insert into Skill values ( 535 , 'SOX Compliancy');
insert into Has_skill values ( 38 , 536, 0);
insert into Skill values ( 536 , 'Oracle Applications');
insert into Has_skill values ( 38 , 537, 0);
insert into Skill values ( 537 , 'Oracle Project...');
insert into Has_skill values ( 38 , 538, 0);
insert into Skill values ( 538 , 'Oracle Reports');
insert into Has_skill values ( 38 , 539, 0);
insert into Skill values ( 539 , 'PeopleSoft');
insert into Has_skill values ( 38 , 341, 0);
insert into Skill values ( 341 , 'Microsoft Excel');
insert into Has_skill values ( 38 , 425, 0);
insert into Skill values ( 425 , 'Microsoft Word');
insert into Has_skill values ( 38 , 540, 0);
insert into Skill values ( 540 , 'Bank Reconciliation');
insert into Has_skill values ( 38 , 398, 0);
insert into Skill values ( 398 , 'Finance');
insert into Has_skill values ( 38 , 541, 0);
insert into Skill values ( 541 , 'Process Improvement');
insert into Has_skill values ( 38 , 542, 0);
insert into Skill values ( 542 , 'Sarbanes-Oxley Act');
insert into Member_of values ( 38 , 518);
insert into Groups values ( 518 , 'Finance Professionals Ireland', 0);
insert into Member_of values ( 38 , 519);
insert into Groups values ( 519 , 'Jobs for Accountants', 0);
insert into Member_of values ( 38 , 520);
insert into Groups values ( 520 , 'ACCA official members', 0);
insert into Member_of values ( 38 , 521);
insert into Groups values ( 521 , 'ACCA Member Network Group for the Corporate Sector', 0);
insert into Employer values ( 690 , 'Itron');
insert into Experience values ( 38 , 690, '2014-05-01', '2014-12-15');
insert into Employer values ( 691 , 'Avery Dennison');
insert into Experience values ( 38 , 691, '2012-08-01', '2014-05-01');
insert into Employer values ( 691 , 'Avery Dennison');
insert into Experience values ( 38 , 691, '2010-07-01', '2012-08-02');
insert into Employer values ( 692 , 'CareChoice');
insert into Experience values ( 38 , 692, '2009-04-01', '2010-04-01');

insert into User values ( 39 , 'Jillian' , 'ODriscoll', 58, 0, 'Medical Practice');
insert into Has_skill values ( 39 , 543, 0);
insert into Skill values ( 543 , 'Podiatry');
insert into Has_skill values ( 39 , 544, 0);
insert into Skill values ( 544 , 'Ankle');
insert into Has_skill values ( 39 , 545, 0);
insert into Skill values ( 545 , 'Orthotics');
insert into Has_skill values ( 39 , 546, 0);
insert into Skill values ( 546 , 'Wound Care');
insert into Has_skill values ( 39 , 547, 0);
insert into Skill values ( 547 , 'Surgery');
insert into Has_skill values ( 39 , 548, 0);
insert into Skill values ( 548 , 'Sports Injuries');
insert into Has_skill values ( 39 , 549, 0);
insert into Skill values ( 549 , 'Biomechanics');
insert into Has_skill values ( 39 , 550, 0);
insert into Skill values ( 550 , 'Foot');
insert into Has_skill values ( 39 , 551, 0);
insert into Skill values ( 551 , 'Gait Analysis');
insert into Has_skill values ( 39 , 552, 0);
insert into Skill values ( 552 , 'Injury');
insert into Has_skill values ( 39 , 553, 0);
insert into Skill values ( 553 , 'Pain Management');
insert into Has_skill values ( 39 , 554, 0);
insert into Skill values ( 554 , 'Pediatrics');
insert into Has_skill values ( 39 , 555, 0);
insert into Skill values ( 555 , 'Diabetes');
insert into Has_skill values ( 39 , 556, 0);
insert into Skill values ( 556 , 'Knee');
insert into Has_skill values ( 39 , 557, 0);
insert into Skill values ( 557 , 'Neurology');
insert into Member_of values ( 39 , 522);
insert into Groups values ( 522 , 'Podiatry Today', 0);
insert into Employer values ( 693 , 'O'Driscoll's Podiatry');
insert into Experience values ( 39 , 693, '', '');

insert into User values ( 40 , 'Ian' , 'Drake', 179, 0, 'Information Technology and Services');
insert into Education values ( 40 , 147 , 202 , '', '1976 – 1980', '1976 – 1980');
insert into University values ( 147 , 'University of Surrey');
insert into Has_skill values ( 40 , 558, 0);
insert into Skill values ( 558 , 'Service Delivery');
insert into Has_skill values ( 40 , 559, 0);
insert into Skill values ( 559 , 'Project Delivery');
insert into Has_skill values ( 40 , 353, 0);
insert into Skill values ( 353 , 'Project Management');
insert into Has_skill values ( 40 , 560, 0);
insert into Skill values ( 560 , 'Global Delivery');
insert into Has_skill values ( 40 , 561, 0);
insert into Skill values ( 561 , 'Cloud Computing');
insert into Employer values ( 694 , 'IBM');
insert into Experience values ( 40 , 694, '', '');
insert into Employer values ( 695 , 'IBM United Kingdom Ltd');
insert into Experience values ( 40 , 695, '2012-01-01', '');

insert into User values ( 41 , 'Daniel' , 'Suter', 199, 0, 'Investment Management');
insert into Education values ( 41 , 148 , 235 , 'Dr. sc. nat.', '1974 – 1981', '1974 – 1981');
insert into University values ( 148 , 'Eidgenössische Technische Hochschule Zürich');
insert into Has_skill values ( 41 , 562, 0);
insert into Skill values ( 562 , 'Hedge Funds');
insert into Has_skill values ( 41 , 563, 0);
insert into Skill values ( 563 , 'Structured Products');
insert into Has_skill values ( 41 , 399, 0);
insert into Skill values ( 399 , 'Portfolio Management');
insert into Has_skill values ( 41 , 360, 0);
insert into Skill values ( 360 , 'Financial Markets');
insert into Has_skill values ( 41 , 564, 0);
insert into Skill values ( 564 , 'Agile Methodologies');
insert into Has_skill values ( 41 , 383, 0);
insert into Skill values ( 383 , 'Business Analysis');
insert into Has_skill values ( 41 , 442, 0);
insert into Skill values ( 442 , 'SQL');
insert into Has_skill values ( 41 , 344, 0);
insert into Skill values ( 344 , 'Capital Markets');
insert into Has_skill values ( 41 , 565, 0);
insert into Skill values ( 565 , 'Software Project...');
insert into Knows_language values ( 41 , 513);
insert into Languages values ( 513 , 'Französisch');
insert into Knows_language values ( 41 , 514);
insert into Languages values ( 514 , 'Englisch');
insert into Employer values ( 696 , 'BBP AG');
insert into Experience values ( 41 , 696, '2011-01-01', '');
insert into Employer values ( 697 , 'Man Investments');
insert into Experience values ( 41 , 697, '2004-07-01', '2011-07-07');
insert into Employer values ( 698 , 'Julius Baer');
insert into Experience values ( 41 , 698, '2001-01-01', '');
insert into Employer values ( 699 , 'PerkinElmer');
insert into Experience values ( 41 , 699, '1984-01-01', '');

insert into User values ( 42 , 'Sarah' , 'OHalloran', 138, 0, 'Financial Services');
insert into Education values ( 42 , 149 , 202 , '', '', '');
insert into University values ( 149 , 'York University');
insert into Has_skill values ( 42 , 566, 0);
insert into Skill values ( 566 , 'Internal Controls');
insert into Has_skill values ( 42 , 412, 0);
insert into Skill values ( 412 , 'Financial Reporting');
insert into Member_of values ( 42 , 523);
insert into Groups values ( 523 , 'Hiring with LinkedIn Recruiter Lite', 0);
insert into Employer values ( 700 , 'CLS Group.');
insert into Experience values ( 42 , 700, '2010-01-01', '');
insert into Employer values ( 701 , 'Deloitte Australia');
insert into Experience values ( 42 , 701, '2009-01-01', '');
insert into Employer values ( 702 , 'KPMG Australia');
insert into Experience values ( 42 , 702, '2008-01-01', '');

insert into User values ( 43 , 'Noah' , 'J. Kramer', 500, 0, 'Investment Management');
insert into Education values ( 43 , 150 , 202 , '', '', '');
insert into University values ( 150 , 'University of Pennsylvania');
insert into Education values ( 43 , 151 , 202 , '', '', '');
insert into University values ( 151 , 'United States Naval Academy');
insert into Has_skill values ( 43 , 562, 0);
insert into Skill values ( 562 , 'Hedge Funds');
insert into Has_skill values ( 43 , 567, 0);
insert into Skill values ( 567 , 'Asset Management');
insert into Has_skill values ( 43 , 344, 0);
insert into Skill values ( 344 , 'Capital Markets');
insert into Has_skill values ( 43 , 356, 0);
insert into Skill values ( 356 , 'Equities');
insert into Has_skill values ( 43 , 568, 0);
insert into Skill values ( 568 , 'Alternative Investments');
insert into Has_skill values ( 43 , 398, 0);
insert into Skill values ( 398 , 'Finance');
insert into Has_skill values ( 43 , 407, 0);
insert into Skill values ( 407 , 'Asset Managment');
insert into Has_skill values ( 43 , 399, 0);
insert into Skill values ( 399 , 'Portfolio Management');
insert into Has_skill values ( 43 , 494, 0);
insert into Skill values ( 494 , 'Strategy');
insert into Has_skill values ( 43 , 349, 0);
insert into Skill values ( 349 , 'Valuation');
insert into Has_skill values ( 43 , 402, 0);
insert into Skill values ( 402 , 'Fixed Income');
insert into Has_skill values ( 43 , 361, 0);
insert into Skill values ( 361 , 'Private Equity');
insert into Has_skill values ( 43 , 379, 0);
insert into Skill values ( 379 , 'Business Development');
insert into Has_skill values ( 43 , 346, 0);
insert into Skill values ( 346 , 'Financial Modeling');
insert into Has_skill values ( 43 , 569, 0);
insert into Skill values ( 569 , 'Fund Of Funds');
insert into Has_skill values ( 43 , 363, 0);
insert into Skill values ( 363 , 'Investment Banking');
insert into Employer values ( 703 , 'Lombard Odier');
insert into Experience values ( 43 , 703, '2011-01-01', '');
insert into Employer values ( 704 , 'Serengeti Asset Management');
insert into Experience values ( 43 , 704, '2009-01-01', '');
insert into Employer values ( 705 , 'Goldman, Sachs & Co.');
insert into Experience values ( 43 , 705, '2002-01-01', '');

insert into User values ( 44 , 'Dmitry' , 'Bourtov', 436, 0, 'Financial Services');
insert into Has_skill values ( 44 , 358, 0);
insert into Skill values ( 358 , 'Trading');
insert into Has_skill values ( 44 , 570, 0);
insert into Skill values ( 570 , 'Trading Systems');
insert into Has_skill values ( 44 , 360, 0);
insert into Skill values ( 360 , 'Financial Markets');
insert into Has_skill values ( 44 , 571, 0);
insert into Skill values ( 571 , 'Options');
insert into Has_skill values ( 44 , 354, 0);
insert into Skill values ( 354 , 'Derivatives');
insert into Has_skill values ( 44 , 405, 0);
insert into Skill values ( 405 , 'Commodity');
insert into Has_skill values ( 44 , 572, 0);
insert into Skill values ( 572 , 'FX Options');
insert into Has_skill values ( 44 , 573, 0);
insert into Skill values ( 573 , 'Technical Analysis');
insert into Has_skill values ( 44 , 574, 0);
insert into Skill values ( 574 , 'Electronic Trading');
insert into Has_skill values ( 44 , 356, 0);
insert into Skill values ( 356 , 'Equities');
insert into Has_skill values ( 44 , 402, 0);
insert into Skill values ( 402 , 'Fixed Income');
insert into Has_skill values ( 44 , 575, 0);
insert into Skill values ( 575 , 'Low Latency');
insert into Has_skill values ( 44 , 576, 0);
insert into Skill values ( 576 , 'Exchange Connectivity');
insert into Has_skill values ( 44 , 399, 0);
insert into Skill values ( 399 , 'Portfolio Management');
insert into Has_skill values ( 44 , 344, 0);
insert into Skill values ( 344 , 'Capital Markets');
insert into Has_skill values ( 44 , 363, 0);
insert into Skill values ( 363 , 'Investment Banking');
insert into Has_skill values ( 44 , 577, 0);
insert into Skill values ( 577 , 'Market Data');
insert into Has_skill values ( 44 , 387, 0);
insert into Skill values ( 387 , 'Risk Management');
insert into Has_skill values ( 44 , 388, 0);
insert into Skill values ( 388 , 'Investments');
insert into Has_skill values ( 44 , 578, 0);
insert into Skill values ( 578 , 'Software Development');
insert into Has_skill values ( 44 , 562, 0);
insert into Skill values ( 562 , 'Hedge Funds');
insert into Has_skill values ( 44 , 579, 0);
insert into Skill values ( 579 , 'Proprietary Trading');
insert into Has_skill values ( 44 , 580, 0);
insert into Skill values ( 580 , 'Futures');
insert into Has_skill values ( 44 , 581, 0);
insert into Skill values ( 581 , 'Trading Strategies');
insert into Has_skill values ( 44 , 346, 0);
insert into Skill values ( 346 , 'Financial Modeling');
insert into Has_skill values ( 44 , 582, 0);
insert into Skill values ( 582 , 'CQG');
insert into Has_skill values ( 44 , 583, 0);
insert into Skill values ( 583 , 'Trading System');
insert into Has_skill values ( 44 , 584, 0);
insert into Skill values ( 584 , 'Electronic Trading...');
insert into Has_skill values ( 44 , 585, 0);
insert into Skill values ( 585 , 'Financial Risk');
insert into Has_skill values ( 44 , 586, 0);
insert into Skill values ( 586 , 'Multithreading');
insert into Has_skill values ( 44 , 587, 0);
insert into Skill values ( 587 , 'Foreign Exchange');
insert into Has_skill values ( 44 , 588, 0);
insert into Skill values ( 588 , 'Equity Trading');
insert into Has_skill values ( 44 , 589, 0);
insert into Skill values ( 589 , 'Securities');
insert into Has_skill values ( 44 , 361, 0);
insert into Skill values ( 361 , 'Private Equity');
insert into Has_skill values ( 44 , 590, 0);
insert into Skill values ( 590 , 'Equity Derivatives');
insert into Has_skill values ( 44 , 591, 0);
insert into Skill values ( 591 , 'Emerging Markets');
insert into Has_skill values ( 44 , 592, 0);
insert into Skill values ( 592 , 'Financial Services');
insert into Has_skill values ( 44 , 349, 0);
insert into Skill values ( 349 , 'Valuation');
insert into Has_skill values ( 44 , 593, 0);
insert into Skill values ( 593 , 'Bonds');
insert into Has_skill values ( 44 , 345, 0);
insert into Skill values ( 345 , 'Bloomberg');
insert into Has_skill values ( 44 , 594, 0);
insert into Skill values ( 594 , 'Commodity Markets');
insert into Has_skill values ( 44 , 568, 0);
insert into Skill values ( 568 , 'Alternative Investments');
insert into Has_skill values ( 44 , 595, 0);
insert into Skill values ( 595 , 'Quantitative Finance');
insert into Has_skill values ( 44 , 596, 0);
insert into Skill values ( 596 , 'FX trading');
insert into Has_skill values ( 44 , 597, 0);
insert into Skill values ( 597 , 'Investment Management');
insert into Has_skill values ( 44 , 598, 0);
insert into Skill values ( 598 , 'Financial Structuring');
insert into Has_skill values ( 44 , 401, 0);
insert into Skill values ( 401 , 'VBA');
insert into Has_skill values ( 44 , 599, 0);
insert into Skill values ( 599 , 'Back Office');
insert into Has_skill values ( 44 , 600, 0);
insert into Skill values ( 600 , 'Executive Management');
insert into Has_skill values ( 44 , 601, 0);
insert into Skill values ( 601 , 'Distributed Systems');
insert into Knows_language values ( 44 , 501);
insert into Languages values ( 501 , 'English');
insert into Knows_language values ( 44 , 515);
insert into Languages values ( 515 , 'Russian');

insert into User values ( 45 , 'Alexander' , 'Kulagin', 500, 0, 'Real Estate');
insert into Has_skill values ( 45 , 602, 0);
insert into Skill values ( 602 , 'Property Management');
insert into Has_skill values ( 45 , 603, 0);
insert into Skill values ( 603 , 'Commercial Real Estate');
insert into Has_skill values ( 45 , 353, 0);
insert into Skill values ( 353 , 'Project Management');
insert into Has_skill values ( 45 , 407, 0);
insert into Skill values ( 407 , 'Asset Managment');
insert into Has_skill values ( 45 , 388, 0);
insert into Skill values ( 388 , 'Investments');
insert into Has_skill values ( 45 , 604, 0);
insert into Skill values ( 604 , 'Investment Properties');
insert into Has_skill values ( 45 , 466, 0);
insert into Skill values ( 466 , 'Sales');
insert into Has_skill values ( 45 , 352, 0);
insert into Skill values ( 352 , 'Marketing');
insert into Has_skill values ( 45 , 359, 0);
insert into Skill values ( 359 , 'Due Diligence');
insert into Has_skill values ( 45 , 349, 0);
insert into Skill values ( 349 , 'Valuation');
insert into Has_skill values ( 45 , 605, 0);
insert into Skill values ( 605 , 'Real Estate Development');
insert into Has_skill values ( 45 , 606, 0);
insert into Skill values ( 606 , 'Real Estate');
insert into Has_skill values ( 45 , 607, 0);
insert into Skill values ( 607 , 'Joint Ventures');
insert into Has_skill values ( 45 , 361, 0);
insert into Skill values ( 361 , 'Private Equity');
insert into Has_skill values ( 45 , 608, 0);
insert into Skill values ( 608 , 'Mobile Internet');
insert into Has_skill values ( 45 , 609, 0);
insert into Skill values ( 609 , 'Internet');
insert into Has_skill values ( 45 , 610, 0);
insert into Skill values ( 610 , 'Start-ups');
insert into Has_skill values ( 45 , 611, 0);
insert into Skill values ( 611 , 'Start-up Ventures');
insert into Has_skill values ( 45 , 612, 0);
insert into Skill values ( 612 , 'Managing Start-ups');
insert into Has_skill values ( 45 , 613, 0);
insert into Skill values ( 613 , 'Mobile Applications');
insert into Has_skill values ( 45 , 614, 0);
insert into Skill values ( 614 , 'Mobile Design');
insert into Has_skill values ( 45 , 615, 0);
insert into Skill values ( 615 , 'Mobile Technology');
insert into Has_skill values ( 45 , 616, 0);
insert into Skill values ( 616 , 'iOS development');
insert into Has_skill values ( 45 , 617, 0);
insert into Skill values ( 617 , 'Android Development');
insert into Has_skill values ( 45 , 618, 0);
insert into Skill values ( 618 , 'Website Development');
insert into Has_skill values ( 45 , 619, 0);
insert into Skill values ( 619 , 'Web Design');
insert into Has_skill values ( 45 , 620, 0);
insert into Skill values ( 620 , 'Real Estate Transactions');
insert into Has_skill values ( 45 , 621, 0);
insert into Skill values ( 621 , 'Disposition');
insert into Has_skill values ( 45 , 417, 0);
insert into Skill values ( 417 , 'Management');
insert into Has_skill values ( 45 , 423, 0);
insert into Skill values ( 423 , 'Leadership');
insert into Has_skill values ( 45 , 622, 0);
insert into Skill values ( 622 , 'Venture Capital');
insert into Has_skill values ( 45 , 623, 0);
insert into Skill values ( 623 , 'Brokerage');
insert into Has_skill values ( 45 , 624, 0);
insert into Skill values ( 624 , 'Real Estate Financing');
insert into Has_skill values ( 45 , 625, 0);
insert into Skill values ( 625 , 'Real Estate Economics');
insert into Has_skill values ( 45 , 626, 0);
insert into Skill values ( 626 , 'Corporate Real Estate');
insert into Has_skill values ( 45 , 627, 0);
insert into Skill values ( 627 , 'Leases');
insert into Has_skill values ( 45 , 628, 0);
insert into Skill values ( 628 , 'Acquisitions');
insert into Has_skill values ( 45 , 629, 0);
insert into Skill values ( 629 , 'Property');
insert into Has_skill values ( 45 , 399, 0);
insert into Skill values ( 399 , 'Portfolio Management');
insert into Has_skill values ( 45 , 630, 0);
insert into Skill values ( 630 , 'Residential Homes');
insert into Has_skill values ( 45 , 398, 0);
insert into Skill values ( 398 , 'Finance');
insert into Has_skill values ( 45 , 631, 0);
insert into Skill values ( 631 , 'Apartments');
insert into Has_skill values ( 45 , 632, 0);
insert into Skill values ( 632 , 'International Real...');
insert into Has_skill values ( 45 , 633, 0);
insert into Skill values ( 633 , 'Appraisals');
insert into Has_skill values ( 45 , 634, 0);
insert into Skill values ( 634 , 'Feasibility Studies');
insert into Has_skill values ( 45 , 635, 0);
insert into Skill values ( 635 , 'Sellers');
insert into Has_skill values ( 45 , 636, 0);
insert into Skill values ( 636 , 'Location Intelligence');
insert into Has_skill values ( 45 , 567, 0);
insert into Skill values ( 567 , 'Asset Management');
insert into Member_of values ( 45 , 524);
insert into Groups values ( 524 , 'Real Estate Investment Guild: Investors, Capital Raising, Fund Formation & Fund Administration', 0);
insert into Member_of values ( 45 , 525);
insert into Groups values ( 525 , 'Distressed Real Estate Investment', 0);
insert into Member_of values ( 45 , 526);
insert into Groups values ( 526 , 'Adelphi - Real Estate Career Opportunities in Russia & CIS', 0);
insert into Member_of values ( 45 , 527);
insert into Groups values ( 527 , 'International Luxury Hotel Association Hospitality, hotels, travel, food, beverage, tourism, spa', 0);
insert into Member_of values ( 45 , 528);
insert into Groups values ( 528 , 'Lead Generation Strategies for Real Estate Professionals', 0);
insert into Member_of values ( 45 , 529);
insert into Groups values ( 529 , 'Hospitality Trends', 0);
insert into Member_of values ( 45 , 530);
insert into Groups values ( 530 , 'Capital Markets Russia & CIS', 0);
insert into Member_of values ( 45 , 531);
insert into Groups values ( 531 , 'EuropaProperty Real Estate European Recruitment - CEE SEE CIS EU GLOBAL – HR Search Headhunters', 0);
insert into Member_of values ( 45 , 532);
insert into Groups values ( 532 , 'Investment Banking JobWire', 0);
insert into Member_of values ( 45 , 533);
insert into Groups values ( 533 , 'Private Equity Investment Group | PrivateEquity.com', 0);
insert into Member_of values ( 45 , 534);
insert into Groups values ( 534 , 'Mergers and Acquisitions', 0);
insert into Member_of values ( 45 , 535);
insert into Groups values ( 535 , 'Земля Подмосковья', 0);
insert into Member_of values ( 45 , 536);
insert into Groups values ( 536 , 'Real Estate in Moscow', 0);
insert into Member_of values ( 45 , 537);
insert into Groups values ( 537 , 'Вакансии в Москве и регионах России', 0);
insert into Member_of values ( 45 , 538);
insert into Groups values ( 538 , 'Hotels4Sale - private group for off-market hotels investors', 0);
insert into Member_of values ( 45 , 539);
insert into Groups values ( 539 , 'Russia CIS Europaproperty Commercial Real Estate Guide MIPIM MAPIC EXPO REAL', 0);
insert into Member_of values ( 45 , 540);
insert into Groups values ( 540 , 'EuropaProperty - Commercial Real Estate MIPIM MAPIC CITYSCAPE ASIA ICSC Terrapinn Expo Real Corenet', 0);
insert into Member_of values ( 45 , 541);
insert into Groups values ( 541 , 'Commercial Real Estate Network: Professionals, Experts, Investors, Brokers, Agents, Deals, Analysis', 0);
insert into Member_of values ( 45 , 542);
insert into Groups values ( 542 , 'The Real Estate Networking Group (Insider Strategies)', 0);
insert into Member_of values ( 45 , 543);
insert into Groups values ( 543 , 'Parliament of Russian Federation - State Duma', 0);
insert into Member_of values ( 45 , 544);
insert into Groups values ( 544 , 'Invest in Russia', 0);
insert into Member_of values ( 45 , 545);
insert into Groups values ( 545 , 'Infocast Europe Finance & Investment News', 0);
insert into Member_of values ( 45 , 546);
insert into Groups values ( 546 , 'Russia & CIS Real Estate', 0);
insert into Member_of values ( 45 , 547);
insert into Groups values ( 547 , 'CEE/SEE Green Building Association – CEEGBC - Real Estate LEED BREEAM Europe EU EuropaProperty', 0);
insert into Member_of values ( 45 , 548);
insert into Groups values ( 548 , 'Mergers and Acquisitions - M&A', 0);
insert into Member_of values ( 45 , 549);
insert into Groups values ( 549 , 'Finance Plus: Private Equity, Venture Capital and M&A news', 0);
insert into Member_of values ( 45 , 550);
insert into Groups values ( 550 , 'EuropaProperty CEE Retail Real Estate Awards Gala & Forum MAPIC ICSC RECON', 0);
insert into Member_of values ( 45 , 551);
insert into Groups values ( 551 , 'Property Management Professionals', 0);
insert into Member_of values ( 45 , 552);
insert into Groups values ( 552 , 'Commercial Real Estate Investment, Development, & Property Management', 0);
insert into Member_of values ( 45 , 553);
insert into Groups values ( 553 , 'Real Estate & Project Financing: Private Equity, Investment Banking, Structured Finance', 0);
insert into Member_of values ( 45 , 554);
insert into Groups values ( 554 , 'International Real Estate Investors Group', 0);
insert into Member_of values ( 45 , 555);
insert into Groups values ( 555 , 'Private Equity, M&A, and Venture Capital Investments', 0);
insert into Member_of values ( 45 , 556);
insert into Groups values ( 556 , 'World Cup 2018 Russia - Facilities & Development', 0);
insert into Member_of values ( 45 , 557);
insert into Groups values ( 557 , 'Русский Форум - Russia Forum', 0);
insert into Member_of values ( 45 , 558);
insert into Groups values ( 558 , 'Global Real Estate Investment/Finance/Banking Professionals', 0);
insert into Member_of values ( 45 , 559);
insert into Groups values ( 559 , 'Real Estate Investment Group', 0);
insert into Member_of values ( 45 , 560);
insert into Groups values ( 560 , 'BRIC Markets & Banking Club', 0);
insert into Member_of values ( 45 , 561);
insert into Groups values ( 561 , 'CREPIG - Commercial Real Estate Professionals & Investors Group', 0);
insert into Knows_language values ( 45 , 516);
insert into Languages values ( 516 , 'Английский');
insert into Knows_language values ( 45 , 517);
insert into Languages values ( 517 , 'Русский');
insert into Employer values ( 706 , 'MAYAK Digital Branding');
insert into Experience values ( 45 , 706, '2013-05-01', '2014-12-15');
insert into Employer values ( 707 , 'Findspace.ru');
insert into Experience values ( 45 , 707, '2013-09-01', '2014-12-15');
insert into Employer values ( 708 , 'CP Capital');
insert into Experience values ( 45 , 708, '2012-08-01', '2014-06-01');
insert into Employer values ( 709 , 'Polonium Arts');
insert into Experience values ( 45 , 709, '2011-06-01', '2013-05-02');
insert into Employer values ( 710 , 'Kommerstate');
insert into Experience values ( 45 , 710, '2011-07-01', '2012-06-01');
insert into Employer values ( 711 , 'AutoForum');
insert into Experience values ( 45 , 711, '2009-04-01', '2011-05-02');
insert into Employer values ( 712 , 'Klever Asset Management (Klever Group)');
insert into Experience values ( 45 , 712, '2008-04-01', '2008-12-09');
insert into Employer values ( 713 , 'London & Regional Properties');
insert into Experience values ( 45 , 713, '2006-05-01', '2008-04-02');
insert into Employer values ( 714 , 'DS Development, ZAO Don-Stroy Invest');
insert into Experience values ( 45 , 714, '2005-08-01', '2006-04-09');
insert into Employer values ( 715 , 'Cushman & Wakefield');
insert into Experience values ( 45 , 715, '2002-07-01', '2005-08-03');
insert into Employer values ( 716 , 'DeltaCredit');
insert into Experience values ( 45 , 716, '2001-02-01', '2002-07-01');
insert into Employer values ( 717 , 'Parliament of Russian Federation - State Duma');
insert into Experience values ( 45 , 717, '1998-05-01', '1998-10-06');

insert into User values ( 46 , 'Irina' , 'Zharova-Wright', 500, 0, 'Real Estate');
insert into Education values ( 46 , 152 , 202 , '', '2008 – 2009', '2008 – 2009');
insert into University values ( 152 , 'Finance University under the Government of the Russian Federation');
insert into Education values ( 46 , 153 , 202 , '', '1991 – 1994', '1991 – 1994');
insert into University values ( 153 , 'Московский Государственный Лингвистический Университет (МГЛУ)');
insert into Has_skill values ( 46 , 606, 0);
insert into Skill values ( 606 , 'Real Estate');
insert into Has_skill values ( 46 , 388, 0);
insert into Skill values ( 388 , 'Investments');
insert into Has_skill values ( 46 , 604, 0);
insert into Skill values ( 604 , 'Investment Properties');
insert into Has_skill values ( 46 , 637, 0);
insert into Skill values ( 637 , 'Real Estate Investment');
insert into Has_skill values ( 46 , 359, 0);
insert into Skill values ( 359 , 'Due Diligence');
insert into Has_skill values ( 46 , 638, 0);
insert into Skill values ( 638 , 'Wealth Preservation');
insert into Has_skill values ( 46 , 639, 0);
insert into Skill values ( 639 , 'Private Wealth...');
insert into Has_skill values ( 46 , 640, 0);
insert into Skill values ( 640 , 'Wealth Management...');
insert into Has_skill values ( 46 , 602, 0);
insert into Skill values ( 602 , 'Property Management');
insert into Has_skill values ( 46 , 620, 0);
insert into Skill values ( 620 , 'Real Estate Transactions');
insert into Has_skill values ( 46 , 605, 0);
insert into Skill values ( 605 , 'Real Estate Development');
insert into Has_skill values ( 46 , 641, 0);
insert into Skill values ( 641 , 'Categorization');
insert into Has_skill values ( 46 , 621, 0);
insert into Skill values ( 621 , 'Disposition');
insert into Has_skill values ( 46 , 642, 0);
insert into Skill values ( 642 , 'Investors');
insert into Has_skill values ( 46 , 625, 0);
insert into Skill values ( 625 , 'Real Estate Economics');
insert into Has_skill values ( 46 , 632, 0);
insert into Skill values ( 632 , 'International Real...');
insert into Has_skill values ( 46 , 623, 0);
insert into Skill values ( 623 , 'Brokerage');
insert into Has_skill values ( 46 , 627, 0);
insert into Skill values ( 627 , 'Leases');
insert into Has_skill values ( 46 , 630, 0);
insert into Skill values ( 630 , 'Residential Homes');
insert into Has_skill values ( 46 , 407, 0);
insert into Skill values ( 407 , 'Asset Managment');
insert into Has_skill values ( 46 , 629, 0);
insert into Skill values ( 629 , 'Property');
insert into Has_skill values ( 46 , 631, 0);
insert into Skill values ( 631 , 'Apartments');
insert into Has_skill values ( 46 , 643, 0);
insert into Skill values ( 643 , 'Relocation');
insert into Has_skill values ( 46 , 644, 0);
insert into Skill values ( 644 , 'Luxury');
insert into Has_skill values ( 46 , 626, 0);
insert into Skill values ( 626 , 'Corporate Real Estate');
insert into Has_skill values ( 46 , 645, 0);
insert into Skill values ( 645 , 'Land Acquisition');
insert into Has_skill values ( 46 , 635, 0);
insert into Skill values ( 635 , 'Sellers');
insert into Has_skill values ( 46 , 603, 0);
insert into Skill values ( 603 , 'Commercial Real Estate');
insert into Has_skill values ( 46 , 624, 0);
insert into Skill values ( 624 , 'Real Estate Financing');
insert into Has_skill values ( 46 , 646, 0);
insert into Skill values ( 646 , 'Foreclosures');
insert into Has_skill values ( 46 , 647, 0);
insert into Skill values ( 647 , 'REO');
insert into Has_skill values ( 46 , 648, 0);
insert into Skill values ( 648 , 'Rentals');
insert into Has_skill values ( 46 , 649, 0);
insert into Skill values ( 649 , 'Single Family Homes');
insert into Has_skill values ( 46 , 633, 0);
insert into Skill values ( 633 , 'Appraisals');
insert into Has_skill values ( 46 , 650, 0);
insert into Skill values ( 650 , 'Negotiation');
insert into Has_skill values ( 46 , 651, 0);
insert into Skill values ( 651 , 'Short Sales');
insert into Has_skill values ( 46 , 652, 0);
insert into Skill values ( 652 , 'New Home Sales');
insert into Has_skill values ( 46 , 653, 0);
insert into Skill values ( 653 , 'Landlords');
insert into Has_skill values ( 46 , 598, 0);
insert into Skill values ( 598 , 'Financial Structuring');
insert into Has_skill values ( 46 , 567, 0);
insert into Skill values ( 567 , 'Asset Management');
insert into Has_skill values ( 46 , 654, 0);
insert into Skill values ( 654 , 'Buyer Representation');
insert into Has_skill values ( 46 , 655, 0);
insert into Skill values ( 655 , 'Income Properties');
insert into Has_skill values ( 46 , 473, 0);
insert into Skill values ( 473 , 'Selling');
insert into Has_skill values ( 46 , 656, 0);
insert into Skill values ( 656 , 'Vacation Homes');
insert into Has_skill values ( 46 , 657, 0);
insert into Skill values ( 657 , 'Condos');
insert into Has_skill values ( 46 , 658, 0);
insert into Skill values ( 658 , 'First Time Home Buyers');
insert into Has_skill values ( 46 , 659, 0);
insert into Skill values ( 659 , 'HUD');
insert into Has_skill values ( 46 , 660, 0);
insert into Skill values ( 660 , 'Shopping Centers');
insert into Has_skill values ( 46 , 661, 0);
insert into Skill values ( 661 , 'Real Property');
insert into Has_skill values ( 46 , 662, 0);
insert into Skill values ( 662 , 'Tenant');
insert into Member_of values ( 46 , 539);
insert into Groups values ( 539 , 'Russia CIS Europaproperty Commercial Real Estate Guide MIPIM MAPIC EXPO REAL', 0);
insert into Member_of values ( 46 , 562);
insert into Groups values ( 562 , 'EUROPEAN REAL ESTATE GROUP', 0);
insert into Member_of values ( 46 , 563);
insert into Groups values ( 563 , 'LUXURY-CIRCLE', 0);
insert into Member_of values ( 46 , 564);
insert into Groups values ( 564 , 'Overseas Property Investment Network for International Real Estate & Referral', 0);
insert into Member_of values ( 46 , 565);
insert into Groups values ( 565 , 'Family Office', 0);
insert into Member_of values ( 46 , 566);
insert into Groups values ( 566 , 'Structured Finance World', 0);
insert into Member_of values ( 46 , 546);
insert into Groups values ( 546 , 'Russia & CIS Real Estate', 0);
insert into Member_of values ( 46 , 567);
insert into Groups values ( 567 , 'Hotel Dealmaker Network', 0);
insert into Member_of values ( 46 , 568);
insert into Groups values ( 568 , 'Theatre Producers', 0);
insert into Member_of values ( 46 , 569);
insert into Groups values ( 569 , 'Green Real Estate', 0);
insert into Member_of values ( 46 , 570);
insert into Groups values ( 570 , 'Inman News - Real Estate Connect', 0);
insert into Member_of values ( 46 , 571);
insert into Groups values ( 571 , 'Distressed property Marbella - Costa del Sol', 0);
insert into Member_of values ( 46 , 572);
insert into Groups values ( 572 , 'International Investors and Professionals.', 0);
insert into Member_of values ( 46 , 573);
insert into Groups values ( 573 , 'Family Offices Group | #1 Family Office Association for Single & Multi-Family Offices', 0);
insert into Member_of values ( 46 , 574);
insert into Groups values ( 574 , 'New York Russian Club', 0);
insert into Member_of values ( 46 , 542);
insert into Groups values ( 542 , 'The Real Estate Networking Group (Insider Strategies)', 0);
insert into Member_of values ( 46 , 575);
insert into Groups values ( 575 , 'Club Advisory Council Internationale, hosted by Search America', 0);
insert into Member_of values ( 46 , 576);
insert into Groups values ( 576 , 'Global Real Estate Network', 0);
insert into Member_of values ( 46 , 577);
insert into Groups values ( 577 , 'European Real Estate Finance & Investment', 0);
insert into Member_of values ( 46 , 578);
insert into Groups values ( 578 , 'НЕДВИЖИМОСТЬ - РОССИЙСКАЯ ДЕЛОВАЯ СОЦИАЛЬНАЯ СЕТЬ.', 0);
insert into Member_of values ( 46 , 579);
insert into Groups values ( 579 , 'Broadway Producers and Investors', 0);
insert into Member_of values ( 46 , 580);
insert into Groups values ( 580 , 'Forbes Russia', 0);
insert into Member_of values ( 46 , 550);
insert into Groups values ( 550 , 'EuropaProperty CEE Retail Real Estate Awards Gala & Forum MAPIC ICSC RECON', 0);
insert into Employer values ( 718 , 'Sesegar IG');
insert into Experience values ( 46 , 718, '2006-08-01', '2014-12-15');
insert into Employer values ( 719 , 'M-Capital Merchant Bank');
insert into Experience values ( 46 , 719, '2006-06-01', '2014-12-15');

insert into User values ( 47 , 'Andrey' , 'Nesterenko', 500, 0, 'Construction');
insert into Has_skill values ( 47 , 370, 0);
insert into Skill values ( 370 , 'Corporate Finance');
insert into Has_skill values ( 47 , 346, 0);
insert into Skill values ( 346 , 'Financial Modeling');
insert into Has_skill values ( 47 , 424, 0);
insert into Skill values ( 424 , 'Budgets');
insert into Has_skill values ( 47 , 359, 0);
insert into Skill values ( 359 , 'Due Diligence');
insert into Has_skill values ( 47 , 347, 0);
insert into Skill values ( 347 , 'Business Strategy');
insert into Has_skill values ( 47 , 388, 0);
insert into Skill values ( 388 , 'Investments');
insert into Has_skill values ( 47 , 348, 0);
insert into Skill values ( 348 , 'Financial Analysis');
insert into Has_skill values ( 47 , 606, 0);
insert into Skill values ( 606 , 'Real Estate');
insert into Has_skill values ( 47 , 491, 0);
insert into Skill values ( 491 , 'Business Planning');
insert into Has_skill values ( 47 , 407, 0);
insert into Skill values ( 407 , 'Asset Managment');
insert into Has_skill values ( 47 , 650, 0);
insert into Skill values ( 650 , 'Negotiation');
insert into Has_skill values ( 47 , 412, 0);
insert into Skill values ( 412 , 'Financial Reporting');
insert into Has_skill values ( 47 , 398, 0);
insert into Skill values ( 398 , 'Finance');
insert into Has_skill values ( 47 , 567, 0);
insert into Skill values ( 567 , 'Asset Management');
insert into Has_skill values ( 47 , 604, 0);
insert into Skill values ( 604 , 'Investment Properties');
insert into Has_skill values ( 47 , 417, 0);
insert into Skill values ( 417 , 'Management');
insert into Has_skill values ( 47 , 607, 0);
insert into Skill values ( 607 , 'Joint Ventures');
insert into Has_skill values ( 47 , 349, 0);
insert into Skill values ( 349 , 'Valuation');
insert into Has_skill values ( 47 , 494, 0);
insert into Skill values ( 494 , 'Strategy');
insert into Has_skill values ( 47 , 663, 0);
insert into Skill values ( 663 , 'Contract Negotiation');
insert into Has_skill values ( 47 , 369, 0);
insert into Skill values ( 369 , 'Mergers & Acquisitions');
insert into Has_skill values ( 47 , 610, 0);
insert into Skill values ( 610 , 'Start-ups');
insert into Has_skill values ( 47 , 664, 0);
insert into Skill values ( 664 , 'International Trade');
insert into Has_skill values ( 47 , 605, 0);
insert into Skill values ( 605 , 'Real Estate Development');
insert into Has_skill values ( 47 , 366, 0);
insert into Skill values ( 366 , 'Restructuring');
insert into Has_skill values ( 47 , 665, 0);
insert into Skill values ( 665 , 'International Project...');
insert into Has_skill values ( 47 , 361, 0);
insert into Skill values ( 361 , 'Private Equity');
insert into Has_skill values ( 47 , 666, 0);
insert into Skill values ( 666 , 'International Business');
insert into Has_skill values ( 47 , 371, 0);
insert into Skill values ( 371 , 'Structured Finance');
insert into Employer values ( 720 , 'Sistema-Hals');
insert into Experience values ( 47 , 720, '2009-10-01', '2011-05-01');
insert into Employer values ( 721 , 'Capital Group');
insert into Experience values ( 47 , 721, '2008-08-01', '2009-10-01');
insert into Employer values ( 721 , 'Capital Group');
insert into Experience values ( 47 , 721, '2007-09-01', '2008-08-01');
insert into Employer values ( 722 , 'Dixy Group');
insert into Experience values ( 47 , 722, '2005-09-01', '2007-09-02');
insert into Employer values ( 723 , 'Bunge');
insert into Experience values ( 47 , 723, '2003-01-01', '2005-08-02');
insert into Employer values ( 724 , 'NTV');
insert into Experience values ( 47 , 724, '2001-01-01', '');
insert into Employer values ( 725 , 'Accenture');
insert into Experience values ( 47 , 725, '2000-01-01', '');
insert into Employer values ( 726 , 'KPMG');
insert into Experience values ( 47 , 726, '1997-01-01', '');

insert into User values ( 48 , 'Zufar' , 'Chukiev', 9, 0, 'Construction');
insert into Education values ( 48 , 154 , 202 , '', '2001 – 2003', '2001 – 2003');
insert into University values ( 154 , 'АНХ г.Москва');
insert into Education values ( 48 , 155 , 202 , '', '1976 – 1980', '1976 – 1980');
insert into University values ( 155 , 'Свердловский юридический институт');
insert into Has_skill values ( 48 , 667, 0);
insert into Skill values ( 667 , 'Организация...');
insert into Has_skill values ( 48 , 668, 0);
insert into Skill values ( 668 , 'Construction');
insert into Has_skill values ( 48 , 669, 0);
insert into Skill values ( 669 , 'Construction Management');
insert into Has_skill values ( 48 , 336, 0);
insert into Skill values ( 336 , 'Microsoft Office');
insert into Has_skill values ( 48 , 670, 0);
insert into Skill values ( 670 , 'Contract Management');
insert into Has_skill values ( 48 , 341, 0);
insert into Skill values ( 341 , 'Microsoft Excel');
insert into Has_skill values ( 48 , 353, 0);
insert into Skill values ( 353 , 'Project Management');
insert into Has_skill values ( 48 , 663, 0);
insert into Skill values ( 663 , 'Contract Negotiation');
insert into Has_skill values ( 48 , 427, 0);
insert into Skill values ( 427 , 'Customer Service');
insert into Has_skill values ( 48 , 671, 0);
insert into Skill values ( 671 , 'AutoCAD');
insert into Has_skill values ( 48 , 672, 0);
insert into Skill values ( 672 , 'Contractors');
insert into Has_skill values ( 48 , 498, 0);
insert into Skill values ( 498 , 'Project Planning');
insert into Has_skill values ( 48 , 424, 0);
insert into Skill values ( 424 , 'Budgets');
insert into Has_skill values ( 48 , 381, 0);
insert into Skill values ( 381 , 'Strategic Planning');
insert into Has_skill values ( 48 , 425, 0);
insert into Skill values ( 425 , 'Microsoft Word');
insert into Has_skill values ( 48 , 650, 0);
insert into Skill values ( 650 , 'Negotiation');
insert into Employer values ( 727 , 'ГлавСтрой');
insert into Experience values ( 48 , 727, '2006-12-01', '2014-12-15');

insert into User values ( 49 , 'Александр' , 'Гунькин', 500, 0, 'Construction');
insert into Education values ( 49 , 156 , 236 , 'психолог', '1990 – 1991', '1990 – 1991');
insert into University values ( 156 , 'Ленинградский университет');
insert into Education values ( 49 , 157 , 237 , 'Инженер', '1982 – 1988', '1982 – 1988');
insert into University values ( 157 , 'Московский авиационный институт.');
insert into Has_skill values ( 49 , 650, 0);
insert into Skill values ( 650 , 'Negotiation');
insert into Has_skill values ( 49 , 663, 0);
insert into Skill values ( 663 , 'Contract Negotiation');
insert into Has_skill values ( 49 , 424, 0);
insert into Skill values ( 424 , 'Budgets');
insert into Has_skill values ( 49 , 670, 0);
insert into Skill values ( 670 , 'Contract Management');
insert into Has_skill values ( 49 , 498, 0);
insert into Skill values ( 498 , 'Project Planning');
insert into Has_skill values ( 49 , 353, 0);
insert into Skill values ( 353 , 'Project Management');
insert into Has_skill values ( 49 , 381, 0);
insert into Skill values ( 381 , 'Strategic Planning');
insert into Has_skill values ( 49 , 480, 0);
insert into Skill values ( 480 , 'Sales Management');
insert into Has_skill values ( 49 , 673, 0);
insert into Skill values ( 673 , 'New Business Development');
insert into Has_skill values ( 49 , 347, 0);
insert into Skill values ( 347 , 'Business Strategy');
insert into Has_skill values ( 49 , 336, 0);
insert into Skill values ( 336 , 'Microsoft Office');
insert into Has_skill values ( 49 , 341, 0);
insert into Skill values ( 341 , 'Microsoft Excel');
insert into Member_of values ( 49 , 581);
insert into Groups values ( 581 , 'Биржа контактов', 0);
insert into Member_of values ( 49 , 582);
insert into Groups values ( 582 , 'Строительство / Construction in Russia', 0);
insert into Member_of values ( 49 , 583);
insert into Groups values ( 583 , 'Real Estate, Construction, Building materials Marketing and markets', 0);
insert into Member_of values ( 49 , 584);
insert into Groups values ( 584 , 'Investors & Investment projects in Russia and CIS.', 0);
insert into Member_of values ( 49 , 546);
insert into Groups values ( 546 , 'Russia & CIS Real Estate', 0);
insert into Member_of values ( 49 , 585);
insert into Groups values ( 585 , 'Executive Search Russia & CIS', 0);
insert into Member_of values ( 49 , 586);
insert into Groups values ( 586 , 'SELL YOUR HEAD (Вакансии, Vacancies, Работа, Job)', 0);
insert into Knows_language values ( 49 , 516);
insert into Languages values ( 516 , 'Английский');
insert into Employer values ( 728 , 'Даймонд кейтеринг');
insert into Experience values ( 49 , 728, '2014-05-01', '2014-12-15');
insert into Employer values ( 729 , 'Инжиниринговая компания');
insert into Experience values ( 49 , 729, '2012-10-01', '2013-10-01');
insert into Employer values ( 730 , 'Центральный институт типового проектирования и градостроительства');
insert into Experience values ( 49 , 730, '2011-09-01', '2012-10-01');
insert into Employer values ( 731 , 'Тегола');
insert into Experience values ( 49 , 731, '2003-12-01', '2010-09-06');
insert into Employer values ( 732 , 'Компания СОЛО');
insert into Experience values ( 49 , 732, '2002-02-01', '2003-08-01');

insert into User values ( 50 , 'Ivan' , 'Bogatov', 199, 0, 'Real Estate');
insert into Member_of values ( 50 , 546);
insert into Groups values ( 546 , 'Russia & CIS Real Estate', 0);
insert into Member_of values ( 50 , 587);
insert into Groups values ( 587 , 'Architecture, Building Materials & Construction Russia & CIS', 0);
insert into Member_of values ( 50 , 588);
insert into Groups values ( 588 , 'Russian connection', 0);
insert into Member_of values ( 50 , 589);
insert into Groups values ( 589 , 'Private Equity in Russia & CIS', 0);
insert into Member_of values ( 50 , 584);
insert into Groups values ( 584 , 'Investors & Investment projects in Russia and CIS.', 0);
insert into Employer values ( 733 , 'OAO Glavstroy development');
insert into Experience values ( 50 , 733, '2012-10-01', '2014-12-15');
insert into Employer values ( 734 , 'R.G.I. International');
insert into Experience values ( 50 , 734, '2012-04-01', '2012-09-06');
insert into Employer values ( 735 , 'OAO Masshtab');
insert into Experience values ( 50 , 735, '2009-06-01', '2010-03-10');
insert into Employer values ( 736 , 'Urban Group');
insert into Experience values ( 50 , 736, '2005-11-01', '2009-03-03');

insert into User values ( 51 , 'Nikolay' , 'Deviatilov', 500, 0, 'Real Estate');
insert into Has_skill values ( 51 , 606, 0);
insert into Skill values ( 606 , 'Real Estate');
insert into Has_skill values ( 51 , 650, 0);
insert into Skill values ( 650 , 'Negotiation');
insert into Has_skill values ( 51 , 668, 0);
insert into Skill values ( 668 , 'Construction');
insert into Has_skill values ( 51 , 627, 0);
insert into Skill values ( 627 , 'Leases');
insert into Has_skill values ( 51 , 662, 0);
insert into Skill values ( 662 , 'Tenant');
insert into Has_skill values ( 51 , 674, 0);
insert into Skill values ( 674 , 'Deal Structuring');
insert into Has_skill values ( 51 , 675, 0);
insert into Skill values ( 675 , 'General Management,...');
insert into Has_skill values ( 51 , 676, 0);
insert into Skill values ( 676 , 'Project Coordination');
insert into Has_skill values ( 51 , 605, 0);
insert into Skill values ( 605 , 'Real Estate Development');
insert into Has_skill values ( 51 , 637, 0);
insert into Skill values ( 637 , 'Real Estate Investment');
insert into Has_skill values ( 51 , 673, 0);
insert into Skill values ( 673 , 'New Business Development');
insert into Has_skill values ( 51 , 677, 0);
insert into Skill values ( 677 , 'Lease Administration');
insert into Has_skill values ( 51 , 678, 0);
insert into Skill values ( 678 , 'Client Development');
insert into Has_skill values ( 51 , 348, 0);
insert into Skill values ( 348 , 'Financial Analysis');
insert into Has_skill values ( 51 , 475, 0);
insert into Skill values ( 475 , 'Market Analysis');
insert into Has_skill values ( 51 , 679, 0);
insert into Skill values ( 679 , 'Project Execution');
insert into Has_skill values ( 51 , 417, 0);
insert into Skill values ( 417 , 'Management');
insert into Has_skill values ( 51 , 379, 0);
insert into Skill values ( 379 , 'Business Development');
insert into Has_skill values ( 51 , 604, 0);
insert into Skill values ( 604 , 'Investment Properties');
insert into Has_skill values ( 51 , 353, 0);
insert into Skill values ( 353 , 'Project Management');
insert into Has_skill values ( 51 , 663, 0);
insert into Skill values ( 663 , 'Contract Negotiation');
insert into Has_skill values ( 51 , 466, 0);
insert into Skill values ( 466 , 'Sales');
insert into Has_skill values ( 51 , 347, 0);
insert into Skill values ( 347 , 'Business Strategy');
insert into Has_skill values ( 51 , 491, 0);
insert into Skill values ( 491 , 'Business Planning');
insert into Has_skill values ( 51 , 359, 0);
insert into Skill values ( 359 , 'Due Diligence');
insert into Has_skill values ( 51 , 423, 0);
insert into Skill values ( 423 , 'Leadership');
insert into Has_skill values ( 51 , 388, 0);
insert into Skill values ( 388 , 'Investments');
insert into Has_skill values ( 51 , 495, 0);
insert into Skill values ( 495 , 'Marketing Strategy');
insert into Has_skill values ( 51 , 403, 0);
insert into Skill values ( 403 , 'Analysis');
insert into Has_skill values ( 51 , 670, 0);
insert into Skill values ( 670 , 'Contract Management');
insert into Has_skill values ( 51 , 567, 0);
insert into Skill values ( 567 , 'Asset Management');
insert into Has_skill values ( 51 , 349, 0);
insert into Skill values ( 349 , 'Valuation');
insert into Has_skill values ( 51 , 602, 0);
insert into Skill values ( 602 , 'Property Management');
insert into Has_skill values ( 51 , 603, 0);
insert into Skill values ( 603 , 'Commercial Real Estate');
insert into Has_skill values ( 51 , 626, 0);
insert into Skill values ( 626 , 'Corporate Real Estate');
insert into Has_skill values ( 51 , 610, 0);
insert into Skill values ( 610 , 'Start-ups');
insert into Has_skill values ( 51 , 473, 0);
insert into Skill values ( 473 , 'Selling');
insert into Has_skill values ( 51 , 680, 0);
insert into Skill values ( 680 , 'Facilities Management');
insert into Has_skill values ( 51 , 477, 0);
insert into Skill values ( 477 , 'Market Research');
insert into Has_skill values ( 51 , 629, 0);
insert into Skill values ( 629 , 'Property');
insert into Has_skill values ( 51 , 623, 0);
insert into Skill values ( 623 , 'Brokerage');
insert into Has_skill values ( 51 , 660, 0);
insert into Skill values ( 660 , 'Shopping Centers');
insert into Has_skill values ( 51 , 625, 0);
insert into Skill values ( 625 , 'Real Estate Economics');
insert into Has_skill values ( 51 , 620, 0);
insert into Skill values ( 620 , 'Real Estate Transactions');
insert into Has_skill values ( 51 , 632, 0);
insert into Skill values ( 632 , 'International Real...');
insert into Has_skill values ( 51 , 396, 0);
insert into Skill values ( 396 , 'Entrepreneurship');
insert into Knows_language values ( 51 , 512);
insert into Languages values ( 512 , 'German');
insert into Knows_language values ( 51 , 501);
insert into Languages values ( 501 , 'English');

insert into User values ( 52 , 'Николай' , 'Далевич', 100, 0, 'Real Estate');
insert into Education values ( 52 , 158 , 238 , 'инженер-экономист', '1994 – 1999', '1994 – 1999');
insert into University values ( 158 , 'Московский Авиационный Институт (Государственный Технический Университет) (МАИ)');
insert into Education values ( 52 , 159 , 239 , 'не закончил', '1993 – 1994', '1993 – 1994');
insert into University values ( 159 , 'Московский институт геодезии и картографии');
insert into Has_skill values ( 52 , 681, 0);
insert into Skill values ( 681 , 'в таможенной и...');
insert into Has_skill values ( 52 , 682, 0);
insert into Skill values ( 682 , 'в ритейле сотовой связи');
insert into Has_skill values ( 52 , 683, 0);
insert into Skill values ( 683 , 'в процессинге платежных...');
insert into Has_skill values ( 52 , 684, 0);
insert into Skill values ( 684 , 'в девелопменте...');
insert into Has_skill values ( 52 , 606, 0);
insert into Skill values ( 606 , 'Real Estate');
insert into Has_skill values ( 52 , 650, 0);
insert into Skill values ( 650 , 'Negotiation');
insert into Has_skill values ( 52 , 663, 0);
insert into Skill values ( 663 , 'Contract Negotiation');
insert into Has_skill values ( 52 , 605, 0);
insert into Skill values ( 605 , 'Real Estate Development');
insert into Has_skill values ( 52 , 424, 0);
insert into Skill values ( 424 , 'Budgets');
insert into Has_skill values ( 52 , 603, 0);
insert into Skill values ( 603 , 'Commercial Real Estate');
insert into Has_skill values ( 52 , 353, 0);
insert into Skill values ( 353 , 'Project Management');
insert into Has_skill values ( 52 , 670, 0);
insert into Skill values ( 670 , 'Contract Management');
insert into Has_skill values ( 52 , 673, 0);
insert into Skill values ( 673 , 'New Business Development');
insert into Has_skill values ( 52 , 668, 0);
insert into Skill values ( 668 , 'Construction');
insert into Has_skill values ( 52 , 347, 0);
insert into Skill values ( 347 , 'Business Strategy');
insert into Has_skill values ( 52 , 602, 0);
insert into Skill values ( 602 , 'Property Management');
insert into Has_skill values ( 52 , 359, 0);
insert into Skill values ( 359 , 'Due Diligence');
insert into Has_skill values ( 52 , 669, 0);
insert into Skill values ( 669 , 'Construction Management');
insert into Has_skill values ( 52 , 417, 0);
insert into Skill values ( 417 , 'Management');
insert into Has_skill values ( 52 , 381, 0);
insert into Skill values ( 381 , 'Strategic Planning');
insert into Has_skill values ( 52 , 498, 0);
insert into Skill values ( 498 , 'Project Planning');
insert into Has_skill values ( 52 , 379, 0);
insert into Skill values ( 379 , 'Business Development');
insert into Has_skill values ( 52 , 480, 0);
insert into Skill values ( 480 , 'Sales Management');
insert into Has_skill values ( 52 , 491, 0);
insert into Skill values ( 491 , 'Business Planning');
insert into Member_of values ( 52 , 590);
insert into Groups values ( 590 , 'Waste to Energy International', 0);
insert into Member_of values ( 52 , 584);
insert into Groups values ( 584 , 'Investors & Investment projects in Russia and CIS.', 0);
insert into Member_of values ( 52 , 591);
insert into Groups values ( 591 , 'Data Center Construction Professionals', 0);
insert into Member_of values ( 52 , 586);
insert into Groups values ( 586 , 'SELL YOUR HEAD (Вакансии, Vacancies, Работа, Job)', 0);
insert into Knows_language values ( 52 , 518);
insert into Languages values ( 518 , 'английский');
insert into Employer values ( 737 , 'Строй Группа Девелопмент');
insert into Experience values ( 52 , 737, '', '');
insert into Employer values ( 738 , 'ООО "Строй Группа Девелопмент"');
insert into Experience values ( 52 , 738, '2012-02-01', '2014-12-11');
insert into Employer values ( 739 , 'ООО "Михайлов и Партнеры. Недвижимость и Девелопмент"');
insert into Experience values ( 52 , 739, '2011-06-01', '2012-02-09');
insert into Employer values ( 740 , 'ООО "Аксис Девелопмент"');
insert into Experience values ( 52 , 740, '2008-11-01', '2010-11-02');

insert into User values ( 53 , 'Andrey' , 'Stolyarov', 181, 0, 'Construction');
insert into Education values ( 53 , 160 , 240 , 'Инженер-строитель', '2000 – 2003', '2000 – 2003');
insert into University values ( 160 , 'Московский Институт Коммунального Хозяйства и Строительства / Moscow Institute of Municipal Economy and Construction');
insert into Education values ( 53 , 161 , 241 , 'Инженер-механик', '1981 – 1986', '1981 – 1986');
insert into University values ( 161 , 'Московский полиграфический институт');
insert into Has_skill values ( 53 , 685, 0);
insert into Skill values ( 685 , 'Управление проектами...');
insert into Has_skill values ( 53 , 686, 0);
insert into Skill values ( 686 , 'Выполнение функций...');
insert into Has_skill values ( 53 , 667, 0);
insert into Skill values ( 667 , 'Организация...');
insert into Has_skill values ( 53 , 687, 0);
insert into Skill values ( 687 , 'Перебазирование и...');
insert into Has_skill values ( 53 , 688, 0);
insert into Skill values ( 688 , 'Организация выбора...');
insert into Has_skill values ( 53 , 689, 0);
insert into Skill values ( 689 , 'Выбор площадки под...');
insert into Has_skill values ( 53 , 690, 0);
insert into Skill values ( 690 , 'Организвция сбора...');
insert into Has_skill values ( 53 , 691, 0);
insert into Skill values ( 691 , 'Решение проблемных...');
insert into Has_skill values ( 53 , 692, 0);
insert into Skill values ( 692 , 'Кризисное управление...');
insert into Knows_language values ( 53 , 516);
insert into Languages values ( 516 , 'Английский');
insert into Employer values ( 741 , 'Группа Компаний Синтез');
insert into Experience values ( 53 , 741, '2013-06-01', '2014-12-15');
insert into Employer values ( 742 , 'X5 Retail Group');
insert into Experience values ( 53 , 742, '2013-01-01', '2013-06-06');
insert into Employer values ( 742 , 'X5 Retail Group');
insert into Experience values ( 53 , 742, '2011-11-01', '2013-01-01');
insert into Employer values ( 743 , 'ООО "Элида"');
insert into Experience values ( 53 , 743, '2009-08-01', '2011-09-02');
insert into Employer values ( 744 , 'АМО ЗИЛ');
insert into Experience values ( 53 , 744, '2000-01-01', '2009-08-09');

insert into User values ( 54 , 'Олег' , 'Чернавин', 51, 0, 'Construction');
insert into Education values ( 54 , 162 , 240 , 'Инженер-строитель', '1996 – 2001', '1996 – 2001');
insert into University values ( 162 , 'Ульяновский Государственный Технический Университет / Ulyanovsk State Technical University');
insert into Has_skill values ( 54 , 693, 0);
insert into Skill values ( 693 , 'реализация...');
insert into Has_skill values ( 54 , 694, 0);
insert into Skill values ( 694 , 'поиск земельных...');
insert into Has_skill values ( 54 , 695, 0);
insert into Skill values ( 695 , 'оценка инвестиционной...');
insert into Has_skill values ( 54 , 696, 0);
insert into Skill values ( 696 , 'составление и анализ...');
insert into Has_skill values ( 54 , 697, 0);
insert into Skill values ( 697 , 'организация работы...');
insert into Has_skill values ( 54 , 698, 0);
insert into Skill values ( 698 , 'оформление...');
insert into Has_skill values ( 54 , 699, 0);
insert into Skill values ( 699 , 'организация проведения...');
insert into Has_skill values ( 54 , 700, 0);
insert into Skill values ( 700 , 'прохождение...');
insert into Has_skill values ( 54 , 701, 0);
insert into Skill values ( 701 , 'организация и контроль...');
insert into Has_skill values ( 54 , 702, 0);
insert into Skill values ( 702 , 'текущий учет и анализ...');
insert into Has_skill values ( 54 , 703, 0);
insert into Skill values ( 703 , 'получение разрешения на...');
insert into Member_of values ( 54 , 592);
insert into Groups values ( 592 , 'Construction Management', 0);
insert into Member_of values ( 54 , 593);
insert into Groups values ( 593 , 'ЖИЛАЯ НЕДВИЖИМОСТЬ', 0);
insert into Member_of values ( 54 , 584);
insert into Groups values ( 584 , 'Investors & Investment projects in Russia and CIS.', 0);
insert into Member_of values ( 54 , 578);
insert into Groups values ( 578 , 'НЕДВИЖИМОСТЬ - РОССИЙСКАЯ ДЕЛОВАЯ СОЦИАЛЬНАЯ СЕТЬ.', 0);
insert into Employer values ( 745 , 'ООО "Парк групп девелопмент"');
insert into Experience values ( 54 , 745, '2010-07-01', '2014-12-15');
insert into Employer values ( 746 , 'ООО "Стройконтроль"');
insert into Experience values ( 54 , 746, '2007-05-01', '2010-07-03');
insert into Employer values ( 747 , 'ООО "Градострой"');
insert into Experience values ( 54 , 747, '2006-09-01', '2007-05-09');

insert into User values ( 55 , 'Игорь' , 'Малышев', 500, 0, 'Construction');
insert into Education values ( 55 , 163 , 202 , '', '2000 – 2004', '2000 – 2004');
insert into University values ( 163 , 'Ставропольский Институт им. В.Д. Чурсина');
insert into Has_skill values ( 55 , 630, 0);
insert into Skill values ( 630 , 'Residential Homes');
insert into Has_skill values ( 55 , 605, 0);
insert into Skill values ( 605 , 'Real Estate Development');
insert into Has_skill values ( 55 , 663, 0);
insert into Skill values ( 663 , 'Contract Negotiation');
insert into Has_skill values ( 55 , 606, 0);
insert into Skill values ( 606 , 'Real Estate');
insert into Has_skill values ( 55 , 650, 0);
insert into Skill values ( 650 , 'Negotiation');
insert into Has_skill values ( 55 , 602, 0);
insert into Skill values ( 602 , 'Property Management');
insert into Has_skill values ( 55 , 498, 0);
insert into Skill values ( 498 , 'Project Planning');
insert into Has_skill values ( 55 , 353, 0);
insert into Skill values ( 353 , 'Project Management');
insert into Has_skill values ( 55 , 604, 0);
insert into Skill values ( 604 , 'Investment Properties');
insert into Has_skill values ( 55 , 673, 0);
insert into Skill values ( 673 , 'New Business Development');
insert into Has_skill values ( 55 , 704, 0);
insert into Skill values ( 704 , 'Pre-construction');
insert into Has_skill values ( 55 , 705, 0);
insert into Skill values ( 705 , 'Basements');
insert into Has_skill values ( 55 , 706, 0);
insert into Skill values ( 706 , 'Change Orders');
insert into Has_skill values ( 55 , 707, 0);
insert into Skill values ( 707 , 'On-Screen Takeoff');
insert into Has_skill values ( 55 , 708, 0);
insert into Skill values ( 708 , 'Room Addition');
insert into Has_skill values ( 55 , 480, 0);
insert into Skill values ( 480 , 'Sales Management');
insert into Has_skill values ( 55 , 709, 0);
insert into Skill values ( 709 , 'Suretrack');
insert into Has_skill values ( 55 , 710, 0);
insert into Skill values ( 710 , 'Constructability');
insert into Has_skill values ( 55 , 711, 0);
insert into Skill values ( 711 , 'On Screen Takeoff');
insert into Has_skill values ( 55 , 347, 0);
insert into Skill values ( 347 , 'Business Strategy');
insert into Member_of values ( 55 , 594);
insert into Groups values ( 594 , 'Инвестиции в недвижимость', 0);
insert into Member_of values ( 55 , 595);
insert into Groups values ( 595 , 'Инвестиции и финансы', 0);
insert into Member_of values ( 55 , 596);
insert into Groups values ( 596 , 'Журнал «Генеральный Директор»', 0);
insert into Member_of values ( 55 , 597);
insert into Groups values ( 597 , 'Analyst Investor (Аналитик Инвестора)', 0);
insert into Member_of values ( 55 , 598);
insert into Groups values ( 598 , 'Привлечение инвестиций в российские компании', 0);
insert into Member_of values ( 55 , 599);
insert into Groups values ( 599 , 'РОССИЙСКИЕ ДЕЛОВЫЕ СОЦИАЛЬНЫЕ СЕТИ', 0);
insert into Member_of values ( 55 , 600);
insert into Groups values ( 600 , 'РОССИЯ - РОССИЙСКАЯ ДЕЛОВАЯ СОЦИАЛЬНАЯ СЕТЬ', 0);
insert into Member_of values ( 55 , 601);
insert into Groups values ( 601 , 'Строительство: поиск заказчиков, подрядчиков, инвестиций', 0);
insert into Member_of values ( 55 , 602);
insert into Groups values ( 602 , 'Инвесторы', 0);
insert into Member_of values ( 55 , 582);
insert into Groups values ( 582 , 'Строительство / Construction in Russia', 0);
insert into Member_of values ( 55 , 603);
insert into Groups values ( 603 , 'ТЕХНИЧЕСКИЙ ЗАКАЗЧИК, УПРАВЛЕНИЕ СТРОИТЕЛЬСТВОМ, ПРОЕКТИРОВАНИЕ И СТРОИТЕЛЬСТВО,ЭКСПЛУАТАЦИЯ', 0);
insert into Member_of values ( 55 , 584);
insert into Groups values ( 584 , 'Investors & Investment projects in Russia and CIS.', 0);
insert into Member_of values ( 55 , 578);
insert into Groups values ( 578 , 'НЕДВИЖИМОСТЬ - РОССИЙСКАЯ ДЕЛОВАЯ СОЦИАЛЬНАЯ СЕТЬ.', 0);
insert into Member_of values ( 55 , 604);
insert into Groups values ( 604 , 'Финансы. Инвестиции. Кредитование', 0);
insert into Member_of values ( 55 , 605);
insert into Groups values ( 605 , 'Investors in Russia', 0);
insert into Member_of values ( 55 , 606);
insert into Groups values ( 606 , 'СТРОИТЕЛЬСТВО - РОССИЙСКАЯ СОЦИАЛЬНАЯ ИНТЕРАКТИВНАЯ СЕТЬ', 0);
insert into Member_of values ( 55 , 607);
insert into Groups values ( 607 , 'ПРОЕКТЫ - РОССИЙСКАЯ ДЕЛОВАЯ СОЦИАЛЬНАЯ СЕТЬ', 0);
insert into Knows_language values ( 55 , 516);
insert into Languages values ( 516 , 'Английский');
insert into Employer values ( 748 , 'ООО "СтройМеталлИнвест"');
insert into Experience values ( 55 , 748, '2010-08-01', '2014-12-15');
insert into Employer values ( 749 , 'ООО "СтройОптТорг"');
insert into Experience values ( 55 , 749, '2011-11-01', '2013-04-01');
insert into Employer values ( 750 , 'ООО "РУНД-СК"');
insert into Experience values ( 55 , 750, '2012-01-01', '2013-02-01');

insert into User values ( 56 , 'Sergey' , 'Gogolev', 336, 0, 'Commercial Real Estate');
insert into Education values ( 56 , 164 , 242 , 'Ph.D', '2007 – 2009', '2007 – 2009');
insert into University values ( 164 , 'State Academy of Construction');
insert into Education values ( 56 , 165 , 243 , 'MBA', '2002 – 2004', '2002 – 2004');
insert into University values ( 165 , 'University of Michigan - Stephen M. Ross School of Business');
insert into Education values ( 56 , 166 , 244 , 'B.D', '1996 – 1997', '1996 – 1997');
insert into University values ( 166 , 'General Motors Engineering and Management Institute');
insert into Education values ( 56 , 167 , 245 , 'Master', '1993 – 1995', '1993 – 1995');
insert into University values ( 167 , 'Saint Petersburg State University');
insert into Has_skill values ( 56 , 605, 0);
insert into Skill values ( 605 , 'Real Estate Development');
insert into Has_skill values ( 56 , 379, 0);
insert into Skill values ( 379 , 'Business Development');
insert into Has_skill values ( 56 , 369, 0);
insert into Skill values ( 369 , 'Mergers & Acquisitions');
insert into Has_skill values ( 56 , 388, 0);
insert into Skill values ( 388 , 'Investments');
insert into Has_skill values ( 56 , 417, 0);
insert into Skill values ( 417 , 'Management');
insert into Has_skill values ( 56 , 347, 0);
insert into Skill values ( 347 , 'Business Strategy');
insert into Has_skill values ( 56 , 398, 0);
insert into Skill values ( 398 , 'Finance');
insert into Has_skill values ( 56 , 712, 0);
insert into Skill values ( 712 , 'Procurement');
insert into Has_skill values ( 56 , 668, 0);
insert into Skill values ( 668 , 'Construction');
insert into Has_skill values ( 56 , 399, 0);
insert into Skill values ( 399 , 'Portfolio Management');
insert into Has_skill values ( 56 , 630, 0);
insert into Skill values ( 630 , 'Residential Homes');
insert into Has_skill values ( 56 , 465, 0);
insert into Skill values ( 465 , 'Retail');
insert into Has_skill values ( 56 , 713, 0);
insert into Skill values ( 713 , 'Banking');
insert into Has_skill values ( 56 , 660, 0);
insert into Skill values ( 660 , 'Shopping Centers');
insert into Has_skill values ( 56 , 567, 0);
insert into Skill values ( 567 , 'Asset Management');
insert into Member_of values ( 56 , 570);
insert into Groups values ( 570 , 'Inman News - Real Estate Connect', 0);
insert into Member_of values ( 56 , 542);
insert into Groups values ( 542 , 'The Real Estate Networking Group (Insider Strategies)', 0);
insert into Member_of values ( 56 , 608);
insert into Groups values ( 608 , 'Corporate Real Estate', 0);
insert into Member_of values ( 56 , 609);
insert into Groups values ( 609 , 'The Executive Search Group', 0);
insert into Member_of values ( 56 , 610);
insert into Groups values ( 610 , 'JOBS IN PR & COMMS', 0);
insert into Member_of values ( 56 , 552);
insert into Groups values ( 552 , 'Commercial Real Estate Investment, Development, & Property Management', 0);
insert into Member_of values ( 56 , 611);
insert into Groups values ( 611 , 'RusKey Biz - All about Russian Business', 0);
insert into Member_of values ( 56 , 562);
insert into Groups values ( 562 , 'EUROPEAN REAL ESTATE GROUP', 0);
insert into Employer values ( 751 , 'REMG (Real Estate Management Group)');
insert into Experience values ( 56 , 751, '2014-08-01', '2014-12-15');
insert into Employer values ( 752 , 'Renova');
insert into Experience values ( 56 , 752, '2012-12-01', '2014-08-01');
insert into Employer values ( 753 , 'ZAO Don-Stroy Invest');
insert into Experience values ( 56 , 753, '2011-03-01', '2012-12-01');
insert into Employer values ( 754 , 'AFI Development');
insert into Experience values ( 56 , 754, '2010-06-01', '2010-12-07');
insert into Employer values ( 755 , 'Trigranit Development Corporation Russia and CIS (Trizec Properrties)');
insert into Experience values ( 56 , 755, '2007-10-01', '2010-05-02');
insert into Employer values ( 756 , 'MEGA-IKEA');
insert into Experience values ( 56 , 756, '2004-08-01', '2007-09-03');

insert into User values ( 57 , 'Grigoriy' , 'Nekrasov', 500, 0, 'Real Estate');
insert into Education values ( 57 , 168 , 229 , 'Masters degree', '2001 – 2006', '2001 – 2006');
insert into University values ( 168 , 'Omsk State University (OSU)');
insert into Has_skill values ( 57 , 407, 0);
insert into Skill values ( 407 , 'Asset Managment');
insert into Has_skill values ( 57 , 604, 0);
insert into Skill values ( 604 , 'Investment Properties');
insert into Has_skill values ( 57 , 606, 0);
insert into Skill values ( 606 , 'Real Estate');
insert into Has_skill values ( 57 , 650, 0);
insert into Skill values ( 650 , 'Negotiation');
insert into Has_skill values ( 57 , 386, 0);
insert into Skill values ( 386 , 'Mergers');
insert into Has_skill values ( 57 , 388, 0);
insert into Skill values ( 388 , 'Investments');
insert into Has_skill values ( 57 , 624, 0);
insert into Skill values ( 624 , 'Real Estate Financing');
insert into Has_skill values ( 57 , 713, 0);
insert into Skill values ( 713 , 'Banking');
insert into Has_skill values ( 57 , 714, 0);
insert into Skill values ( 714 , 'Project Finance');
insert into Has_skill values ( 57 , 349, 0);
insert into Skill values ( 349 , 'Valuation');
insert into Has_skill values ( 57 , 346, 0);
insert into Skill values ( 346 , 'Financial Modeling');
insert into Has_skill values ( 57 , 347, 0);
insert into Skill values ( 347 , 'Business Strategy');
insert into Has_skill values ( 57 , 603, 0);
insert into Skill values ( 603 , 'Commercial Real Estate');
insert into Member_of values ( 57 , 548);
insert into Groups values ( 548 , 'Mergers and Acquisitions - M&A', 0);
insert into Member_of values ( 57 , 540);
insert into Groups values ( 540 , 'EuropaProperty - Commercial Real Estate MIPIM MAPIC CITYSCAPE ASIA ICSC Terrapinn Expo Real Corenet', 0);
insert into Member_of values ( 57 , 589);
insert into Groups values ( 589 , 'Private Equity in Russia & CIS', 0);
insert into Member_of values ( 57 , 612);
insert into Groups values ( 612 , 'Red Square International - Recruitment of Russian Speaking Professionals Worldwide', 0);
insert into Member_of values ( 57 , 613);
insert into Groups values ( 613 , 'Bank and Finance Professionals of Russia & CIS', 0);
insert into Member_of values ( 57 , 614);
insert into Groups values ( 614 , 'Russian Real Estate Summit', 0);
insert into Member_of values ( 57 , 615);
insert into Groups values ( 615 , 'Jobs in Moscow / Работа в Москве (Russia / Россия)', 0);
insert into Member_of values ( 57 , 616);
insert into Groups values ( 616 , 'Real Estate Employment Network', 0);
insert into Member_of values ( 57 , 617);
insert into Groups values ( 617 , 'BUSINESS IN CHINA', 0);
insert into Member_of values ( 57 , 618);
insert into Groups values ( 618 , 'Top 100 World European Banking Partners for Real Estate', 0);
insert into Member_of values ( 57 , 531);
insert into Groups values ( 531 , 'EuropaProperty Real Estate European Recruitment - CEE SEE CIS EU GLOBAL – HR Search Headhunters', 0);
insert into Member_of values ( 57 , 619);
insert into Groups values ( 619 , 'Global Capital Sources for Conventional & Alternative REAL ESTATE Funding', 0);
insert into Member_of values ( 57 , 620);
insert into Groups values ( 620 , 'ULI-the Urban Land Institute', 0);
insert into Member_of values ( 57 , 621);
insert into Groups values ( 621 , 'Finparty.ru', 0);
insert into Employer values ( 757 , 'Nordea');
insert into Experience values ( 57 , 757, '2008-02-01', '2014-12-11');
insert into Employer values ( 758 , 'F-Consulting Group');
insert into Experience values ( 57 , 758, '2004-01-01', '2008-02-04');
insert into Employer values ( 758 , 'F-Consulting Group');
insert into Experience values ( 57 , 758, '2002-03-01', '2004-01-01');

insert into User values ( 58 , 'Olga' , 'Mashkova', 500, 0, 'Real Estate');
insert into Education values ( 58 , 169 , 246 , 'Бакалавр', '2003 – 2008', '2003 – 2008');
insert into University values ( 169 , 'МАТИ РГТУ им. Циолковского');
insert into Education values ( 58 , 170 , 202 , '', '1992 – 2003', '1992 – 2003');
insert into University values ( 170 , 'Школа №507 с лицейскими химико-биологическими классами');
insert into Has_skill values ( 58 , 632, 0);
insert into Skill values ( 632 , 'International Real...');
insert into Member_of values ( 58 , 622);
insert into Groups values ( 622 , 'Moscow Foreign Property Club', 0);
insert into Member_of values ( 58 , 623);
insert into Groups values ( 623 , 'LPS-China.com', 0);
insert into Member_of values ( 58 , 624);
insert into Groups values ( 624 , 'Balaton Immobiliare', 0);
insert into Member_of values ( 58 , 625);
insert into Groups values ( 625 , 'Links 2 Turkey', 0);
insert into Employer values ( 759 , 'Высшая Школа Экономики и Недвижимости');
insert into Experience values ( 58 , 759, '2012-02-01', '2014-12-11');
insert into Employer values ( 760 , 'Moscow Foreign Property Club');
insert into Experience values ( 58 , 760, '2009-02-01', '2014-12-11');
insert into Employer values ( 761 , 'Century 21');
insert into Experience values ( 58 , 761, '2007-04-01', '2009-10-02');

insert into User values ( 59 , 'Aleksandra' , 'Yurchenko', 500, 0, 'Real Estate');
insert into Education values ( 59 , 171 , 247 , 'Master of Science (MSc)', '2013 – 2014', '2013 – 2014');
insert into University values ( 171 , 'Cass Business School');
insert into Education values ( 59 , 172 , 248 , 'Master of Business Administration (MBA). Degree not finalized', '2011 – 2013', '2011 – 2013');
insert into University values ( 172 , 'Moscow International Higher Business School MIRBIS (Institute) ');
insert into Education values ( 59 , 173 , 249 , 'Bachelor of Science (BS) (Hons)', '2002 – 2007', '2002 – 2007');
insert into University values ( 173 , 'Lomonosov Moscow State University (MSU)');
insert into Knows_language values ( 59 , 501);
insert into Languages values ( 501 , 'English');
insert into Knows_language values ( 59 , 509);
insert into Languages values ( 509 , 'French');
insert into Knows_language values ( 59 , 515);
insert into Languages values ( 515 , 'Russian');
insert into Employer values ( 762 , 'Lenhart Global Investments LTD');
insert into Experience values ( 59 , 762, '2011-11-01', '2013-08-01');
insert into Employer values ( 763 , 'EVANS');
insert into Experience values ( 59 , 763, '2010-06-01', '2011-11-01');
insert into Employer values ( 764 , 'Zeus Development');
insert into Experience values ( 59 , 764, '2010-03-01', '2010-06-04');
insert into Employer values ( 765 , 'Best-Nedvizhimost');
insert into Experience values ( 59 , 765, '2008-10-01', '2010-03-01');


insert into User values ( 60 , 'James' , 'Erb', 500, 0, 'Information Technology and Services');
insert into Education values ( 60 , 132 , 250 , 'Ph.D.', '1996', '1996');
insert into University values ( 132 , 'University of California, Berkeley');
insert into Education values ( 60 , 174 , 251 , 'BA', '1983 – 1987', '1983 – 1987');
insert into University values ( 174 , 'University of Michigan');
insert into Education values ( 60 , 175 , 202 , '', '', '');
insert into University values ( 175 , 'Japan Society of Northern California');
insert into Has_skill values ( 60 , 305, 0);
insert into Skill values ( 305 , 'CSS');
insert into Has_skill values ( 60 , 715, 0);
insert into Skill values ( 715 , 'AJAX');
insert into Has_skill values ( 60 , 716, 0);
insert into Skill values ( 716 , 'Information Architecture');
insert into Has_skill values ( 60 , 304, 0);
insert into Skill values ( 304 , 'HTML');
insert into Has_skill values ( 60 , 717, 0);
insert into Skill values ( 717 , 'Japanese');
insert into Has_skill values ( 60 , 718, 0);
insert into Skill values ( 718 , 'German');
insert into Has_skill values ( 60 , 719, 0);
insert into Skill values ( 719 , 'Taxonomy');
insert into Has_skill values ( 60 , 720, 0);
insert into Skill values ( 720 , 'Front-end Development');
insert into Has_skill values ( 60 , 721, 0);
insert into Skill values ( 721 , 'Agile');
insert into Has_skill values ( 60 , 303, 0);
insert into Skill values ( 303 , 'JavaScript');
insert into Has_skill values ( 60 , 722, 0);
insert into Skill values ( 722 , 'JSP');
insert into Has_skill values ( 60 , 723, 0);
insert into Skill values ( 723 , 'jQuery');
insert into Has_skill values ( 60 , 724, 0);
insert into Skill values ( 724 , 'Scrum');
insert into Has_skill values ( 60 , 481, 0);
insert into Skill values ( 481 , 'E-commerce');
insert into Has_skill values ( 60 , 725, 0);
insert into Skill values ( 725 , 'Web Development');
insert into Has_skill values ( 60 , 726, 0);
insert into Skill values ( 726 , 'SEO copywriting');
insert into Has_skill values ( 60 , 727, 0);
insert into Skill values ( 727 , 'Localization');
insert into Has_skill values ( 60 , 728, 0);
insert into Skill values ( 728 , 'Offshore Management');
insert into Has_skill values ( 60 , 565, 0);
insert into Skill values ( 565 , 'Software Project...');
insert into Has_skill values ( 60 , 729, 0);
insert into Skill values ( 729 , 'Front-end');
insert into Has_skill values ( 60 , 564, 0);
insert into Skill values ( 564 , 'Agile Methodologies');
insert into Has_skill values ( 60 , 730, 0);
insert into Skill values ( 730 , 'User Interface');
insert into Has_skill values ( 60 , 417, 0);
insert into Skill values ( 417 , 'Management');
insert into Has_skill values ( 60 , 731, 0);
insert into Skill values ( 731 , 'Ruby on Rails');
insert into Has_skill values ( 60 , 732, 0);
insert into Skill values ( 732 , 'User Interface Design');
insert into Has_skill values ( 60 , 733, 0);
insert into Skill values ( 733 , 'User Experience');
insert into Has_skill values ( 60 , 734, 0);
insert into Skill values ( 734 , 'XML');
insert into Has_skill values ( 60 , 735, 0);
insert into Skill values ( 735 , 'HTML 5');
insert into Has_skill values ( 60 , 736, 0);
insert into Skill values ( 736 , 'Content Management');
insert into Has_skill values ( 60 , 737, 0);
insert into Skill values ( 737 , 'Mobile Devices');
insert into Knows_language values ( 60 , 512);
insert into Languages values ( 512 , 'German');
insert into Knows_language values ( 60 , 508);
insert into Languages values ( 508 , 'Japanese');
insert into Employer values ( 766 , 'Sephora');
insert into Experience values ( 60 , 766, '2013-01-01', '');
insert into Employer values ( 766 , 'Sephora');
insert into Experience values ( 60 , 766, '2010-06-01', '2012-12-02');
insert into Employer values ( 767 , 'Jerbco, LLC');
insert into Experience values ( 60 , 767, '2008-07-01', '2010-12-02');
insert into Employer values ( 768 , 'Magley & Associates');
insert into Experience values ( 60 , 768, '2006-01-01', '2008-06-02');
insert into Employer values ( 769 , 'Jigsaw');
insert into Experience values ( 60 , 769, '2006-04-01', '2007-02-11');
insert into Employer values ( 770 , 'Hotwire');
insert into Experience values ( 60 , 770, '2000-06-01', '2006-04-05');
insert into Employer values ( 771 , '2Bridge');
insert into Experience values ( 60 , 771, '1999-01-01', '');
insert into Employer values ( 772 , 'University of Oregon');
insert into Experience values ( 60 , 772, '1996-01-01', '');

insert into User values ( 61 , 'Lucinda' , 'Newcomb', 500, 0, 'Internet');
insert into Education values ( 61 , 176 , 251 , 'BA', '1990 – 1994', '1990 – 1994');
insert into University values ( 176 , 'Swarthmore College');
insert into Has_skill values ( 61 , 377, 0);
insert into Skill values ( 377 , 'Product Management');
insert into Has_skill values ( 61 , 481, 0);
insert into Skill values ( 481 , 'E-commerce');
insert into Has_skill values ( 61 , 380, 0);
insert into Skill values ( 380 , 'Analytics');
insert into Has_skill values ( 61 , 610, 0);
insert into Skill values ( 610 , 'Start-ups');
insert into Has_skill values ( 61 , 738, 0);
insert into Skill values ( 738 , 'SaaS');
insert into Has_skill values ( 61 , 739, 0);
insert into Skill values ( 739 , 'Online Advertising');
insert into Has_skill values ( 61 , 492, 0);
insert into Skill values ( 492 , 'Product Marketing');
insert into Has_skill values ( 61 , 384, 0);
insert into Skill values ( 384 , 'Competitive Analysis');
insert into Has_skill values ( 61 , 740, 0);
insert into Skill values ( 740 , 'Strategic Partnerships');
insert into Has_skill values ( 61 , 381, 0);
insert into Skill values ( 381 , 'Strategic Planning');
insert into Has_skill values ( 61 , 378, 0);
insert into Skill values ( 378 , 'Cross-functional Team...');
insert into Has_skill values ( 61 , 347, 0);
insert into Skill values ( 347 , 'Business Strategy');
insert into Has_skill values ( 61 , 741, 0);
insert into Skill values ( 741 , 'Product Strategies');
insert into Has_skill values ( 61 , 742, 0);
insert into Skill values ( 742 , 'Mobile Phone Apps');
insert into Has_skill values ( 61 , 494, 0);
insert into Skill values ( 494 , 'Strategy');
insert into Has_skill values ( 61 , 737, 0);
insert into Skill values ( 737 , 'Mobile Devices');
insert into Has_skill values ( 61 , 733, 0);
insert into Skill values ( 733 , 'User Experience');
insert into Has_skill values ( 61 , 613, 0);
insert into Skill values ( 613 , 'Mobile Applications');
insert into Has_skill values ( 61 , 743, 0);
insert into Skill values ( 743 , 'SEO');
insert into Has_skill values ( 61 , 417, 0);
insert into Skill values ( 417 , 'Management');
insert into Has_skill values ( 61 , 376, 0);
insert into Skill values ( 376 , 'Program Management');
insert into Employer values ( 766 , 'Sephora');
insert into Experience values ( 61 , 766, '2014-08-01', '2014-12-15');
insert into Employer values ( 773 , 'SEPHORA');
insert into Experience values ( 61 , 773, '2013-04-01', '2014-08-01');
insert into Employer values ( 774 , 'BBC Worldwide');
insert into Experience values ( 61 , 774, '2012-07-01', '2013-03-09');
insert into Employer values ( 775 , 'Lonely Planet');
insert into Experience values ( 61 , 775, '2011-04-01', '2012-07-01');
insert into Employer values ( 776 , 'Gap Inc. Direct');
insert into Experience values ( 61 , 776, '2007-03-01', '2010-04-03');
insert into Employer values ( 777 , 'Yahoo!');
insert into Experience values ( 61 , 777, '2005-08-01', '2007-02-01');
insert into Employer values ( 778 , 'Valchemy');
insert into Experience values ( 61 , 778, '2004-07-01', '2005-07-01');
insert into Employer values ( 779 , 'Proxicom');
insert into Experience values ( 61 , 779, '1998-01-01', '');
insert into Employer values ( 780 , 'Gartner Group');
insert into Experience values ( 61 , 780, '1995-01-01', '');
insert into Employer values ( 781 , 'U.S. Treasury');
insert into Experience values ( 61 , 781, '1994-01-01', '');

insert into User values ( 62 , 'Kathy' , 'Rott', 500, 0, 'Internet');
insert into Education values ( 62 , 177 , 202 , '', 'September 1988 – 1991', 'September 1988 – 1991');
insert into University values ( 177 , 'Yale University');
insert into Education values ( 62 , 178 , 202 , '', '1984 – 1987', '1984 – 1987');
insert into University values ( 178 , 'Duke University');
insert into Has_skill values ( 62 , 481, 0);
insert into Skill values ( 481 , 'E-commerce');
insert into Has_skill values ( 62 , 377, 0);
insert into Skill values ( 377 , 'Product Management');
insert into Has_skill values ( 62 , 733, 0);
insert into Skill values ( 733 , 'User Experience');
insert into Has_skill values ( 62 , 716, 0);
insert into Skill values ( 716 , 'Information Architecture');
insert into Has_skill values ( 62 , 380, 0);
insert into Skill values ( 380 , 'Analytics');
insert into Has_skill values ( 62 , 744, 0);
insert into Skill values ( 744 , 'Web Analytics');
insert into Has_skill values ( 62 , 745, 0);
insert into Skill values ( 745 , 'Digital Marketing');
insert into Has_skill values ( 62 , 737, 0);
insert into Skill values ( 737 , 'Mobile Devices');
insert into Has_skill values ( 62 , 746, 0);
insert into Skill values ( 746 , 'Email Marketing');
insert into Has_skill values ( 62 , 613, 0);
insert into Skill values ( 613 , 'Mobile Applications');
insert into Has_skill values ( 62 , 747, 0);
insert into Skill values ( 747 , 'Omniture');
insert into Has_skill values ( 62 , 610, 0);
insert into Skill values ( 610 , 'Start-ups');
insert into Has_skill values ( 62 , 748, 0);
insert into Skill values ( 748 , 'Integrated Marketing');
insert into Has_skill values ( 62 , 382, 0);
insert into Skill values ( 382 , 'Product Development');
insert into Has_skill values ( 62 , 725, 0);
insert into Skill values ( 725 , 'Web Development');
insert into Has_skill values ( 62 , 749, 0);
insert into Skill values ( 749 , 'Web Project Management');
insert into Has_skill values ( 62 , 743, 0);
insert into Skill values ( 743 , 'SEO');
insert into Has_skill values ( 62 , 564, 0);
insert into Skill values ( 564 , 'Agile Methodologies');
insert into Has_skill values ( 62 , 750, 0);
insert into Skill values ( 750 , 'CMS');
insert into Has_skill values ( 62 , 494, 0);
insert into Skill values ( 494 , 'Strategy');
insert into Has_skill values ( 62 , 751, 0);
insert into Skill values ( 751 , 'Content Strategy');
insert into Has_skill values ( 62 , 752, 0);
insert into Skill values ( 752 , 'Digital Strategy');
insert into Has_skill values ( 62 , 753, 0);
insert into Skill values ( 753 , 'Digital Media');
insert into Has_skill values ( 62 , 736, 0);
insert into Skill values ( 736 , 'Content Management');
insert into Has_skill values ( 62 , 352, 0);
insert into Skill values ( 352 , 'Marketing');
insert into Has_skill values ( 62 , 754, 0);
insert into Skill values ( 754 , 'Online Marketing');
insert into Has_skill values ( 62 , 755, 0);
insert into Skill values ( 755 , 'Brand Development');
insert into Has_skill values ( 62 , 732, 0);
insert into Skill values ( 732 , 'User Interface Design');
insert into Has_skill values ( 62 , 756, 0);
insert into Skill values ( 756 , 'Usability');
insert into Has_skill values ( 62 , 423, 0);
insert into Skill values ( 423 , 'Leadership');
insert into Has_skill values ( 62 , 757, 0);
insert into Skill values ( 757 , 'Interaction Design');
insert into Has_skill values ( 62 , 417, 0);
insert into Skill values ( 417 , 'Management');
insert into Employer values ( 766 , 'Sephora');
insert into Experience values ( 62 , 766, '2008-01-01', '');
insert into Employer values ( 782 , 'MarketLive');
insert into Experience values ( 62 , 782, '2007-08-01', '2007-12-05');
insert into Employer values ( 783 , 'BabyCenter / Johnson & Johnson');
insert into Experience values ( 62 , 783, '2003-08-01', '2007-05-03');
insert into Employer values ( 783 , 'BabyCenter / Johnson & Johnson');
insert into Experience values ( 62 , 783, '2003-01-01', '');
insert into Employer values ( 784 , 'Pottery Barn / Williams-Sonoma Inc.');
insert into Experience values ( 62 , 784, '2002-01-01', '');
insert into Employer values ( 785 , 'BlueLight.com / Kmart');
insert into Experience values ( 62 , 785, '1999-01-01', '');
insert into Employer values ( 785 , 'BlueLight.com / Kmart');
insert into Experience values ( 62 , 785, '2000-01-01', '');
insert into Employer values ( 786 , 'HomeWarehouse.com');
insert into Experience values ( 62 , 786, '1999-01-01', '');
insert into Employer values ( 787 , 'NBC Internet / Snap.com / cnet');
insert into Experience values ( 62 , 787, '1997-01-01', '');
insert into Employer values ( 787 , 'NBC Internet / Snap.com / cnet');
insert into Experience values ( 62 , 787, '1996-01-01', '');
insert into Employer values ( 788 , 'Oracle Corporation');
insert into Experience values ( 62 , 788, '1996-01-01', '');
insert into Employer values ( 789 , 'The HyperMedia Group');
insert into Experience values ( 62 , 789, '1993-01-01', '');

insert into User values ( 63 , 'Bridget' , 'Dolan', 500, 0, 'Cosmetics');
insert into Has_skill values ( 63 , 758, 0);
insert into Skill values ( 758 , 'Mobile Marketing');
insert into Has_skill values ( 63 , 481, 0);
insert into Skill values ( 481 , 'E-commerce');
insert into Has_skill values ( 63 , 428, 0);
insert into Skill values ( 428 , 'Social Media');
insert into Has_skill values ( 63 , 465, 0);
insert into Skill values ( 465 , 'Retail');
insert into Has_skill values ( 63 , 759, 0);
insert into Skill values ( 759 , 'Luxury Goods');
insert into Has_skill values ( 63 , 760, 0);
insert into Skill values ( 760 , 'Marketing Research');
insert into Has_skill values ( 63 , 495, 0);
insert into Skill values ( 495 , 'Marketing Strategy');
insert into Has_skill values ( 63 , 352, 0);
insert into Skill values ( 352 , 'Marketing');
insert into Has_skill values ( 63 , 417, 0);
insert into Skill values ( 417 , 'Management');
insert into Has_skill values ( 63 , 489, 0);
insert into Skill values ( 489 , 'Forecasting');
insert into Has_skill values ( 63 , 745, 0);
insert into Skill values ( 745 , 'Digital Marketing');
insert into Has_skill values ( 63 , 485, 0);
insert into Skill values ( 485 , 'Brand Management');
insert into Has_skill values ( 63 , 761, 0);
insert into Skill values ( 761 , 'Fashion');
insert into Has_skill values ( 63 , 427, 0);
insert into Skill values ( 427 , 'Customer Service');
insert into Has_skill values ( 63 , 466, 0);
insert into Skill values ( 466 , 'Sales');
insert into Has_skill values ( 63 , 476, 0);
insert into Skill values ( 476 , 'Merchandising');
insert into Has_skill values ( 63 , 381, 0);
insert into Skill values ( 381 , 'Strategic Planning');
insert into Has_skill values ( 63 , 762, 0);
insert into Skill values ( 762 , 'Cosmetics');
insert into Has_skill values ( 63 , 739, 0);
insert into Skill values ( 739 , 'Online Advertising');

insert into User values ( 64 , 'Cathy' , 'Choi', 500, 0, 'Online Media');
insert into Education values ( 64 , 179 , 251 , 'BA', 'June 1995 – December 1999', 'June 1995 – December 1999');
insert into University values ( 179 , 'University of California, Santa Barbara');
insert into Education values ( 64 , 180 , 202 , '', '', '');
insert into University values ( 180 , 'mhs');
insert into Has_skill values ( 64 , 428, 0);
insert into Skill values ( 428 , 'Social Media');
insert into Has_skill values ( 64 , 746, 0);
insert into Skill values ( 746 , 'Email Marketing');
insert into Has_skill values ( 64 , 763, 0);
insert into Skill values ( 763 , 'Direct Marketing');
insert into Has_skill values ( 64 , 745, 0);
insert into Skill values ( 745 , 'Digital Marketing');
insert into Has_skill values ( 64 , 377, 0);
insert into Skill values ( 377 , 'Product Management');
insert into Has_skill values ( 64 , 352, 0);
insert into Skill values ( 352 , 'Marketing');
insert into Has_skill values ( 64 , 481, 0);
insert into Skill values ( 481 , 'E-commerce');
insert into Has_skill values ( 64 , 379, 0);
insert into Skill values ( 379 , 'Business Development');
insert into Has_skill values ( 64 , 739, 0);
insert into Skill values ( 739 , 'Online Advertising');
insert into Member_of values ( 64 , 626);
insert into Groups values ( 626 , 'Lycos Alumni', 0);
insert into Member_of values ( 64 , 627);
insert into Groups values ( 627 , 'The Social Business Council', 0);
insert into Member_of values ( 64 , 628);
insert into Groups values ( 628 , 'Addicted to Sephora', 0);
insert into Member_of values ( 64 , 629);
insert into Groups values ( 629 , 'Social Media News', 0);
insert into Employer values ( 766 , 'Sephora');
insert into Experience values ( 64 , 766, '2010-06-01', '2014-12-15');
insert into Employer values ( 766 , 'Sephora');
insert into Experience values ( 64 , 766, '2008-06-01', '2010-06-02');
insert into Employer values ( 790 , 'RedSail Media');
insert into Experience values ( 64 , 790, '2006-11-01', '2008-05-01');
insert into Employer values ( 791 , 'Lycos, Inc.');
insert into Experience values ( 64 , 791, '2004-10-01', '2006-11-02');
insert into Employer values ( 792 , 'TerraLycos');
insert into Experience values ( 64 , 792, '2003-12-01', '2004-10-11');
insert into Employer values ( 792 , 'TerraLycos');
insert into Experience values ( 64 , 792, '2002-10-01', '2003-12-01');

insert into User values ( 65 , 'Kelly' , 'Coller', 500, 0, 'Retail');
insert into Education values ( 65 , 181 , 252 , 'Certification from School of Architecture', '2003 – 2004', '2003 – 2004');
insert into University values ( 181 , 'University of Washington');
insert into Education values ( 65 , 182 , 251 , 'BA', '1989 – 1994', '1989 – 1994');
insert into University values ( 182 , 'Western Washington University');
insert into Education values ( 65 , 183 , 253 , 'Year Abroad', '1992 – 1992', '1992 – 1992');
insert into University values ( 183 , 'Universitat de València');
insert into Education values ( 65 , 184 , 254 , 'General - Honors Program Student', '1985 – 1989', '1985 – 1989');
insert into University values ( 184 , 'Kentridge High School');
insert into Has_skill values ( 65 , 352, 0);
insert into Skill values ( 352 , 'Marketing');
insert into Has_skill values ( 65 , 494, 0);
insert into Skill values ( 494 , 'Strategy');
insert into Has_skill values ( 65 , 764, 0);
insert into Skill values ( 764 , 'Public Relations');
insert into Has_skill values ( 65 , 761, 0);
insert into Skill values ( 761 , 'Fashion');
insert into Has_skill values ( 65 , 765, 0);
insert into Skill values ( 765 , 'Copywriting');
insert into Has_skill values ( 65 , 766, 0);
insert into Skill values ( 766 , 'Positioning');
insert into Has_skill values ( 65 , 379, 0);
insert into Skill values ( 379 , 'Business Development');
insert into Has_skill values ( 65 , 740, 0);
insert into Skill values ( 740 , 'Strategic Partnerships');
insert into Member_of values ( 65 , 630);
insert into Groups values ( 630 , 'Northwest Apparel and Footwear Network', 0);
insert into Employer values ( 766 , 'Sephora');
insert into Experience values ( 65 , 766, '2010-07-01', '2014-12-15');
insert into Employer values ( 793 , 'Twenty Four Seven, Design Firm');
insert into Experience values ( 65 , 793, '2006-07-01', '2010-07-04');
insert into Employer values ( 794 , 'OFFICE PDX: design store and art gallery (now closed)');
insert into Experience values ( 65 , 794, '2005-02-01', '2010-07-05');
insert into Employer values ( 795 , 'Ziba Design');
insert into Experience values ( 65 , 795, '2004-08-01', '2005-07-01');
insert into Employer values ( 796 , 'NBBJ');
insert into Experience values ( 65 , 796, '1999-06-01', '2004-08-05');
insert into Employer values ( 797 , 'Seattle Opera');
insert into Experience values ( 65 , 797, '1998-01-01', '');
insert into Employer values ( 798 , 'Pilchuck Glass School');
insert into Experience values ( 65 , 798, '1995-01-01', '');

insert into User values ( 66 , 'Marcy' , 'Zelmar', 305, 0, 'Retail');
insert into Education values ( 66 , 130 , 202 , '', '1987 – 1991', '1987 – 1991');
insert into University values ( 130 , 'Indiana University Bloomington');
insert into Member_of values ( 66 , 631);
insert into Groups values ( 631 , 'Oracle ENDECA Commerce and Information Discovery', 0);
insert into Employer values ( 773 , 'SEPHORA');
insert into Experience values ( 66 , 773, '2014-01-01', '');
insert into Employer values ( 766 , 'Sephora');
insert into Experience values ( 66 , 766, '2008-01-01', '');
insert into Employer values ( 776 , 'Gap Inc. Direct');
insert into Experience values ( 66 , 776, '2006-11-01', '2007-12-01');
insert into Employer values ( 776 , 'Gap Inc. Direct');
insert into Experience values ( 66 , 776, '2004-03-01', '2007-11-03');
insert into Employer values ( 776 , 'Gap Inc. Direct');
insert into Experience values ( 66 , 776, '2001-01-01', '');
insert into Employer values ( 776 , 'Gap Inc. Direct');
insert into Experience values ( 66 , 776, '1999-01-01', '');
insert into Employer values ( 799 , 'fine.com');
insert into Experience values ( 66 , 799, '1997-01-01', '');
insert into Employer values ( 800 , 'Corbis');
insert into Experience values ( 66 , 800, '1993-01-01', '');

insert into User values ( 67 , 'Danny' , 'Sullivan', 500, 0, 'Internet');
insert into Education values ( 67 , 185 , 202 , '', '2008 – 2010', '2008 – 2010');
insert into University values ( 185 , 'University of Pennsylvania - The Wharton School');
insert into Education values ( 67 , 178 , 202 , '', '1991 – 1995', '1991 – 1995');
insert into University values ( 178 , 'Duke University');
insert into Has_skill values ( 67 , 377, 0);
insert into Skill values ( 377 , 'Product Management');
insert into Has_skill values ( 67 , 767, 0);
insert into Skill values ( 767 , 'Mobile');
insert into Has_skill values ( 67 , 481, 0);
insert into Skill values ( 481 , 'E-commerce');
insert into Has_skill values ( 67 , 743, 0);
insert into Skill values ( 743 , 'SEO');
insert into Has_skill values ( 67 , 733, 0);
insert into Skill values ( 733 , 'User Experience');
insert into Has_skill values ( 67 , 465, 0);
insert into Skill values ( 465 , 'Retail');
insert into Has_skill values ( 67 , 428, 0);
insert into Skill values ( 428 , 'Social Media');
insert into Has_skill values ( 67 , 380, 0);
insert into Skill values ( 380 , 'Analytics');
insert into Has_skill values ( 67 , 768, 0);
insert into Skill values ( 768 , 'Product Strategy');
insert into Has_skill values ( 67 , 382, 0);
insert into Skill values ( 382 , 'Product Development');
insert into Has_skill values ( 67 , 347, 0);
insert into Skill values ( 347 , 'Business Strategy');
insert into Has_skill values ( 67 , 610, 0);
insert into Skill values ( 610 , 'Start-ups');
insert into Has_skill values ( 67 , 492, 0);
insert into Skill values ( 492 , 'Product Marketing');
insert into Has_skill values ( 67 , 378, 0);
insert into Skill values ( 378 , 'Cross-functional Team...');
insert into Has_skill values ( 67 , 495, 0);
insert into Skill values ( 495 , 'Marketing Strategy');
insert into Has_skill values ( 67 , 417, 0);
insert into Skill values ( 417 , 'Management');
insert into Has_skill values ( 67 , 737, 0);
insert into Skill values ( 737 , 'Mobile Devices');
insert into Has_skill values ( 67 , 746, 0);
insert into Skill values ( 746 , 'Email Marketing');
insert into Has_skill values ( 67 , 419, 0);
insert into Skill values ( 419 , 'Training');
insert into Has_skill values ( 67 , 381, 0);
insert into Skill values ( 381 , 'Strategic Planning');
insert into Has_skill values ( 67 , 754, 0);
insert into Skill values ( 754 , 'Online Marketing');
insert into Knows_language values ( 67 , 503);
insert into Languages values ( 503 , 'Spanish');
insert into Employer values ( 801 , 'Pizza Hut');
insert into Experience values ( 67 , 801, '2014-08-01', '2014-12-15');
insert into Employer values ( 802 , 'Sephora.com');
insert into Experience values ( 67 , 802, '2013-10-01', '2014-07-10');
insert into Employer values ( 802 , 'Sephora.com');
insert into Experience values ( 67 , 802, '2012-04-01', '2013-10-01');
insert into Employer values ( 802 , 'Sephora.com');
insert into Experience values ( 67 , 802, '2008-04-01', '2012-04-04');
insert into Employer values ( 803 , 'Gap.com');
insert into Experience values ( 67 , 803, '2004-09-01', '2008-04-03');
insert into Employer values ( 804 , 'Various clients');
insert into Experience values ( 67 , 804, '2000-10-01', '2004-09-04');
insert into Employer values ( 805 , 'Xuny.com');
insert into Experience values ( 67 , 805, '2000-02-01', '2000-10-09');
insert into Employer values ( 806 , 'Student Advantage');
insert into Experience values ( 67 , 806, '1997-05-01', '2000-02-02');
insert into Employer values ( 807 , 'The Main Quad');
insert into Experience values ( 67 , 807, '1995-01-01', '');

insert into User values ( 68 , 'Deborah' , 'Yeh', 500, 0, 'Marketing and Advertising');
insert into Education values ( 68 , 186 , 202 , '', '', '');
insert into University values ( 186 , 'Harvard University');
insert into Has_skill values ( 68 , 492, 0);
insert into Skill values ( 492 , 'Product Marketing');
insert into Has_skill values ( 68 , 495, 0);
insert into Skill values ( 495 , 'Marketing Strategy');
insert into Has_skill values ( 68 , 739, 0);
insert into Skill values ( 739 , 'Online Advertising');
insert into Has_skill values ( 68 , 485, 0);
insert into Skill values ( 485 , 'Brand Management');
insert into Has_skill values ( 68 , 352, 0);
insert into Skill values ( 352 , 'Marketing');
insert into Has_skill values ( 68 , 468, 0);
insert into Skill values ( 468 , 'Market Planning');
insert into Has_skill values ( 68 , 755, 0);
insert into Skill values ( 755 , 'Brand Development');
insert into Has_skill values ( 68 , 769, 0);
insert into Skill values ( 769 , 'Media Planning');
insert into Has_skill values ( 68 , 494, 0);
insert into Skill values ( 494 , 'Strategy');
insert into Has_skill values ( 68 , 770, 0);
insert into Skill values ( 770 , 'Interactive Marketing');
insert into Has_skill values ( 68 , 465, 0);
insert into Skill values ( 465 , 'Retail');
insert into Has_skill values ( 68 , 764, 0);
insert into Skill values ( 764 , 'Public Relations');
insert into Employer values ( 766 , 'Sephora');
insert into Experience values ( 68 , 766, '2012-07-01', '2014-12-15');

insert into User values ( 69 , 'Mary' , 'Beth Laughton', 500, 0, 'Retail');
insert into Education values ( 69 , 187 , 243 , 'MBA', '', '');
insert into University values ( 187 , 'Harvard Business School');
insert into Education values ( 69 , 130 , 203 , 'BS', '', '');
insert into University values ( 130 , 'Indiana University Bloomington');
insert into Has_skill values ( 69 , 771, 0);
insert into Skill values ( 771 , 'Multi-channel Retail');
insert into Has_skill values ( 69 , 465, 0);
insert into Skill values ( 465 , 'Retail');
insert into Has_skill values ( 69 , 481, 0);
insert into Skill values ( 481 , 'E-commerce');
insert into Has_skill values ( 69 , 494, 0);
insert into Skill values ( 494 , 'Strategy');
insert into Has_skill values ( 69 , 745, 0);
insert into Skill values ( 745 , 'Digital Marketing');
insert into Has_skill values ( 69 , 352, 0);
insert into Skill values ( 352 , 'Marketing');
insert into Has_skill values ( 69 , 378, 0);
insert into Skill values ( 378 , 'Cross-functional Team...');
insert into Has_skill values ( 69 , 417, 0);
insert into Skill values ( 417 , 'Management');
insert into Has_skill values ( 69 , 380, 0);
insert into Skill values ( 380 , 'Analytics');
insert into Has_skill values ( 69 , 755, 0);
insert into Skill values ( 755 , 'Brand Development');
insert into Has_skill values ( 69 , 763, 0);
insert into Skill values ( 763 , 'Direct Marketing');
insert into Has_skill values ( 69 , 492, 0);
insert into Skill values ( 492 , 'Product Marketing');
insert into Has_skill values ( 69 , 485, 0);
insert into Skill values ( 485 , 'Brand Management');
insert into Has_skill values ( 69 , 384, 0);
insert into Skill values ( 384 , 'Competitive Analysis');
insert into Has_skill values ( 69 , 772, 0);
insert into Skill values ( 772 , 'P&L Management');
insert into Has_skill values ( 69 , 385, 0);
insert into Skill values ( 385 , 'Management Consulting');
insert into Has_skill values ( 69 , 773, 0);
insert into Skill values ( 773 , 'Multi-channel Marketing');
insert into Member_of values ( 69 , 632);
insert into Groups values ( 632 , 'E-Commerce Leaders Dinner Network', 0);
insert into Member_of values ( 69 , 633);
insert into Groups values ( 633 , 'Harvard Business School Alumni (Official)', 0);
insert into Member_of values ( 69 , 634);
insert into Groups values ( 634 , 'Nike Employees Networking Group', 0);
insert into Member_of values ( 69 , 635);
insert into Groups values ( 635 , 'Nike Global Alumni Network', 0);
insert into Member_of values ( 69 , 636);
insert into Groups values ( 636 , 'Retail Executive OmniChannel Engagement Network', 0);
insert into Member_of values ( 69 , 637);
insert into Groups values ( 637 , 'RetailConnections BayArea Retail Experience', 0);
insert into Member_of values ( 69 , 638);
insert into Groups values ( 638 , 'E-Commerce Network', 0);
insert into Employer values ( 766 , 'Sephora');
insert into Experience values ( 69 , 766, '2012-07-01', '2014-12-15');
insert into Employer values ( 808 , 'Nike');
insert into Experience values ( 69 , 808, '2011-06-01', '2012-07-01');
insert into Employer values ( 808 , 'Nike');
insert into Experience values ( 69 , 808, '2008-01-01', '');
insert into Employer values ( 808 , 'Nike');
insert into Experience values ( 69 , 808, '2007-01-01', '');
insert into Employer values ( 808 , 'Nike');
insert into Experience values ( 69 , 808, '2006-01-01', '');
insert into Employer values ( 808 , 'Nike');
insert into Experience values ( 69 , 808, '2004-01-01', '');
insert into Employer values ( 809 , 'McKinsey & Company');
insert into Experience values ( 69 , 809, '1999-01-01', '');

insert into User values ( 70 , 'Johnna' , 'Marcus', 500, 0, 'Cosmetics');
insert into Education values ( 70 , 181 , 215 , 'Bachelors Degree', '1994 – 1998', '1994 – 1998');
insert into University values ( 181 , 'University of Washington');
insert into Education values ( 70 , 188 , 211 , 'High School', '1990 – 1994', '1990 – 1994');
insert into University values ( 188 , 'St. Marys Academy');
insert into Has_skill values ( 70 , 381, 0);
insert into Skill values ( 381 , 'Strategic Planning');
insert into Has_skill values ( 70 , 430, 0);
insert into Skill values ( 430 , 'Team Leadership');
insert into Has_skill values ( 70 , 353, 0);
insert into Skill values ( 353 , 'Project Management');
insert into Has_skill values ( 70 , 471, 0);
insert into Skill values ( 471 , 'CRM');
insert into Has_skill values ( 70 , 774, 0);
insert into Skill values ( 774 , 'Consulting');
insert into Has_skill values ( 70 , 376, 0);
insert into Skill values ( 376 , 'Program Management');
insert into Has_skill values ( 70 , 481, 0);
insert into Skill values ( 481 , 'E-commerce');
insert into Has_skill values ( 70 , 775, 0);
insert into Skill values ( 775 , 'Team Building');
insert into Has_skill values ( 70 , 377, 0);
insert into Skill values ( 377 , 'Product Management');
insert into Has_skill values ( 70 , 776, 0);
insert into Skill values ( 776 , 'Vendor Management');
insert into Has_skill values ( 70 , 464, 0);
insert into Skill values ( 464 , 'Business Intelligence');
insert into Has_skill values ( 70 , 383, 0);
insert into Skill values ( 383 , 'Business Analysis');
insert into Has_skill values ( 70 , 498, 0);
insert into Skill values ( 498 , 'Project Planning');
insert into Has_skill values ( 70 , 347, 0);
insert into Skill values ( 347 , 'Business Strategy');
insert into Has_skill values ( 70 , 380, 0);
insert into Skill values ( 380 , 'Analytics');
insert into Has_skill values ( 70 , 378, 0);
insert into Skill values ( 378 , 'Cross-functional Team...');
insert into Has_skill values ( 70 , 541, 0);
insert into Skill values ( 541 , 'Process Improvement');
insert into Has_skill values ( 70 , 424, 0);
insert into Skill values ( 424 , 'Budgets');
insert into Has_skill values ( 70 , 777, 0);
insert into Skill values ( 777 , 'Gambling');
insert into Has_skill values ( 70 , 778, 0);
insert into Skill values ( 778 , 'Change Management');
insert into Has_skill values ( 70 , 663, 0);
insert into Skill values ( 663 , 'Contract Negotiation');
insert into Has_skill values ( 70 , 489, 0);
insert into Skill values ( 489 , 'Forecasting');
insert into Has_skill values ( 70 , 779, 0);
insert into Skill values ( 779 , 'IT Strategy');
insert into Has_skill values ( 70 , 780, 0);
insert into Skill values ( 780 , 'Integration');
insert into Has_skill values ( 70 , 737, 0);
insert into Skill values ( 737 , 'Mobile Devices');
insert into Has_skill values ( 70 , 781, 0);
insert into Skill values ( 781 , 'Operations Management');
insert into Has_skill values ( 70 , 382, 0);
insert into Skill values ( 382 , 'Product Development');
insert into Has_skill values ( 70 , 494, 0);
insert into Skill values ( 494 , 'Strategy');
insert into Has_skill values ( 70 , 423, 0);
insert into Skill values ( 423 , 'Leadership');
insert into Has_skill values ( 70 , 403, 0);
insert into Skill values ( 403 , 'Analysis');
insert into Has_skill values ( 70 , 352, 0);
insert into Skill values ( 352 , 'Marketing');
insert into Has_skill values ( 70 , 417, 0);
insert into Skill values ( 417 , 'Management');
insert into Has_skill values ( 70 , 384, 0);
insert into Skill values ( 384 , 'Competitive Analysis');
insert into Has_skill values ( 70 , 758, 0);
insert into Skill values ( 758 , 'Mobile Marketing');
insert into Has_skill values ( 70 , 495, 0);
insert into Skill values ( 495 , 'Marketing Strategy');
insert into Has_skill values ( 70 , 740, 0);
insert into Skill values ( 740 , 'Strategic Partnerships');
insert into Has_skill values ( 70 , 379, 0);
insert into Skill values ( 379 , 'Business Development');
insert into Member_of values ( 70 , 639);
insert into Groups values ( 639 , 'The Casino Gaming Group', 0);
insert into Member_of values ( 70 , 640);
insert into Groups values ( 640 , 'Human Centered Design & Engineering', 0);
insert into Member_of values ( 70 , 641);
insert into Groups values ( 641 , 'Shop.org Community', 0);
insert into Member_of values ( 70 , 642);
insert into Groups values ( 642 , 'SapientNitro', 0);
insert into Member_of values ( 70 , 643);
insert into Groups values ( 643 , 'Luxury Interactive: The Premier Luxury Branding & Digital Summit', 0);
insert into Member_of values ( 70 , 644);
insert into Groups values ( 644 , 'Retail TouchPoints', 0);
insert into Member_of values ( 70 , 645);
insert into Groups values ( 645 , 'SharonSeamanFit', 0);
insert into Member_of values ( 70 , 646);
insert into Groups values ( 646 , 'eMarketing Association Network', 0);
insert into Member_of values ( 70 , 647);
insert into Groups values ( 647 , 'Money20/20', 0);
insert into Member_of values ( 70 , 648);
insert into Groups values ( 648 , 'Test & Learn Professionals', 0);
insert into Member_of values ( 70 , 649);
insert into Groups values ( 649 , 'The US IT Directors Forum', 0);
insert into Member_of values ( 70 , 650);
insert into Groups values ( 650 , 'World Casino Networks', 0);
insert into Member_of values ( 70 , 651);
insert into Groups values ( 651 , 'Mobile Marketing & Advertising', 0);
insert into Member_of values ( 70 , 652);
insert into Groups values ( 652 , 'Casinos and Gambling in Asia network', 0);
insert into Member_of values ( 70 , 653);
insert into Member_of values ( 70 , 654);
insert into Groups values ( 654 , 'Mobile Commerce Forum', 0);
insert into Member_of values ( 70 , 655);
insert into Groups values ( 655 , 'The Peer 100', 0);
insert into Member_of values ( 70 , 656);
insert into Groups values ( 656 , 'CASINO EXECUTIVE NETWORK www.casinoexecutivenetwork.com', 0);
insert into Member_of values ( 70 , 657);
insert into Groups values ( 657 , 'Microsoft Surface Alumni', 0);
insert into Member_of values ( 70 , 658);
insert into Groups values ( 658 , 'Caesars Entertainment Alumni', 0);
insert into Member_of values ( 70 , 628);
insert into Groups values ( 628 , 'Addicted to Sephora', 0);
insert into Member_of values ( 70 , 659);
insert into Groups values ( 659 , 'Mobile Commerce and Payment Innovations', 0);
insert into Member_of values ( 70 , 660);
insert into Groups values ( 660 , 'mPOS World', 0);
insert into Member_of values ( 70 , 661);
insert into Groups values ( 661 , 'Caesars Entertainment Information Technologies', 0);
insert into Member_of values ( 70 , 662);
insert into Groups values ( 662 , 'Gaming People - The Gaming People Expert Network (+10.000)', 0);
insert into Member_of values ( 70 , 663);
insert into Groups values ( 663 , 'Mobilise - Mobile Business, Mobile Marketing & Advertising, Mobile Apps & Product Development', 0);
insert into Member_of values ( 70 , 664);
insert into Groups values ( 664 , 'University of Washington Alumni Group', 0);
insert into Member_of values ( 70 , 665);
insert into Groups values ( 665 , 'Global Marketing Operations', 0);
insert into Member_of values ( 70 , 666);
insert into Groups values ( 666 , 'Mobile Payments Series - mPay Connect', 0);
insert into Member_of values ( 70 , 667);
insert into Groups values ( 667 , 'ad:tech NY 2014 :: open networking', 0);
insert into Employer values ( 773 , 'SEPHORA');
insert into Experience values ( 70 , 773, '2014-01-01', '');
insert into Employer values ( 766 , 'Sephora');
insert into Experience values ( 70 , 766, '2011-08-01', '2013-12-02');
insert into Employer values ( 810 , 'Caesars Entertainment Corporation');
insert into Experience values ( 70 , 810, '2007-06-01', '2011-07-04');
insert into Employer values ( 811 , 'Harrahs Entertainment');
insert into Experience values ( 70 , 811, '2003-07-01', '2007-05-03');
insert into Employer values ( 812 , 'UAL Loyalty Services');
insert into Experience values ( 70 , 812, '2002-01-01', '');
insert into Employer values ( 813 , 'Sapient');
insert into Experience values ( 70 , 813, '1998-01-01', '');

insert into User values ( 71 , 'Tiffany' , 'Lei', 422, 0, 'Retail');

insert into User values ( 72 , 'Lindsay' , 'Chastain', 500, 0, 'Marketing and Advertising');
insert into Education values ( 72 , 189 , 203 , 'BS', '2002 – 2007', '2002 – 2007');
insert into University values ( 189 , 'The Ohio State University');
insert into Has_skill values ( 72 , 744, 0);
insert into Skill values ( 744 , 'Web Analytics');
insert into Has_skill values ( 72 , 782, 0);
insert into Skill values ( 782 , 'SEM');
insert into Has_skill values ( 72 , 783, 0);
insert into Skill values ( 783 , 'Affiliate Marketing');
insert into Has_skill values ( 72 , 754, 0);
insert into Skill values ( 754 , 'Online Marketing');
insert into Has_skill values ( 72 , 481, 0);
insert into Skill values ( 481 , 'E-commerce');
insert into Has_skill values ( 72 , 743, 0);
insert into Skill values ( 743 , 'SEO');
insert into Has_skill values ( 72 , 752, 0);
insert into Skill values ( 752 , 'Digital Strategy');
insert into Has_skill values ( 72 , 784, 0);
insert into Skill values ( 784 , 'Social Media Marketing');
insert into Has_skill values ( 72 , 745, 0);
insert into Skill values ( 745 , 'Digital Marketing');
insert into Has_skill values ( 72 , 494, 0);
insert into Skill values ( 494 , 'Strategy');
insert into Has_skill values ( 72 , 352, 0);
insert into Skill values ( 352 , 'Marketing');
insert into Has_skill values ( 72 , 739, 0);
insert into Skill values ( 739 , 'Online Advertising');
insert into Has_skill values ( 72 , 428, 0);
insert into Skill values ( 428 , 'Social Media');
insert into Has_skill values ( 72 , 770, 0);
insert into Skill values ( 770 , 'Interactive Marketing');
insert into Has_skill values ( 72 , 758, 0);
insert into Skill values ( 758 , 'Mobile Marketing');
insert into Has_skill values ( 72 , 785, 0);
insert into Skill values ( 785 , 'Web Marketing');
insert into Has_skill values ( 72 , 746, 0);
insert into Skill values ( 746 , 'Email Marketing');
insert into Has_skill values ( 72 , 740, 0);
insert into Skill values ( 740 , 'Strategic Partnerships');
insert into Has_skill values ( 72 , 748, 0);
insert into Skill values ( 748 , 'Integrated Marketing');
insert into Has_skill values ( 72 , 786, 0);
insert into Skill values ( 786 , 'Advertising');
insert into Has_skill values ( 72 , 379, 0);
insert into Skill values ( 379 , 'Business Development');
insert into Has_skill values ( 72 , 787, 0);
insert into Skill values ( 787 , 'Lead Generation');
insert into Has_skill values ( 72 , 788, 0);
insert into Skill values ( 788 , 'Retargeting');
insert into Has_skill values ( 72 , 789, 0);
insert into Skill values ( 789 , 'User Experience Design');
insert into Has_skill values ( 72 , 790, 0);
insert into Skill values ( 790 , 'Mobile Commerce');
insert into Has_skill values ( 72 , 384, 0);
insert into Skill values ( 384 , 'Competitive Analysis');
insert into Has_skill values ( 72 , 755, 0);
insert into Skill values ( 755 , 'Brand Development');
insert into Has_skill values ( 72 , 791, 0);
insert into Skill values ( 791 , 'Organic Search');
insert into Has_skill values ( 72 , 747, 0);
insert into Skill values ( 747 , 'Omniture');
insert into Has_skill values ( 72 , 792, 0);
insert into Skill values ( 792 , 'Personalization');
insert into Has_skill values ( 72 , 793, 0);
insert into Skill values ( 793 , 'Community Management');
insert into Has_skill values ( 72 , 751, 0);
insert into Skill values ( 751 , 'Content Strategy');
insert into Has_skill values ( 72 , 794, 0);
insert into Skill values ( 794 , 'PPC');
insert into Has_skill values ( 72 , 380, 0);
insert into Skill values ( 380 , 'Analytics');
insert into Has_skill values ( 72 , 795, 0);
insert into Skill values ( 795 , 'Display Advertising');
insert into Has_skill values ( 72 , 796, 0);
insert into Skill values ( 796 , 'Google Adwords');
insert into Has_skill values ( 72 , 763, 0);
insert into Skill values ( 763 , 'Direct Marketing');
insert into Has_skill values ( 72 , 773, 0);
insert into Skill values ( 773 , 'Multi-channel Marketing');
insert into Has_skill values ( 72 , 797, 0);
insert into Skill values ( 797 , 'Mobile Advertising');
insert into Has_skill values ( 72 , 798, 0);
insert into Skill values ( 798 , 'Luxury Brand Marketing');
insert into Has_skill values ( 72 , 353, 0);
insert into Skill values ( 353 , 'Project Management');
insert into Has_skill values ( 72 , 495, 0);
insert into Skill values ( 495 , 'Marketing Strategy');
insert into Has_skill values ( 72 , 417, 0);
insert into Skill values ( 417 , 'Management');
insert into Has_skill values ( 72 , 799, 0);
insert into Skill values ( 799 , 'Google Analytics');
insert into Has_skill values ( 72 , 753, 0);
insert into Skill values ( 753 , 'Digital Media');
insert into Has_skill values ( 72 , 466, 0);
insert into Skill values ( 466 , 'Sales');
insert into Has_skill values ( 72 , 326, 0);
insert into Skill values ( 326 , 'Social Networking');
insert into Has_skill values ( 72 , 800, 0);
insert into Skill values ( 800 , 'Facebook');
insert into Has_skill values ( 72 , 673, 0);
insert into Skill values ( 673 , 'New Business Development');
insert into Employer values ( 773 , 'SEPHORA');
insert into Experience values ( 72 , 773, '2013-12-01', '2014-12-15');
insert into Employer values ( 766 , 'Sephora');
insert into Experience values ( 72 , 766, '2013-02-01', '2013-12-11');
insert into Employer values ( 766 , 'Sephora');
insert into Experience values ( 72 , 766, '2011-06-01', '2013-01-01');
insert into Employer values ( 814 , 'The Limited');
insert into Experience values ( 72 , 814, '2010-01-01', '2011-06-01');
insert into Employer values ( 814 , 'The Limited');
insert into Experience values ( 72 , 814, '2008-04-01', '2010-01-01');
insert into Employer values ( 814 , 'The Limited');
insert into Experience values ( 72 , 814, '2007-09-01', '2008-04-08');

insert into User values ( 73 , 'Julie' , 'Bornstein', 500, 0, 'Retail');
insert into Education values ( 73 , 186 , 251 , 'BA', '1988 – 1992', '1988 – 1992');
insert into University values ( 186 , 'Harvard University');
insert into Education values ( 73 , 187 , 243 , 'MBA', '1995 – 1997', '1995 – 1997');
insert into University values ( 187 , 'Harvard Business School');
insert into Member_of values ( 73 , 668);
insert into Groups values ( 668 , 'HBS Bay Area Women', 0);
insert into Member_of values ( 73 , 669);
insert into Groups values ( 669 , 'Shop.org Board of Directors - Past and Present', 0);
insert into Member_of values ( 73 , 670);
insert into Groups values ( 670 , 'PTTOW!', 0);
insert into Employer values ( 815 , 'Charlotte Russe');
insert into Experience values ( 73 , 815, '2014-05-01', '2014-12-15');
insert into Employer values ( 816 , 'Stitch Fix');
insert into Experience values ( 73 , 816, '2012-11-01', '2014-12-15');
insert into Employer values ( 773 , 'SEPHORA');
insert into Experience values ( 73 , 773, '2007-08-01', '2014-12-15');
insert into Employer values ( 817 , 'Urban Outfitters');
insert into Experience values ( 73 , 817, '2005-01-01', '');
insert into Employer values ( 818 , 'Nordstrom');
insert into Experience values ( 73 , 818, '2000-01-01', '');
insert into Employer values ( 819 , 'Starbucks Coffee Company');
insert into Experience values ( 73 , 819, '1998-01-01', '');
insert into Employer values ( 820 , 'Robertson Stephens');
insert into Experience values ( 73 , 820, '1997-01-01', '');

insert into User values ( 74 , 'Sharon' , 'Rothstein', 376, 0, 'Retail');
insert into Education values ( 74 , 190 , 243 , 'MBA', '1982 – 1984', '1982 – 1984');
insert into University values ( 190 , 'UCLA Anderson School of Management');
insert into Employer values ( 821 , 'Starbucks');
insert into Experience values ( 74 , 821, '2013-01-01', '');
insert into Employer values ( 766 , 'Sephora');
insert into Experience values ( 74 , 766, '2009-05-01', '2013-03-03');
insert into Employer values ( 822 , 'Godiva Chocolatier');
insert into Experience values ( 74 , 822, '2004-09-01', '2009-01-04');
insert into Employer values ( 823 , 'Starwood Hotels & Resorts');
insert into Experience values ( 74 , 823, '2001-02-01', '2004-04-03');
insert into Employer values ( 824 , 'WorldSpy');
insert into Experience values ( 74 , 824, '1999-01-01', '');
insert into Employer values ( 825 , 'Discovery Zone');
insert into Experience values ( 74 , 825, '1997-01-01', '');
insert into Employer values ( 826 , 'Nabisco Biscuit Company');
insert into Experience values ( 74 , 826, '1987-01-01', '');

insert into User values ( 75 , 'Curt' , 'Garner', 500, 0, 'Information Technology and Services');
insert into Education values ( 75 , 189 , 251 , 'BA', '1987 – 1991', '1987 – 1991');
insert into University values ( 189 , 'The Ohio State University');
insert into Has_skill values ( 75 , 578, 0);
insert into Skill values ( 578 , 'Software Development');
insert into Has_skill values ( 75 , 801, 0);
insert into Skill values ( 801 , 'ERP');
insert into Has_skill values ( 75 , 779, 0);
insert into Skill values ( 779 , 'IT Strategy');
insert into Has_skill values ( 75 , 776, 0);
insert into Skill values ( 776 , 'Vendor Management');
insert into Has_skill values ( 75 , 802, 0);
insert into Skill values ( 802 , 'International Business...');
insert into Has_skill values ( 75 , 666, 0);
insert into Skill values ( 666 , 'International Business');
insert into Has_skill values ( 75 , 464, 0);
insert into Skill values ( 464 , 'Business Intelligence');
insert into Has_skill values ( 75 , 376, 0);
insert into Skill values ( 376 , 'Program Management');
insert into Has_skill values ( 75 , 423, 0);
insert into Skill values ( 423 , 'Leadership');
insert into Has_skill values ( 75 , 494, 0);
insert into Skill values ( 494 , 'Strategy');
insert into Has_skill values ( 75 , 471, 0);
insert into Skill values ( 471 , 'CRM');
insert into Has_skill values ( 75 , 737, 0);
insert into Skill values ( 737 , 'Mobile Devices');
insert into Has_skill values ( 75 , 383, 0);
insert into Skill values ( 383 , 'Business Analysis');
insert into Has_skill values ( 75 , 369, 0);
insert into Skill values ( 369 , 'Mergers & Acquisitions');
insert into Has_skill values ( 75 , 775, 0);
insert into Skill values ( 775 , 'Team Building');
insert into Has_skill values ( 75 , 381, 0);
insert into Skill values ( 381 , 'Strategic Planning');
insert into Has_skill values ( 75 , 803, 0);
insert into Skill values ( 803 , 'SDLC');
insert into Has_skill values ( 75 , 804, 0);
insert into Skill values ( 804 , 'Information Technology');
insert into Has_skill values ( 75 , 481, 0);
insert into Skill values ( 481 , 'E-commerce');
insert into Has_skill values ( 75 , 465, 0);
insert into Skill values ( 465 , 'Retail');
insert into Has_skill values ( 75 , 353, 0);
insert into Skill values ( 353 , 'Project Management');
insert into Has_skill values ( 75 , 780, 0);
insert into Skill values ( 780 , 'Integration');
insert into Member_of values ( 75 , 671);
insert into Groups values ( 671 , 'Senior Executive Exchange', 0);
insert into Member_of values ( 75 , 672);
insert into Groups values ( 672 , 'CIO Network (China & AP Region/Cross-Countries)', 0);
insert into Employer values ( 819 , 'Starbucks Coffee Company');
insert into Experience values ( 75 , 819, '2012-03-01', '2014-12-10');
insert into Employer values ( 827 , 'University of Washington');
insert into Experience values ( 75 , 827, '2012-05-01', '2014-09-02');
insert into Employer values ( 827 , 'University of Washington');
insert into Experience values ( 75 , 827, '2012-12-01', '2013-12-01');
insert into Employer values ( 819 , 'Starbucks Coffee Company');
insert into Experience values ( 75 , 819, '2010-05-01', '2012-03-01');
insert into Employer values ( 819 , 'Starbucks Coffee Company');
insert into Experience values ( 75 , 819, '2008-01-01', '2010-05-02');
insert into Employer values ( 819 , 'Starbucks Coffee Company');
insert into Experience values ( 75 , 819, '2002-12-01', '2008-01-05');
insert into Employer values ( 819 , 'Starbucks Coffee Company');
insert into Experience values ( 75 , 819, '1998-01-01', '2002-12-05');
insert into Employer values ( 828 , 'Wendys Inc');
insert into Experience values ( 75 , 828, '1992-01-01', '');

insert into User values ( 76 , 'David' , 'Courtright', 416, 0, 'Retail');
insert into Education values ( 76 , 191 , 202 , '', '', '');
insert into University values ( 191 , 'Upland High School');
insert into Has_skill values ( 76 , 805, 0);
insert into Skill values ( 805 , 'Data Center');
insert into Has_skill values ( 76 , 561, 0);
insert into Skill values ( 561 , 'Cloud Computing');
insert into Has_skill values ( 76 , 776, 0);
insert into Skill values ( 776 , 'Vendor Management');
insert into Has_skill values ( 76 , 806, 0);
insert into Skill values ( 806 , 'Virtualization');
insert into Has_skill values ( 76 , 807, 0);
insert into Skill values ( 807 , 'Security');
insert into Has_skill values ( 76 , 808, 0);
insert into Skill values ( 808 , 'Disaster Recovery');
insert into Has_skill values ( 76 , 809, 0);
insert into Skill values ( 809 , 'System Administration');
insert into Has_skill values ( 76 , 779, 0);
insert into Skill values ( 779 , 'IT Strategy');
insert into Has_skill values ( 76 , 564, 0);
insert into Skill values ( 564 , 'Agile Methodologies');
insert into Has_skill values ( 76 , 810, 0);
insert into Skill values ( 810 , 'Infrastructure');
insert into Has_skill values ( 76 , 811, 0);
insert into Skill values ( 811 , 'Network Security');
insert into Has_skill values ( 76 , 812, 0);
insert into Skill values ( 812 , 'ITIL');
insert into Has_skill values ( 76 , 502, 0);
insert into Skill values ( 502 , 'Linux');
insert into Has_skill values ( 76 , 813, 0);
insert into Skill values ( 813 , 'SharePoint');
insert into Has_skill values ( 76 , 814, 0);
insert into Skill values ( 814 , 'IT Management');
insert into Has_skill values ( 76 , 738, 0);
insert into Skill values ( 738 , 'SaaS');
insert into Has_skill values ( 76 , 803, 0);
insert into Skill values ( 803 , 'SDLC');
insert into Has_skill values ( 76 , 481, 0);
insert into Skill values ( 481 , 'E-commerce');
insert into Has_skill values ( 76 , 815, 0);
insert into Skill values ( 815 , 'Perl');
insert into Has_skill values ( 76 , 442, 0);
insert into Skill values ( 442 , 'SQL');
insert into Has_skill values ( 76 , 816, 0);
insert into Skill values ( 816 , 'IT Operations');
insert into Has_skill values ( 76 , 423, 0);
insert into Skill values ( 423 , 'Leadership');
insert into Has_skill values ( 76 , 578, 0);
insert into Skill values ( 578 , 'Software Development');
insert into Has_skill values ( 76 , 781, 0);
insert into Skill values ( 781 , 'Operations Management');
insert into Has_skill values ( 76 , 417, 0);
insert into Skill values ( 417 , 'Management');
insert into Has_skill values ( 76 , 817, 0);
insert into Skill values ( 817 , 'Enterprise Software');
insert into Has_skill values ( 76 , 818, 0);
insert into Skill values ( 818 , 'Enterprise Architecture');
insert into Member_of values ( 76 , 673);
insert into Groups values ( 673 , 'Citrix Systems Employees and Alumni (Citrites)', 0);
insert into Member_of values ( 76 , 674);
insert into Groups values ( 674 , 'Hosting Industry', 0);
insert into Member_of values ( 76 , 675);
insert into Groups values ( 675 , 'Data Center Professionals', 0);
insert into Member_of values ( 76 , 676);
insert into Groups values ( 676 , 'AFCOM', 0);
insert into Member_of values ( 76 , 677);
insert into Groups values ( 677 , 'Citrix Professionals', 0);
insert into Member_of values ( 76 , 678);
insert into Groups values ( 678 , 'Splunk > Pacific NorthWest', 0);
insert into Employer values ( 819 , 'Starbucks Coffee Company');
insert into Experience values ( 76 , 819, '2011-01-01', '');
insert into Employer values ( 829 , 'Citrix Online');
insert into Experience values ( 76 , 829, '2003-02-01', '2011-01-08');
insert into Employer values ( 830 , 'NextCard Inc.');
insert into Experience values ( 76 , 830, '1998-01-01', '2002-08-04');

insert into User values ( 77 , 'Arun' , 'Tirumale', 500, 0, 'Computer Software');
insert into Education values ( 77 , 192 , 255 , 'Certification - Leadership Development Program', '2013 – 2013', '2013 – 2013');
insert into University values ( 192 , 'Center for Creative Leadership, San Diego');
insert into Education values ( 77 , 193 , 256 , 'MCA', '2000 – 2003', '2000 – 2003');
insert into University values ( 193 , 'Indira Gandhi National Open University');
insert into Education values ( 77 , 194 , 257 , 'GNIIT', '1994 – 1998', '1994 – 1998');
insert into University values ( 194 , 'National Institute of Information Technology (NIIT)');
insert into Education values ( 77 , 195 , 258 , 'Bachelors', '1994 – 1997', '1994 – 1997');
insert into University values ( 195 , 'Bangalore University');
insert into Education values ( 77 , 196 , 202 , '', '', '');
insert into University values ( 196 , 'SSVM');
insert into Has_skill values ( 77 , 430, 0);
insert into Skill values ( 430 , 'Team Leadership');
insert into Has_skill values ( 77 , 801, 0);
insert into Skill values ( 801 , 'ERP');
insert into Has_skill values ( 77 , 819, 0);
insert into Skill values ( 819 , 'Oracle E-Business Suite');
insert into Has_skill values ( 77 , 536, 0);
insert into Skill values ( 536 , 'Oracle Applications');
insert into Has_skill values ( 77 , 820, 0);
insert into Skill values ( 820 , 'Supply Chain');
insert into Has_skill values ( 77 , 821, 0);
insert into Skill values ( 821 , 'Order Management');
insert into Has_skill values ( 77 , 518, 0);
insert into Skill values ( 518 , 'Six Sigma');
insert into Has_skill values ( 77 , 376, 0);
insert into Skill values ( 376 , 'Program Management');
insert into Has_skill values ( 77 , 822, 0);
insert into Skill values ( 822 , 'Manufacturing');
insert into Has_skill values ( 77 , 823, 0);
insert into Skill values ( 823 , 'Lean Manufacturing');
insert into Has_skill values ( 77 , 778, 0);
insert into Skill values ( 778 , 'Change Management');
insert into Has_skill values ( 77 , 824, 0);
insert into Skill values ( 824 , 'Resource Management');
insert into Has_skill values ( 77 , 541, 0);
insert into Skill values ( 541 , 'Process Improvement');
insert into Has_skill values ( 77 , 780, 0);
insert into Skill values ( 780 , 'Integration');
insert into Has_skill values ( 77 , 825, 0);
insert into Skill values ( 825 , 'Unix');
insert into Has_skill values ( 77 , 826, 0);
insert into Skill values ( 826 , 'Business Process...');
insert into Has_skill values ( 77 , 501, 0);
insert into Skill values ( 501 , 'MS Project');
insert into Has_skill values ( 77 , 383, 0);
insert into Skill values ( 383 , 'Business Analysis');
insert into Has_skill values ( 77 , 803, 0);
insert into Skill values ( 803 , 'SDLC');
insert into Has_skill values ( 77 , 827, 0);
insert into Skill values ( 827 , 'Application Development');
insert into Has_skill values ( 77 , 828, 0);
insert into Skill values ( 828 , 'Supply Chain Management');
insert into Has_skill values ( 77 , 712, 0);
insert into Skill values ( 712 , 'Procurement');
insert into Has_skill values ( 77 , 829, 0);
insert into Skill values ( 829 , 'Business Management');
insert into Has_skill values ( 77 , 830, 0);
insert into Skill values ( 830 , 'Continuous Improvement');
insert into Has_skill values ( 77 , 831, 0);
insert into Skill values ( 831 , 'SQL Server');
insert into Has_skill values ( 77 , 832, 0);
insert into Skill values ( 832 , 'Testing');
insert into Has_skill values ( 77 , 833, 0);
insert into Skill values ( 833 , 'Problem Solving');
insert into Has_skill values ( 77 , 834, 0);
insert into Skill values ( 834 , 'PMP');
insert into Has_skill values ( 77 , 565, 0);
insert into Skill values ( 565 , 'Software Project...');
insert into Has_skill values ( 77 , 835, 0);
insert into Skill values ( 835 , 'PL/SQL');
insert into Has_skill values ( 77 , 312, 0);
insert into Skill values ( 312 , 'Software Engineering');
insert into Has_skill values ( 77 , 781, 0);
insert into Skill values ( 781 , 'Operations Management');
insert into Has_skill values ( 77 , 836, 0);
insert into Skill values ( 836 , 'Process Development');
insert into Has_skill values ( 77 , 417, 0);
insert into Skill values ( 417 , 'Management');
insert into Has_skill values ( 77 , 837, 0);
insert into Skill values ( 837 , 'Business Process');
insert into Has_skill values ( 77 , 838, 0);
insert into Skill values ( 838 , 'Requirements Analysis');
insert into Has_skill values ( 77 , 448, 0);
insert into Skill values ( 448 , 'Oracle');
insert into Has_skill values ( 77 , 498, 0);
insert into Skill values ( 498 , 'Project Planning');
insert into Has_skill values ( 77 , 471, 0);
insert into Skill values ( 471 , 'CRM');
insert into Has_skill values ( 77 , 353, 0);
insert into Skill values ( 353 , 'Project Management');
insert into Has_skill values ( 77 , 839, 0);
insert into Skill values ( 839 , 'PMO');
insert into Has_skill values ( 77 , 840, 0);
insert into Skill values ( 840 , 'Software Documentation');
insert into Has_skill values ( 77 , 464, 0);
insert into Skill values ( 464 , 'Business Intelligence');
insert into Has_skill values ( 77 , 776, 0);
insert into Skill values ( 776 , 'Vendor Management');
insert into Has_skill values ( 77 , 841, 0);
insert into Skill values ( 841 , 'Oracle HR');
insert into Has_skill values ( 77 , 423, 0);
insert into Skill values ( 423 , 'Leadership');
insert into Has_skill values ( 77 , 842, 0);
insert into Skill values ( 842 , 'Business Transformation');
insert into Has_skill values ( 77 , 779, 0);
insert into Skill values ( 779 , 'IT Strategy');
insert into Has_skill values ( 77 , 814, 0);
insert into Skill values ( 814 , 'IT Management');
insert into Has_skill values ( 77 , 843, 0);
insert into Skill values ( 843 , 'Solution Architecture');
insert into Member_of values ( 77 , 679);
insert into Groups values ( 679 , 'Oracle e-Business Suite R12 Knowledge Exchange', 0);
insert into Member_of values ( 77 , 680);
insert into Groups values ( 680 , 'ERP Community', 0);
insert into Member_of values ( 77 , 681);
insert into Groups values ( 681 , 'Regal-Beloit', 0);
insert into Member_of values ( 77 , 682);
insert into Groups values ( 682 , 'Oracle Supply Chain Planning (MRP/ASCP)', 0);
insert into Member_of values ( 77 , 683);
insert into Groups values ( 683 , 'Oracle Process Manufacturing', 0);
insert into Member_of values ( 77 , 684);
insert into Groups values ( 684 , 'Oracle 11i to R12 Upgrade', 0);
insert into Member_of values ( 77 , 685);
insert into Groups values ( 685 , 'Cost Accounting for Process Manufacturers', 0);
insert into Member_of values ( 77 , 686);
insert into Groups values ( 686 , 'IGNOU - MCA', 0);
insert into Member_of values ( 77 , 687);
insert into Groups values ( 687 , 'ERP-Consulting', 0);
insert into Member_of values ( 77 , 688);
insert into Groups values ( 688 , 'EiS Technologies - Reporting * BI * Solutions', 0);
insert into Member_of values ( 77 , 689);
insert into Groups values ( 689 , 'Oracle Process Manufacturing Users and Experts', 0);
insert into Member_of values ( 77 , 690);
insert into Groups values ( 690 , 'Project Manager Community - Best Group for Project Management', 0);
insert into Member_of values ( 77 , 691);
insert into Groups values ( 691 , 'Oracle Advanced Supply Chain Planning ( ASCP )', 0);
insert into Member_of values ( 77 , 692);
insert into Groups values ( 692 , 'Supply Chain Management Group', 0);
insert into Member_of values ( 77 , 693);
insert into Groups values ( 693 , 'Starbucks Coffee Company Professional Networking', 0);
insert into Member_of values ( 77 , 694);
insert into Groups values ( 694 , 'Oracle Production Scheduling', 0);
insert into Member_of values ( 77 , 695);
insert into Groups values ( 695 , 'Chief Information Officer (CIO) Network - The Group for CIOs', 0);
insert into Member_of values ( 77 , 696);
insert into Groups values ( 696 , 'Oracle Manufacturing & SCM', 0);
insert into Member_of values ( 77 , 697);
insert into Groups values ( 697 , 'Jobs on Oracle Applications in USA', 0);
insert into Member_of values ( 77 , 698);
insert into Groups values ( 698 , 'Lean Practitioners', 0);
insert into Member_of values ( 77 , 699);
insert into Groups values ( 699 , 'Analytics for Supply Chain Management', 0);
insert into Member_of values ( 77 , 700);
insert into Groups values ( 700 , 'Oracle Application Users and Experts', 0);
insert into Employer values ( 821 , 'Starbucks');
insert into Experience values ( 77 , 821, '2014-01-01', '');
insert into Employer values ( 821 , 'Starbucks');
insert into Experience values ( 77 , 821, '2012-07-01', '2014-01-01');
insert into Employer values ( 831 , 'Regal Beloit');
insert into Experience values ( 77 , 831, '2011-04-01', '2012-07-01');
insert into Employer values ( 831 , 'Regal Beloit');
insert into Experience values ( 77 , 831, '2008-08-01', '2011-04-02');
insert into Employer values ( 832 , 'Fujitsu Consulting');
insert into Experience values ( 77 , 832, '2005-07-01', '2008-08-03');
insert into Employer values ( 833 , 'Tata Consultancy Services');
insert into Experience values ( 77 , 833, '2002-02-01', '2005-07-03');
insert into Employer values ( 834 , 'Wipro Technologies');
insert into Experience values ( 77 , 834, '2001-06-01', '2002-02-09');
insert into Employer values ( 835 , 'Motorola India Ltd');
insert into Experience values ( 77 , 835, '1998-07-01', '2001-05-02');

insert into User values ( 78 , 'Jayabindu' , 'Singh', 398, 0, 'Logistics and Supply Chain');
insert into Has_skill values ( 78 , 536, 0);
insert into Skill values ( 536 , 'Oracle Applications');
insert into Has_skill values ( 78 , 803, 0);
insert into Skill values ( 803 , 'SDLC');
insert into Has_skill values ( 78 , 838, 0);
insert into Skill values ( 838 , 'Requirements Analysis');
insert into Has_skill values ( 78 , 819, 0);
insert into Skill values ( 819 , 'Oracle E-Business Suite');
insert into Has_skill values ( 78 , 448, 0);
insert into Skill values ( 448 , 'Oracle');
insert into Has_skill values ( 78 , 821, 0);
insert into Skill values ( 821 , 'Order Management');
insert into Has_skill values ( 78 , 835, 0);
insert into Skill values ( 835 , 'PL/SQL');
insert into Has_skill values ( 78 , 383, 0);
insert into Skill values ( 383 , 'Business Analysis');
insert into Has_skill values ( 78 , 801, 0);
insert into Skill values ( 801 , 'ERP');
insert into Has_skill values ( 78 , 844, 0);
insert into Skill values ( 844 , 'Requirements Gathering');
insert into Has_skill values ( 78 , 837, 0);
insert into Skill values ( 837 , 'Business Process');
insert into Has_skill values ( 78 , 843, 0);
insert into Skill values ( 843 , 'Solution Architecture');
insert into Has_skill values ( 78 , 565, 0);
insert into Skill values ( 565 , 'Software Project...');

insert into User values ( 79 , 'Brad' , 'Ackerman', 1, 0, 'Retail');
insert into Education values ( 79 , 197 , 259 , 'Bachelor of Arts (B.A.) in Systems Analysis and Management', '1979 – 1983', '1979 – 1983');
insert into University values ( 197 , 'University of Puget Sound');
insert into Has_skill values ( 79 , 776, 0);
insert into Skill values ( 776 , 'Vendor Management');
insert into Has_skill values ( 79 , 383, 0);
insert into Skill values ( 383 , 'Business Analysis');
insert into Has_skill values ( 79 , 430, 0);
insert into Skill values ( 430 , 'Team Leadership');
insert into Has_skill values ( 79 , 464, 0);
insert into Skill values ( 464 , 'Business Intelligence');
insert into Has_skill values ( 79 , 541, 0);
insert into Skill values ( 541 , 'Process Improvement');
insert into Has_skill values ( 79 , 353, 0);
insert into Skill values ( 353 , 'Project Management');
insert into Has_skill values ( 79 , 417, 0);
insert into Skill values ( 417 , 'Management');
insert into Has_skill values ( 79 , 845, 0);
insert into Skill values ( 845 , 'POS');
insert into Has_skill values ( 79 , 465, 0);
insert into Skill values ( 465 , 'Retail');
insert into Employer values ( 819 , 'Starbucks Coffee Company');
insert into Experience values ( 79 , 819, '', '');

insert into User values ( 80 , 'Paula' , 'Hills', 36, 0, 'Retail');
insert into Education values ( 80 , 198 , 202 , '', '1978 – 1980', '1978 – 1980');
insert into University values ( 198 , 'State University of New York College at Potsdam');
insert into Employer values ( 819 , 'Starbucks Coffee Company');
insert into Experience values ( 80 , 819, '', '');

insert into User values ( 81 , 'Tim' , 'Carter', 200, 0, 'Information Technology and Services');
insert into Has_skill values ( 81 , 803, 0);
insert into Skill values ( 803 , 'SDLC');
insert into Has_skill values ( 81 , 464, 0);
insert into Skill values ( 464 , 'Business Intelligence');
insert into Has_skill values ( 81 , 377, 0);
insert into Skill values ( 377 , 'Product Management');
insert into Has_skill values ( 81 , 846, 0);
insert into Skill values ( 846 , 'Data Warehousing');

insert into User values ( 82 , 'Christa' , 'McBryan', 28, 0, 'Retail');
insert into Has_skill values ( 82 , 465, 0);
insert into Skill values ( 465 , 'Retail');
insert into Has_skill values ( 82 , 776, 0);
insert into Skill values ( 776 , 'Vendor Management');
insert into Has_skill values ( 82 , 353, 0);
insert into Skill values ( 353 , 'Project Management');
insert into Has_skill values ( 82 , 430, 0);
insert into Skill values ( 430 , 'Team Leadership');
insert into Has_skill values ( 82 , 378, 0);
insert into Skill values ( 378 , 'Cross-functional Team...');
insert into Has_skill values ( 82 , 383, 0);
insert into Skill values ( 383 , 'Business Analysis');
insert into Has_skill values ( 82 , 803, 0);
insert into Skill values ( 803 , 'SDLC');
insert into Has_skill values ( 82 , 541, 0);
insert into Skill values ( 541 , 'Process Improvement');
insert into Has_skill values ( 82 , 775, 0);
insert into Skill values ( 775 , 'Team Building');
insert into Has_skill values ( 82 , 427, 0);
insert into Skill values ( 427 , 'Customer Service');
insert into Has_skill values ( 82 , 423, 0);
insert into Skill values ( 423 , 'Leadership');
insert into Has_skill values ( 82 , 417, 0);
insert into Skill values ( 417 , 'Management');
insert into Has_skill values ( 82 , 376, 0);
insert into Skill values ( 376 , 'Program Management');
insert into Has_skill values ( 82 , 778, 0);
insert into Skill values ( 778 , 'Change Management');
insert into Has_skill values ( 82 , 837, 0);
insert into Skill values ( 837 , 'Business Process');
insert into Has_skill values ( 82 , 497, 0);
insert into Skill values ( 497 , 'Visio');
insert into Has_skill values ( 82 , 498, 0);
insert into Skill values ( 498 , 'Project Planning');
insert into Has_skill values ( 82 , 826, 0);
insert into Skill values ( 826 , 'Business Process...');
insert into Has_skill values ( 82 , 743, 0);
insert into Skill values ( 743 , 'SEO');
insert into Has_skill values ( 82 , 494, 0);
insert into Skill values ( 494 , 'Strategy');

insert into User values ( 83 , 'Barbara' , 'Spiering', 306, 0, 'Retail');
insert into Has_skill values ( 83 , 541, 0);
insert into Skill values ( 541 , 'Process Improvement');
insert into Has_skill values ( 83 , 776, 0);
insert into Skill values ( 776 , 'Vendor Management');
insert into Has_skill values ( 83 , 378, 0);
insert into Skill values ( 378 , 'Cross-functional Team...');
insert into Has_skill values ( 83 , 383, 0);
insert into Skill values ( 383 , 'Business Analysis');
insert into Has_skill values ( 83 , 803, 0);
insert into Skill values ( 803 , 'SDLC');
insert into Has_skill values ( 83 , 353, 0);
insert into Skill values ( 353 , 'Project Management');
insert into Has_skill values ( 83 , 780, 0);
insert into Skill values ( 780 , 'Integration');
insert into Has_skill values ( 83 , 838, 0);
insert into Skill values ( 838 , 'Requirements Analysis');
insert into Has_skill values ( 83 , 844, 0);
insert into Skill values ( 844 , 'Requirements Gathering');
insert into Has_skill values ( 83 , 497, 0);
insert into Skill values ( 497 , 'Visio');
insert into Has_skill values ( 83 , 464, 0);
insert into Skill values ( 464 , 'Business Intelligence');
insert into Has_skill values ( 83 , 376, 0);
insert into Skill values ( 376 , 'Program Management');
insert into Has_skill values ( 83 , 501, 0);
insert into Skill values ( 501 , 'MS Project');
insert into Has_skill values ( 83 , 840, 0);
insert into Skill values ( 840 , 'Software Documentation');
insert into Has_skill values ( 83 , 565, 0);
insert into Skill values ( 565 , 'Software Project...');
insert into Has_skill values ( 83 , 417, 0);
insert into Skill values ( 417 , 'Management');
insert into Has_skill values ( 83 , 813, 0);
insert into Skill values ( 813 , 'SharePoint');
insert into Has_skill values ( 83 , 847, 0);
insert into Skill values ( 847 , 'Timely Decision Making');
insert into Has_skill values ( 83 , 430, 0);
insert into Skill values ( 430 , 'Team Leadership');
insert into Has_skill values ( 83 , 826, 0);
insert into Skill values ( 826 , 'Business Process...');
insert into Has_skill values ( 83 , 839, 0);
insert into Skill values ( 839 , 'PMO');
insert into Has_skill values ( 83 , 471, 0);
insert into Skill values ( 471 , 'CRM');
insert into Has_skill values ( 83 , 814, 0);
insert into Skill values ( 814 , 'IT Management');
insert into Has_skill values ( 83 , 837, 0);
insert into Skill values ( 837 , 'Business Process');
insert into Has_skill values ( 83 , 848, 0);
insert into Skill values ( 848 , 'Project Portfolio...');
insert into Has_skill values ( 83 , 849, 0);
insert into Skill values ( 849 , 'Agile Project Management');
insert into Has_skill values ( 83 , 779, 0);
insert into Skill values ( 779 , 'IT Strategy');

insert into User values ( 84 , 'Ramesh' , 'Ganesh', 500, 0, 'Retail');
insert into Education values ( 84 , 199 , 260 , 'EMBA', '2007 – 2009', '2007 – 2009');
insert into University values ( 199 , 'University of Southern California - Marshall School of Business');
insert into Education values ( 84 , 200 , 261 , 'MS', '1987 – 1990', '1987 – 1990');
insert into University values ( 200 , 'National Institute of Technology Warangal');
insert into Education values ( 84 , 201 , 262 , 'Bachelor of Science (BSc)', '', '');
insert into University values ( 201 , 'Vivekandana college');
insert into Has_skill values ( 84 , 850, 0);
insert into Skill values ( 850 , 'Architecture');
insert into Has_skill values ( 84 , 807, 0);
insert into Skill values ( 807 , 'Security');
insert into Has_skill values ( 84 , 843, 0);
insert into Skill values ( 843 , 'Solution Architecture');
insert into Has_skill values ( 84 , 817, 0);
insert into Skill values ( 817 , 'Enterprise Software');
insert into Has_skill values ( 84 , 813, 0);
insert into Skill values ( 813 , 'SharePoint');
insert into Has_skill values ( 84 , 780, 0);
insert into Skill values ( 780 , 'Integration');
insert into Has_skill values ( 84 , 494, 0);
insert into Skill values ( 494 , 'Strategy');
insert into Has_skill values ( 84 , 848, 0);
insert into Skill values ( 848 , 'Project Portfolio...');
insert into Has_skill values ( 84 , 801, 0);
insert into Skill values ( 801 , 'ERP');
insert into Has_skill values ( 84 , 536, 0);
insert into Skill values ( 536 , 'Oracle Applications');
insert into Has_skill values ( 84 , 578, 0);
insert into Skill values ( 578 , 'Software Development');
insert into Has_skill values ( 84 , 851, 0);
insert into Skill values ( 851 , 'ETL');
insert into Has_skill values ( 84 , 423, 0);
insert into Skill values ( 423 , 'Leadership');
insert into Has_skill values ( 84 , 805, 0);
insert into Skill values ( 805 , 'Data Center');
insert into Has_skill values ( 84 , 837, 0);
insert into Skill values ( 837 , 'Business Process');
insert into Has_skill values ( 84 , 417, 0);
insert into Skill values ( 417 , 'Management');
insert into Has_skill values ( 84 , 844, 0);
insert into Skill values ( 844 , 'Requirements Gathering');
insert into Has_skill values ( 84 , 852, 0);
insert into Skill values ( 852 , 'Architectures');
insert into Has_skill values ( 84 , 564, 0);
insert into Skill values ( 564 , 'Agile Methodologies');
insert into Has_skill values ( 84 , 810, 0);
insert into Skill values ( 810 , 'Infrastructure');
insert into Has_skill values ( 84 , 448, 0);
insert into Skill values ( 448 , 'Oracle');
insert into Has_skill values ( 84 , 846, 0);
insert into Skill values ( 846 , 'Data Warehousing');
insert into Has_skill values ( 84 , 812, 0);
insert into Skill values ( 812 , 'ITIL');
insert into Has_skill values ( 84 , 824, 0);
insert into Skill values ( 824 , 'Resource Management');
insert into Has_skill values ( 84 , 499, 0);
insert into Skill values ( 499 , 'Data Modeling');
insert into Has_skill values ( 84 , 853, 0);
insert into Skill values ( 853 , 'Operational Excellence');
insert into Has_skill values ( 84 , 826, 0);
insert into Skill values ( 826 , 'Business Process...');
insert into Has_skill values ( 84 , 809, 0);
insert into Skill values ( 809 , 'System Administration');
insert into Has_skill values ( 84 , 738, 0);
insert into Skill values ( 738 , 'SaaS');
insert into Has_skill values ( 84 , 814, 0);
insert into Skill values ( 814 , 'IT Management');
insert into Has_skill values ( 84 , 427, 0);
insert into Skill values ( 427 , 'Customer Service');
insert into Has_skill values ( 84 , 381, 0);
insert into Skill values ( 381 , 'Strategic Planning');
insert into Has_skill values ( 84 , 336, 0);
insert into Skill values ( 336 , 'Microsoft Office');
insert into Has_skill values ( 84 , 443, 0);
insert into Skill values ( 443 , 'Databases');
insert into Has_skill values ( 84 , 561, 0);
insert into Skill values ( 561 , 'Cloud Computing');
insert into Has_skill values ( 84 , 403, 0);
insert into Skill values ( 403 , 'Analysis');
insert into Has_skill values ( 84 , 442, 0);
insert into Skill values ( 442 , 'SQL');
insert into Has_skill values ( 84 , 808, 0);
insert into Skill values ( 808 , 'Disaster Recovery');
insert into Member_of values ( 84 , 701);
insert into Groups values ( 701 , 'Hyperion EPM', 0);
insert into Member_of values ( 84 , 702);
insert into Groups values ( 702 , 'NIT(National Institute of Technology) Entrepreneur', 0);
insert into Member_of values ( 84 , 703);
insert into Groups values ( 703 , 'MCA-NIT Warangal', 0);
insert into Member_of values ( 84 , 704);
insert into Groups values ( 704 , 'USC Marshall Alumni EMBA Class XXIII', 0);
insert into Member_of values ( 84 , 705);
insert into Groups values ( 705 , 'The Linked CXO / President, CEO, COO, CIO, CTO, MD, VP, Director s', 0);
insert into Member_of values ( 84 , 706);
insert into Groups values ( 706 , 'USC Marshall School of Business', 0);
insert into Member_of values ( 84 , 707);
insert into Groups values ( 707 , 'MyCredentials - Career Presentation', 0);
insert into Member_of values ( 84 , 708);
insert into Groups values ( 708 , 'TCS Alumni Network', 0);
insert into Member_of values ( 84 , 709);
insert into Groups values ( 709 , 'Oracle Supplier Data Hub (SDH) and Supplier Life Cycle Management (SLM) SIG', 0);
insert into Member_of values ( 84 , 710);
insert into Groups values ( 710 , 'NIT Warangal Alumni and Students', 0);
insert into Member_of values ( 84 , 711);
insert into Groups values ( 711 , 'USC Trojan Network', 0);
insert into Member_of values ( 84 , 712);
insert into Groups values ( 712 , 'Technology Professionals - Industry Specific', 0);
insert into Member_of values ( 84 , 713);
insert into Groups values ( 713 , 'Enterprise Architecture Events and Conferences', 0);
insert into Member_of values ( 84 , 714);
insert into Groups values ( 714 , 'IT Strategy Consultants', 0);
insert into Member_of values ( 84 , 715);
insert into Groups values ( 715 , 'Enterprise Architecture Group', 0);
insert into Member_of values ( 84 , 716);
insert into Groups values ( 716 , 'SWIFTcommunity.net', 0);
insert into Member_of values ( 84 , 717);
insert into Groups values ( 717 , 'The Enterprise Architecture Network', 0);
insert into Member_of values ( 84 , 718);
insert into Groups values ( 718 , 'The Enterprise Technology Convergence Council on Big Data Analytics', 0);
insert into Member_of values ( 84 , 719);
insert into Groups values ( 719 , 'Oracle Product Data Quality (PDQ) Special Integrest Group (PDQ SIG)', 0);
insert into Member_of values ( 84 , 720);
insert into Groups values ( 720 , 'Indian Startups', 0);
insert into Member_of values ( 84 , 721);
insert into Groups values ( 721 , 'IT Innovation Council', 0);
insert into Knows_language values ( 84 , 504);
insert into Languages values ( 504 , 'Hindi');
insert into Employer values ( 819 , 'Starbucks Coffee Company');
insert into Experience values ( 84 , 819, '2010-04-01', '2014-12-15');
insert into Employer values ( 819 , 'Starbucks Coffee Company');
insert into Experience values ( 84 , 819, '1998-10-01', '2011-04-12');
insert into Employer values ( 836 , 'PRODX');
insert into Experience values ( 84 , 836, '1996-01-01', '');
insert into Employer values ( 837 , 'NIKE inc');
insert into Experience values ( 84 , 837, '1996-01-01', '');
insert into Employer values ( 838 , 'Covansys/CBSI');
insert into Experience values ( 84 , 838, '1992-07-01', '1996-04-03');
insert into Employer values ( 839 , 'TCS');
insert into Experience values ( 84 , 839, '1990-05-01', '1991-08-01');

insert into User values ( 85 , 'Chris' , 'Halstead', 500, 0, 'Information Technology and Services');
insert into Has_skill values ( 85 , 564, 0);
insert into Skill values ( 564 , 'Agile Methodologies');
insert into Has_skill values ( 85 , 561, 0);
insert into Skill values ( 561 , 'Cloud Computing');
insert into Has_skill values ( 85 , 818, 0);
insert into Skill values ( 818 , 'Enterprise Architecture');
insert into Has_skill values ( 85 , 780, 0);
insert into Skill values ( 780 , 'Integration');
insert into Has_skill values ( 85 , 850, 0);
insert into Skill values ( 850 , 'Architecture');
insert into Has_skill values ( 85 , 805, 0);
insert into Skill values ( 805 , 'Data Center');
insert into Has_skill values ( 85 , 806, 0);
insert into Skill values ( 806 , 'Virtualization');
insert into Has_skill values ( 85 , 779, 0);
insert into Skill values ( 779 , 'IT Strategy');
insert into Has_skill values ( 85 , 811, 0);
insert into Skill values ( 811 , 'Network Security');
insert into Has_skill values ( 85 , 854, 0);
insert into Skill values ( 854 , 'Storage Area Networks');
insert into Has_skill values ( 85 , 825, 0);
insert into Skill values ( 825 , 'Unix');
insert into Has_skill values ( 85 , 430, 0);
insert into Skill values ( 430 , 'Team Leadership');
insert into Has_skill values ( 85 , 497, 0);
insert into Skill values ( 497 , 'Visio');
insert into Has_skill values ( 85 , 383, 0);
insert into Skill values ( 383 , 'Business Analysis');
insert into Has_skill values ( 85 , 810, 0);
insert into Skill values ( 810 , 'Infrastructure');
insert into Has_skill values ( 85 , 417, 0);
insert into Skill values ( 417 , 'Management');
insert into Has_skill values ( 85 , 855, 0);
insert into Skill values ( 855 , 'Servers');
insert into Has_skill values ( 85 , 814, 0);
insert into Skill values ( 814 , 'IT Management');
insert into Has_skill values ( 85 , 856, 0);
insert into Skill values ( 856 , 'Storage');
insert into Has_skill values ( 85 , 423, 0);
insert into Skill values ( 423 , 'Leadership');
insert into Has_skill values ( 85 , 857, 0);
insert into Skill values ( 857 , 'System Deployment');
insert into Has_skill values ( 85 , 858, 0);
insert into Skill values ( 858 , 'VMware');
insert into Has_skill values ( 85 , 502, 0);
insert into Skill values ( 502 , 'Linux');
insert into Has_skill values ( 85 , 859, 0);
insert into Skill values ( 859 , 'Networking');
insert into Has_skill values ( 85 , 804, 0);
insert into Skill values ( 804 , 'Information Technology');
insert into Has_skill values ( 85 , 860, 0);
insert into Skill values ( 860 , 'IT Service Management');
insert into Has_skill values ( 85 , 443, 0);
insert into Skill values ( 443 , 'Databases');
insert into Has_skill values ( 85 , 494, 0);
insert into Skill values ( 494 , 'Strategy');
insert into Has_skill values ( 85 , 578, 0);
insert into Skill values ( 578 , 'Software Development');
insert into Has_skill values ( 85 , 481, 0);
insert into Skill values ( 481 , 'E-commerce');
insert into Has_skill values ( 85 , 843, 0);
insert into Skill values ( 843 , 'Solution Architecture');
insert into Has_skill values ( 85 , 817, 0);
insert into Skill values ( 817 , 'Enterprise Software');
insert into Has_skill values ( 85 , 807, 0);
insert into Skill values ( 807 , 'Security');
insert into Has_skill values ( 85 , 808, 0);
insert into Skill values ( 808 , 'Disaster Recovery');

insert into User values ( 86 , 'Sid' , 'Wang', 500, 0, 'Information Technology and Services');
insert into Education values ( 86 , 202 , 203 , 'BS', '', '');
insert into University values ( 202 , 'Gonzaga University');
insert into Has_skill values ( 86 , 861, 0);
insert into Skill values ( 861 , 'Operating Systems');
insert into Has_skill values ( 86 , 825, 0);
insert into Skill values ( 825 , 'Unix');
insert into Has_skill values ( 86 , 561, 0);
insert into Skill values ( 561 , 'Cloud Computing');
insert into Has_skill values ( 86 , 809, 0);
insert into Skill values ( 809 , 'System Administration');
insert into Has_skill values ( 86 , 806, 0);
insert into Skill values ( 806 , 'Virtualization');
insert into Has_skill values ( 86 , 808, 0);
insert into Skill values ( 808 , 'Disaster Recovery');
insert into Has_skill values ( 86 , 816, 0);
insert into Skill values ( 816 , 'IT Operations');
insert into Has_skill values ( 86 , 857, 0);
insert into Skill values ( 857 , 'System Deployment');
insert into Has_skill values ( 86 , 807, 0);
insert into Skill values ( 807 , 'Security');
insert into Has_skill values ( 86 , 811, 0);
insert into Skill values ( 811 , 'Network Security');
insert into Has_skill values ( 86 , 858, 0);
insert into Skill values ( 858 , 'VMware');
insert into Has_skill values ( 86 , 856, 0);
insert into Skill values ( 856 , 'Storage');
insert into Has_skill values ( 86 , 812, 0);
insert into Skill values ( 812 , 'ITIL');
insert into Has_skill values ( 86 , 862, 0);
insert into Skill values ( 862 , 'Clariion');
insert into Has_skill values ( 86 , 814, 0);
insert into Skill values ( 814 , 'IT Management');
insert into Has_skill values ( 86 , 863, 0);
insert into Skill values ( 863 , 'EMC Storage Technology...');
insert into Has_skill values ( 86 , 864, 0);
insert into Skill values ( 864 , 'Oracle Exadata');
insert into Has_skill values ( 86 , 865, 0);
insert into Skill values ( 865 , 'PCI/SOX');
insert into Has_skill values ( 86 , 866, 0);
insert into Skill values ( 866 , 'Technology');
insert into Has_skill values ( 86 , 776, 0);
insert into Skill values ( 776 , 'Vendor Management');
insert into Has_skill values ( 86 , 867, 0);
insert into Skill values ( 867 , 'Enterprise Project...');
insert into Has_skill values ( 86 , 868, 0);
insert into Skill values ( 868 , 'Troubleshooting');
insert into Has_skill values ( 86 , 869, 0);
insert into Skill values ( 869 , 'Windows Server');
insert into Has_skill values ( 86 , 854, 0);
insert into Skill values ( 854 , 'Storage Area Networks');
insert into Has_skill values ( 86 , 870, 0);
insert into Skill values ( 870 , 'VPN');
insert into Has_skill values ( 86 , 803, 0);
insert into Skill values ( 803 , 'SDLC');
insert into Has_skill values ( 86 , 860, 0);
insert into Skill values ( 860 , 'IT Service Management');
insert into Has_skill values ( 86 , 417, 0);
insert into Skill values ( 417 , 'Management');
insert into Has_skill values ( 86 , 805, 0);
insert into Skill values ( 805 , 'Data Center');
insert into Has_skill values ( 86 , 871, 0);
insert into Skill values ( 871 , 'Cisco Technologies');
insert into Has_skill values ( 86 , 817, 0);
insert into Skill values ( 817 , 'Enterprise Software');
insert into Has_skill values ( 86 , 855, 0);
insert into Skill values ( 855 , 'Servers');
insert into Has_skill values ( 86 , 872, 0);
insert into Skill values ( 872 , 'Microsoft Exchange');
insert into Has_skill values ( 86 , 804, 0);
insert into Skill values ( 804 , 'Information Technology');
insert into Has_skill values ( 86 , 873, 0);
insert into Skill values ( 873 , 'Hardware');
insert into Has_skill values ( 86 , 874, 0);
insert into Skill values ( 874 , 'Business Continuity');
insert into Has_skill values ( 86 , 779, 0);
insert into Skill values ( 779 , 'IT Strategy');
insert into Has_skill values ( 86 , 810, 0);
insert into Skill values ( 810 , 'Infrastructure');
insert into Has_skill values ( 86 , 875, 0);
insert into Skill values ( 875 , 'Microsoft Technologies');
insert into Has_skill values ( 86 , 813, 0);
insert into Skill values ( 813 , 'SharePoint');
insert into Has_skill values ( 86 , 818, 0);
insert into Skill values ( 818 , 'Enterprise Architecture');
insert into Has_skill values ( 86 , 876, 0);
insert into Skill values ( 876 , 'Active Directory');
insert into Has_skill values ( 86 , 877, 0);
insert into Skill values ( 877 , 'Solaris');
insert into Has_skill values ( 86 , 843, 0);
insert into Skill values ( 843 , 'Solution Architecture');
insert into Has_skill values ( 86 , 497, 0);
insert into Skill values ( 497 , 'Visio');
insert into Member_of values ( 86 , 722);
insert into Groups values ( 722 , 'Job Openings, Job Leads and Job Connections!', 0);
insert into Member_of values ( 86 , 723);
insert into Groups values ( 723 , 'Cloud Computing', 0);
insert into Member_of values ( 86 , 724);
insert into Groups values ( 724 , 'Linux Users & Open Source Developers', 0);
insert into Member_of values ( 86 , 725);
insert into Groups values ( 725 , 'RED Hat LINUX Experts', 0);
insert into Member_of values ( 86 , 726);
insert into Groups values ( 726 , 'IT Infrastructure Management Leaders', 0);
insert into Member_of values ( 86 , 727);
insert into Groups values ( 727 , 'Starbucks Coffee Co. Alumni', 0);
insert into Member_of values ( 86 , 728);
insert into Groups values ( 728 , 'Gonzaga Alumni Association', 0);
insert into Member_of values ( 86 , 729);
insert into Groups values ( 729 , 'Information Technology Managers Forum', 0);
insert into Member_of values ( 86 , 730);
insert into Groups values ( 730 , 'IT Infrastructure Industry Professionals', 0);
insert into Member_of values ( 86 , 731);
insert into Groups values ( 731 , 'The Virtualization & Cloud Computing Group', 0);
insert into Member_of values ( 86 , 732);
insert into Groups values ( 732 , 'HP-UX', 0);
insert into Member_of values ( 86 , 678);
insert into Groups values ( 678 , 'Splunk > Pacific NorthWest', 0);
insert into Member_of values ( 86 , 733);
insert into Groups values ( 733 , 'IT in Retail', 0);
insert into Member_of values ( 86 , 734);
insert into Groups values ( 734 , 'CIO Forum', 0);
insert into Member_of values ( 86 , 735);
insert into Groups values ( 735 , 'IT Service Delivery Manager and Professionals', 0);
insert into Member_of values ( 86 , 736);
insert into Groups values ( 736 , 'UNIX Architects', 0);
insert into Member_of values ( 86 , 737);
insert into Groups values ( 737 , 'Starbucks Alums and Partners', 0);
insert into Member_of values ( 86 , 738);
insert into Groups values ( 738 , 'The UNIX and Linux Forums Users', 0);
insert into Member_of values ( 86 , 739);
insert into Groups values ( 739 , 'Retail Technology Association', 0);
insert into Member_of values ( 86 , 740);
insert into Groups values ( 740 , 'BMC Software - Washington User Group', 0);
insert into Member_of values ( 86 , 741);
insert into Groups values ( 741 , 'Cloud Architect Network - Architects to the Clouds', 0);
insert into Member_of values ( 86 , 742);
insert into Groups values ( 742 , 'Linux Expert', 0);
insert into Member_of values ( 86 , 743);
insert into Groups values ( 743 , 'Washington State Technologists', 0);
insert into Member_of values ( 86 , 744);
insert into Groups values ( 744 , 'IT specialists', 0);
insert into Member_of values ( 86 , 745);
insert into Groups values ( 745 , 'HP-UX Users', 0);
insert into Member_of values ( 86 , 746);
insert into Groups values ( 746 , 'IT Service Delivery Management', 0);
insert into Member_of values ( 86 , 747);
insert into Groups values ( 747 , 'Starbucks Enthusiasts', 0);
insert into Member_of values ( 86 , 748);
insert into Groups values ( 748 , 'Starbucks - Current and Former Employees', 0);
insert into Member_of values ( 86 , 749);
insert into Groups values ( 749 , 'Enterprise Architecture Forum', 0);
insert into Member_of values ( 86 , 750);
insert into Groups values ( 750 , 'Current and Former Starbucks Coffee Company International Partners', 0);
insert into Member_of values ( 86 , 751);
insert into Groups values ( 751 , 'MacTech', 0);
insert into Member_of values ( 86 , 752);
insert into Groups values ( 752 , 'Unix Sysadmins', 0);
insert into Member_of values ( 86 , 715);
insert into Groups values ( 715 , 'Enterprise Architecture Group', 0);
insert into Member_of values ( 86 , 753);
insert into Groups values ( 753 , 'Olivetti Alumni', 0);
insert into Member_of values ( 86 , 754);
insert into Groups values ( 754 , 'Linux Community', 0);
insert into Member_of values ( 86 , 755);
insert into Groups values ( 755 , 'Linux Magazine', 0);
insert into Member_of values ( 86 , 756);
insert into Groups values ( 756 , 'Linked:HR (#1 Human Resources Group)', 0);
insert into Member_of values ( 86 , 757);
insert into Groups values ( 757 , 'Information Technology: IT Networking, Forum and Jobs', 0);
insert into Member_of values ( 86 , 758);
insert into Groups values ( 758 , 'Linux Admins', 0);
insert into Member_of values ( 86 , 759);
insert into Groups values ( 759 , 'The Fierce Group', 0);
insert into Member_of values ( 86 , 760);
insert into Groups values ( 760 , 'Seattle - IT Jobs', 0);
insert into Member_of values ( 86 , 761);
insert into Groups values ( 761 , 'IT Infrastructure Experts', 0);
insert into Member_of values ( 86 , 693);
insert into Groups values ( 693 , 'Starbucks Coffee Company Professional Networking', 0);
insert into Employer values ( 819 , 'Starbucks Coffee Company');
insert into Experience values ( 86 , 819, '2012-02-01', '2014-12-11');
insert into Employer values ( 819 , 'Starbucks Coffee Company');
insert into Experience values ( 86 , 819, '2011-01-01', '2012-02-01');
insert into Employer values ( 819 , 'Starbucks Coffee Company');
insert into Experience values ( 86 , 819, '2003-10-01', '2011-01-07');
insert into Employer values ( 819 , 'Starbucks Coffee Company');
insert into Experience values ( 86 , 819, '1997-10-01', '2003-10-06');
insert into Employer values ( 821 , 'Starbucks');
insert into Experience values ( 86 , 821, '1997-07-01', '1997-10-04');
insert into Employer values ( 840 , 'Olivetti North America');
insert into Experience values ( 86 , 840, '1994-06-01', '1997-06-03');
insert into Employer values ( 841 , 'Caelus, Inc.');
insert into Experience values ( 86 , 841, '1988-06-01', '1994-06-06');

insert into User values ( 87 , 'Dave' , 'Estlick', 500, 0, 'Computer & Network Security');
insert into Has_skill values ( 87 , 878, 0);
insert into Skill values ( 878 , 'Microsoft SQL Server');
insert into Has_skill values ( 87 , 879, 0);
insert into Skill values ( 879 , 'Physical Security');
insert into Has_skill values ( 87 , 880, 0);
insert into Skill values ( 880 , 'DNS');
insert into Has_skill values ( 87 , 846, 0);
insert into Skill values ( 846 , 'Data Warehousing');
insert into Has_skill values ( 87 , 881, 0);
insert into Skill values ( 881 , 'Network Architecture');
insert into Has_skill values ( 87 , 882, 0);
insert into Skill values ( 882 , 'Information Security');
insert into Has_skill values ( 87 , 807, 0);
insert into Skill values ( 807 , 'Security');
insert into Has_skill values ( 87 , 883, 0);
insert into Skill values ( 883 , 'PCI DSS');
insert into Has_skill values ( 87 , 884, 0);
insert into Skill values ( 884 , 'CISSP');
insert into Has_skill values ( 87 , 885, 0);
insert into Skill values ( 885 , 'Information Security...');

insert into User values ( 88 , 'Cedric' , 'Chenal', 500, 0, 'Computer Software');
insert into Education values ( 88 , 203 , 263 , 'Masters', '1994 – 1998', '1994 – 1998');
insert into University values ( 203 , 'Ecole Supérieure des Procédés Electroniques et Optiques');
insert into Education values ( 88 , 204 , 264 , 'EE', '1994 – 1998', '1994 – 1998');
insert into University values ( 204 , 'PolytechOrléans');
insert into Education values ( 88 , 205 , 263 , 'Masters', '1994 – 1998', '1994 – 1998');
insert into University values ( 205 , 'Université dOrléans');
insert into Education values ( 88 , 206 , 202 , '', '1993 – 1994', '1993 – 1994');
insert into University values ( 206 , 'Lycée Roosevelt');
insert into Has_skill values ( 88 , 849, 0);
insert into Skill values ( 849 , 'Agile Project Management');
insert into Has_skill values ( 88 , 886, 0);
insert into Skill values ( 886 , 'Engineering Management');
insert into Has_skill values ( 88 , 578, 0);
insert into Skill values ( 578 , 'Software Development');
insert into Has_skill values ( 88 , 378, 0);
insert into Skill values ( 378 , 'Cross-functional Team...');
insert into Has_skill values ( 88 , 768, 0);
insert into Skill values ( 768 , 'Product Strategy');
insert into Has_skill values ( 88 , 887, 0);
insert into Skill values ( 887 , 'C++');
insert into Has_skill values ( 88 , 888, 0);
insert into Skill values ( 888 , 'Software Design');
insert into Has_skill values ( 88 , 721, 0);
insert into Skill values ( 721 , 'Agile');
insert into Has_skill values ( 88 , 724, 0);
insert into Skill values ( 724 , 'Scrum');
insert into Has_skill values ( 88 , 376, 0);
insert into Skill values ( 376 , 'Program Management');
insert into Has_skill values ( 88 , 377, 0);
insert into Skill values ( 377 , 'Product Management');
insert into Has_skill values ( 88 , 889, 0);
insert into Skill values ( 889 , 'Test Director');
insert into Has_skill values ( 88 , 565, 0);
insert into Skill values ( 565 , 'Software Project...');
insert into Has_skill values ( 88 , 780, 0);
insert into Skill values ( 780 , 'Integration');
insert into Has_skill values ( 88 , 561, 0);
insert into Skill values ( 561 , 'Cloud Computing');
insert into Has_skill values ( 88 , 890, 0);
insert into Skill values ( 890 , 'Software Quality');
insert into Has_skill values ( 88 , 891, 0);
insert into Skill values ( 891 , 'SOA');
insert into Has_skill values ( 88 , 738, 0);
insert into Skill values ( 738 , 'SaaS');
insert into Has_skill values ( 88 , 892, 0);
insert into Skill values ( 892 , 'Product Launch');
insert into Has_skill values ( 88 , 893, 0);
insert into Skill values ( 893 , 'Product Life Cycle...');
insert into Has_skill values ( 88 , 803, 0);
insert into Skill values ( 803 , 'SDLC');
insert into Has_skill values ( 88 , 430, 0);
insert into Skill values ( 430 , 'Team Leadership');
insert into Has_skill values ( 88 , 894, 0);
insert into Skill values ( 894 , 'Continuous Integration');
insert into Has_skill values ( 88 , 895, 0);
insert into Skill values ( 895 , 'People Management');
insert into Has_skill values ( 88 , 896, 0);
insert into Skill values ( 896 , 'Test Automation');
insert into Has_skill values ( 88 , 897, 0);
insert into Skill values ( 897 , 'Performance Testing');
insert into Has_skill values ( 88 , 832, 0);
insert into Skill values ( 832 , 'Testing');
insert into Has_skill values ( 88 , 898, 0);
insert into Skill values ( 898 , 'Software Integration');
insert into Has_skill values ( 88 , 899, 0);
insert into Skill values ( 899 , 'Release Management');
insert into Has_skill values ( 88 , 776, 0);
insert into Skill values ( 776 , 'Vendor Management');
insert into Has_skill values ( 88 , 509, 0);
insert into Skill values ( 509 , 'Configuration Management');
insert into Has_skill values ( 88 , 541, 0);
insert into Skill values ( 541 , 'Process Improvement');
insert into Has_skill values ( 88 , 900, 0);
insert into Skill values ( 900 , 'Leadership Development');
insert into Has_skill values ( 88 , 564, 0);
insert into Skill values ( 564 , 'Agile Methodologies');
insert into Has_skill values ( 88 , 901, 0);
insert into Skill values ( 901 , 'Coaching');
insert into Has_skill values ( 88 , 902, 0);
insert into Skill values ( 902 , 'Product Lifecycle...');
insert into Has_skill values ( 88 , 775, 0);
insert into Skill values ( 775 , 'Team Building');
insert into Knows_language values ( 88 , 501);
insert into Languages values ( 501 , 'English');
insert into Knows_language values ( 88 , 509);
insert into Languages values ( 509 , 'French');
insert into Knows_language values ( 88 , 512);
insert into Languages values ( 512 , 'German');
insert into Employer values ( 821 , 'Starbucks');
insert into Experience values ( 88 , 821, '2013-04-01', '2014-12-15');
insert into Employer values ( 819 , 'Starbucks Coffee Company');
insert into Experience values ( 88 , 819, '2012-04-01', '2013-04-01');
insert into Employer values ( 842 , 'Expedia');
insert into Experience values ( 88 , 842, '2011-06-01', '2012-03-10');
insert into Employer values ( 843 , 'Philips Healthcare');
insert into Experience values ( 88 , 843, '2007-08-01', '2011-06-03');
insert into Employer values ( 843 , 'Philips Healthcare');
insert into Experience values ( 88 , 843, '2004-01-01', '2007-08-03');
insert into Employer values ( 844 , 'Philips Medical Systems');
insert into Experience values ( 88 , 844, '2003-01-01', '');
insert into Employer values ( 844 , 'Philips Medical Systems');
insert into Experience values ( 88 , 844, '2002-01-01', '');
insert into Employer values ( 844 , 'Philips Medical Systems');
insert into Experience values ( 88 , 844, '2000-01-01', '');
insert into Employer values ( 844 , 'Philips Medical Systems');
insert into Experience values ( 88 , 844, '1998-01-01', '');
insert into Employer values ( 845 , 'Ardenne CN Programation');
insert into Experience values ( 88 , 845, '1997-01-01', '');
insert into Employer values ( 846 , 'L.M. Informatique Reims');
insert into Experience values ( 88 , 846, '1990-01-01', '');

insert into User values ( 89 , 'David' , 'Bell', 500, 0, 'Information Technology and Services');
insert into Has_skill values ( 89 , 776, 0);
insert into Skill values ( 776 , 'Vendor Management');
insert into Has_skill values ( 89 , 561, 0);
insert into Skill values ( 561 , 'Cloud Computing');
insert into Has_skill values ( 89 , 805, 0);
insert into Skill values ( 805 , 'Data Center');
insert into Has_skill values ( 89 , 378, 0);
insert into Skill values ( 378 , 'Cross-functional Team...');
insert into Has_skill values ( 89 , 541, 0);
insert into Skill values ( 541 , 'Process Improvement');
insert into Has_skill values ( 89 , 806, 0);
insert into Skill values ( 806 , 'Virtualization');
insert into Has_skill values ( 89 , 855, 0);
insert into Skill values ( 855 , 'Servers');
insert into Has_skill values ( 89 , 738, 0);
insert into Skill values ( 738 , 'SaaS');
insert into Has_skill values ( 89 , 813, 0);
insert into Skill values ( 813 , 'SharePoint');
insert into Has_skill values ( 89 , 903, 0);
insert into Skill values ( 903 , 'IaaS');
insert into Has_skill values ( 89 , 353, 0);
insert into Skill values ( 353 , 'Project Management');
insert into Has_skill values ( 89 , 858, 0);
insert into Skill values ( 858 , 'VMware');
insert into Has_skill values ( 89 , 876, 0);
insert into Skill values ( 876 , 'Active Directory');
insert into Has_skill values ( 89 , 810, 0);
insert into Skill values ( 810 , 'Infrastructure');
insert into Has_skill values ( 89 , 521, 0);
insert into Skill values ( 521 , 'Windows');
insert into Has_skill values ( 89 , 808, 0);
insert into Skill values ( 808 , 'Disaster Recovery');
insert into Member_of values ( 89 , 762);
insert into Groups values ( 762 , 'IT Core Infrastructure', 0);
insert into Member_of values ( 89 , 763);
insert into Groups values ( 763 , 'BPOS Software Plus Service', 0);
insert into Member_of values ( 89 , 734);
insert into Groups values ( 734 , 'CIO Forum', 0);
insert into Member_of values ( 89 , 764);
insert into Groups values ( 764 , 'Alumni Pacific Bell', 0);
insert into Member_of values ( 89 , 765);
insert into Groups values ( 765 , 'SBC Alumni', 0);
insert into Member_of values ( 89 , 766);
insert into Groups values ( 766 , 'Microsoft Office 365', 0);
insert into Member_of values ( 89 , 767);
insert into Groups values ( 767 , 'SIP Trunking & Enterprise VoIP', 0);
insert into Member_of values ( 89 , 738);
insert into Groups values ( 738 , 'The UNIX and Linux Forums Users', 0);
insert into Member_of values ( 89 , 768);
insert into Groups values ( 768 , 'Application Virtualization', 0);
insert into Member_of values ( 89 , 743);
insert into Groups values ( 743 , 'Washington State Technologists', 0);
insert into Member_of values ( 89 , 769);
insert into Groups values ( 769 , 'The Greater Seattle Linux Users Group', 0);
insert into Member_of values ( 89 , 678);
insert into Groups values ( 678 , 'Splunk > Pacific NorthWest', 0);
insert into Member_of values ( 89 , 770);
insert into Groups values ( 770 , 'System Administrator (Windows Linux Unix Apple VMware Oracle EMC Cloud SAP SQL CRM Cisco ITIL SAN)', 0);
insert into Member_of values ( 89 , 771);
insert into Groups values ( 771 , 'Celestix Networks', 0);
insert into Member_of values ( 89 , 737);
insert into Groups values ( 737 , 'Starbucks Alums and Partners', 0);
insert into Member_of values ( 89 , 772);
insert into Groups values ( 772 , 'Citrix Users and Experts Group', 0);
insert into Member_of values ( 89 , 773);
insert into Groups values ( 773 , 'Seattle Cloud Professionals', 0);
insert into Member_of values ( 89 , 774);
insert into Groups values ( 774 , 'Support & Infrastructure Professionals', 0);
insert into Member_of values ( 89 , 775);
insert into Groups values ( 775 , 'Office365', 0);
insert into Member_of values ( 89 , 776);
insert into Groups values ( 776 , 'Puppet Users', 0);
insert into Member_of values ( 89 , 777);
insert into Groups values ( 777 , 'Linked:Seattle', 0);
insert into Member_of values ( 89 , 778);
insert into Groups values ( 778 , 'Investments In Central Valley Real Estate', 0);
insert into Member_of values ( 89 , 779);
insert into Groups values ( 779 , 'AT&T Alumni Network', 0);
insert into Member_of values ( 89 , 780);
insert into Groups values ( 780 , 'Identity and Access Management (IAM)', 0);
insert into Member_of values ( 89 , 781);
insert into Groups values ( 781 , 'Technology Infrastructure Leadership', 0);
insert into Member_of values ( 89 , 782);
insert into Groups values ( 782 , 'Cloud Services@ Microsoft', 0);
insert into Member_of values ( 89 , 783);
insert into Groups values ( 783 , 'Microsoft Identity Management Experts (MIIS, ILM, FIM)', 0);
insert into Employer values ( 819 , 'Starbucks Coffee Company');
insert into Experience values ( 89 , 819, '2011-03-01', '2014-12-10');
insert into Employer values ( 821 , 'Starbucks');
insert into Experience values ( 89 , 821, '2006-10-01', '2011-03-04');
insert into Employer values ( 847 , 'SBC Internet Services');
insert into Experience values ( 89 , 847, '1998-01-01', '');
insert into Employer values ( 848 , 'AT&T*');
insert into Experience values ( 89 , 848, '1998-01-01', '');

insert into User values ( 90 , 'Chris' , 'Boyle', 500, 0, 'Retail');
insert into Has_skill values ( 90 , 776, 0);
insert into Skill values ( 776 , 'Vendor Management');
insert into Has_skill values ( 90 , 904, 0);
insert into Skill values ( 904 , 'Wireless');
insert into Has_skill values ( 90 , 905, 0);
insert into Skill values ( 905 , 'Enterprise Network...');
insert into Has_skill values ( 90 , 906, 0);
insert into Skill values ( 906 , 'Technical Leadership');
insert into Has_skill values ( 90 , 907, 0);
insert into Skill values ( 907 , 'Communication Skills');
insert into Has_skill values ( 90 , 908, 0);
insert into Skill values ( 908 , 'Infoblox IPAM');
insert into Has_skill values ( 90 , 909, 0);
insert into Skill values ( 909 , 'Routing (BGP, OSPF,...');
insert into Has_skill values ( 90 , 910, 0);
insert into Skill values ( 910 , 'Cisco Firewall Security');
insert into Has_skill values ( 90 , 811, 0);
insert into Skill values ( 811 , 'Network Security');
insert into Has_skill values ( 90 , 840, 0);
insert into Skill values ( 840 , 'Software Documentation');
insert into Has_skill values ( 90 , 805, 0);
insert into Skill values ( 805 , 'Data Center');
insert into Has_skill values ( 90 , 809, 0);
insert into Skill values ( 809 , 'System Administration');
insert into Has_skill values ( 90 , 911, 0);
insert into Skill values ( 911 , 'Network Design');
insert into Has_skill values ( 90 , 912, 0);
insert into Skill values ( 912 , 'Firewalls');
insert into Has_skill values ( 90 , 813, 0);
insert into Skill values ( 813 , 'SharePoint');
insert into Has_skill values ( 90 , 859, 0);
insert into Skill values ( 859 , 'Networking');
insert into Has_skill values ( 90 , 808, 0);
insert into Skill values ( 808 , 'Disaster Recovery');
insert into Has_skill values ( 90 , 857, 0);
insert into Skill values ( 857 , 'System Deployment');
insert into Has_skill values ( 90 , 869, 0);
insert into Skill values ( 869 , 'Windows Server');
insert into Has_skill values ( 90 , 868, 0);
insert into Skill values ( 868 , 'Troubleshooting');
insert into Has_skill values ( 90 , 870, 0);
insert into Skill values ( 870 , 'VPN');
insert into Has_skill values ( 90 , 812, 0);
insert into Skill values ( 812 , 'ITIL');
insert into Has_skill values ( 90 , 807, 0);
insert into Skill values ( 807 , 'Security');
insert into Has_skill values ( 90 , 855, 0);
insert into Skill values ( 855 , 'Servers');
insert into Has_skill values ( 90 , 871, 0);
insert into Skill values ( 871 , 'Cisco Technologies');
insert into Has_skill values ( 90 , 880, 0);
insert into Skill values ( 880 , 'DNS');
insert into Has_skill values ( 90 , 817, 0);
insert into Skill values ( 817 , 'Enterprise Software');
insert into Has_skill values ( 90 , 814, 0);
insert into Skill values ( 814 , 'IT Management');
insert into Has_skill values ( 90 , 882, 0);
insert into Skill values ( 882 , 'Information Security');
insert into Has_skill values ( 90 , 810, 0);
insert into Skill values ( 810 , 'Infrastructure');
insert into Has_skill values ( 90 , 780, 0);
insert into Skill values ( 780 , 'Integration');
insert into Has_skill values ( 90 , 417, 0);
insert into Skill values ( 417 , 'Management');
insert into Has_skill values ( 90 , 913, 0);
insert into Skill values ( 913 , 'Routing');
insert into Has_skill values ( 90 , 914, 0);
insert into Skill values ( 914 , 'Switches');
insert into Has_skill values ( 90 , 915, 0);
insert into Skill values ( 915 , 'Technical Support');
insert into Has_skill values ( 90 , 806, 0);
insert into Skill values ( 806 , 'Virtualization');
insert into Has_skill values ( 90 , 497, 0);
insert into Skill values ( 497 , 'Visio');
insert into Has_skill values ( 90 , 816, 0);
insert into Skill values ( 816 , 'IT Operations');
insert into Has_skill values ( 90 , 916, 0);
insert into Skill values ( 916 , 'Routers');
insert into Has_skill values ( 90 , 917, 0);
insert into Skill values ( 917 , 'Computer Security');
insert into Has_skill values ( 90 , 918, 0);
insert into Skill values ( 918 , 'TCP/IP');
insert into Has_skill values ( 90 , 804, 0);
insert into Skill values ( 804 , 'Information Technology');
insert into Has_skill values ( 90 , 561, 0);
insert into Skill values ( 561 , 'Cloud Computing');
insert into Has_skill values ( 90 , 919, 0);
insert into Skill values ( 919 , 'Network Administration');
insert into Has_skill values ( 90 , 779, 0);
insert into Skill values ( 779 , 'IT Strategy');
insert into Has_skill values ( 90 , 920, 0);
insert into Skill values ( 920 , 'Wireless Networking');
insert into Has_skill values ( 90 , 921, 0);
insert into Skill values ( 921 , 'ASA');
insert into Has_skill values ( 90 , 881, 0);
insert into Skill values ( 881 , 'Network Architecture');
insert into Has_skill values ( 90 , 922, 0);
insert into Skill values ( 922 , 'WAN');
insert into Has_skill values ( 90 , 923, 0);
insert into Skill values ( 923 , 'Cisco IOS');
insert into Member_of values ( 90 , 784);
insert into Groups values ( 784 , 'Network Engineer Professionals', 0);
insert into Member_of values ( 90 , 717);
insert into Groups values ( 717 , 'The Enterprise Architecture Network', 0);
insert into Member_of values ( 90 , 743);
insert into Groups values ( 743 , 'Washington State Technologists', 0);
insert into Member_of values ( 90 , 785);
insert into Groups values ( 785 , 'IT Specialist Enterprise Network', 0);
insert into Member_of values ( 90 , 786);
insert into Groups values ( 786 , 'Cisco Networking Academy', 0);
insert into Member_of values ( 90 , 787);
insert into Groups values ( 787 , 'Information Security Network', 0);
insert into Member_of values ( 90 , 788);
insert into Groups values ( 788 , 'World Network Engineering Group', 0);
insert into Member_of values ( 90 , 693);
insert into Groups values ( 693 , 'Starbucks Coffee Company Professional Networking', 0);
insert into Member_of values ( 90 , 789);
insert into Groups values ( 789 , 'Enterprise Network Security', 0);
insert into Member_of values ( 90 , 790);
insert into Groups values ( 790 , 'Network Infrastructure Professionals', 0);
insert into Member_of values ( 90 , 791);
insert into Groups values ( 791 , 'Network Switch Infrastructure to Support the Cloud & Virtualization', 0);
insert into Member_of values ( 90 , 792);
insert into Groups values ( 792 , 'Senior Technology Professionals - North America', 0);
insert into Member_of values ( 90 , 793);
insert into Groups values ( 793 , 'Network Architect Group', 0);
insert into Member_of values ( 90 , 794);
insert into Groups values ( 794 , 'Network Engineers', 0);
insert into Member_of values ( 90 , 795);
insert into Groups values ( 795 , 'Cloud Computing, SaaS & Virtualization', 0);
insert into Employer values ( 821 , 'Starbucks');
insert into Experience values ( 90 , 821, '2012-02-01', '2014-12-11');
insert into Employer values ( 821 , 'Starbucks');
insert into Experience values ( 90 , 821, '1998-08-01', '2012-05-13');
insert into Employer values ( 819 , 'Starbucks Coffee Company');
insert into Experience values ( 90 , 819, '1998-08-01', '2011-11-13');
insert into Employer values ( 849 , 'AT&T Wireless');
insert into Experience values ( 90 , 849, '1994-01-01', '1998-07-04');
insert into Employer values ( 850 , 'McCaw Cellular');
insert into Experience values ( 90 , 850, '1992-02-01', '');
insert into Employer values ( 851 , 'AT&T');
insert into Experience values ( 90 , 851, '1988-11-01', '1992-02-03');

insert into User values ( 91 , 'Susan' , 'Forney', 500, 0, 'Computer Networking');
insert into Has_skill values ( 91 , 813, 0);
insert into Skill values ( 813 , 'SharePoint');
insert into Has_skill values ( 91 , 906, 0);
insert into Skill values ( 906 , 'Technical Leadership');
insert into Has_skill values ( 91 , 561, 0);
insert into Skill values ( 561 , 'Cloud Computing');
insert into Has_skill values ( 91 , 805, 0);
insert into Skill values ( 805 , 'Data Center');
insert into Has_skill values ( 91 , 806, 0);
insert into Skill values ( 806 , 'Virtualization');
insert into Has_skill values ( 91 , 924, 0);
insert into Skill values ( 924 , 'VBScript');
insert into Has_skill values ( 91 , 925, 0);
insert into Skill values ( 925 , 'Load Balancing');
insert into Has_skill values ( 91 , 926, 0);
insert into Skill values ( 926 , 'Network Engineering');
insert into Has_skill values ( 91 , 913, 0);
insert into Skill values ( 913 , 'Routing');
insert into Has_skill values ( 91 , 927, 0);
insert into Skill values ( 927 , 'BGP');
insert into Has_skill values ( 91 , 928, 0);
insert into Skill values ( 928 , 'OSPF');
insert into Has_skill values ( 91 , 929, 0);
insert into Skill values ( 929 , 'EIGRP');
insert into Has_skill values ( 91 , 815, 0);
insert into Skill values ( 815 , 'Perl');
insert into Has_skill values ( 91 , 456, 0);
insert into Skill values ( 456 , 'Collaboration');
insert into Has_skill values ( 91 , 875, 0);
insert into Skill values ( 875 , 'Microsoft Technologies');
insert into Has_skill values ( 91 , 918, 0);
insert into Skill values ( 918 , 'TCP/IP');
insert into Has_skill values ( 91 , 911, 0);
insert into Skill values ( 911 , 'Network Design');
insert into Has_skill values ( 91 , 871, 0);
insert into Skill values ( 871 , 'Cisco Technologies');
insert into Has_skill values ( 91 , 859, 0);
insert into Skill values ( 859 , 'Networking');
insert into Has_skill values ( 91 , 904, 0);
insert into Skill values ( 904 , 'Wireless');
insert into Has_skill values ( 91 , 930, 0);
insert into Skill values ( 930 , 'Ethernet');
insert into Has_skill values ( 91 , 931, 0);
insert into Skill values ( 931 , 'MPLS');
insert into Has_skill values ( 91 , 807, 0);
insert into Skill values ( 807 , 'Security');
insert into Has_skill values ( 91 , 442, 0);
insert into Skill values ( 442 , 'SQL');
insert into Has_skill values ( 91 , 923, 0);
insert into Skill values ( 923 , 'Cisco IOS');
insert into Has_skill values ( 91 , 916, 0);
insert into Skill values ( 916 , 'Routers');
insert into Has_skill values ( 91 , 825, 0);
insert into Skill values ( 825 , 'Unix');
insert into Has_skill values ( 91 , 932, 0);
insert into Skill values ( 932 , 'Routing Protocols');
insert into Has_skill values ( 91 , 780, 0);
insert into Skill values ( 780 , 'Integration');
insert into Has_skill values ( 91 , 919, 0);
insert into Skill values ( 919 , 'Network Administration');
insert into Has_skill values ( 91 , 868, 0);
insert into Skill values ( 868 , 'Troubleshooting');
insert into Has_skill values ( 91 , 809, 0);
insert into Skill values ( 809 , 'System Administration');
insert into Has_skill values ( 91 , 933, 0);
insert into Skill values ( 933 , 'IPv6');
insert into Has_skill values ( 91 , 934, 0);
insert into Skill values ( 934 , 'Cisco Routers');
insert into Has_skill values ( 91 , 935, 0);
insert into Skill values ( 935 , 'IIS');
insert into Has_skill values ( 91 , 936, 0);
insert into Skill values ( 936 , 'Computer Network...');
insert into Has_skill values ( 91 , 937, 0);
insert into Skill values ( 937 , 'SNMP');
insert into Has_skill values ( 91 , 880, 0);
insert into Skill values ( 880 , 'DNS');
insert into Has_skill values ( 91 , 915, 0);
insert into Skill values ( 915 , 'Technical Support');
insert into Has_skill values ( 91 , 817, 0);
insert into Skill values ( 817 , 'Enterprise Software');
insert into Knows_language values ( 91 , 503);
insert into Languages values ( 503 , 'Spanish');

insert into User values ( 92 , 'Kit' , 'Heinrichs', 421, 0, 'Information Technology and Services');
insert into Has_skill values ( 92 , 875, 0);
insert into Skill values ( 875 , 'Microsoft Technologies');
insert into Has_skill values ( 92 , 779, 0);
insert into Skill values ( 779 , 'IT Strategy');
insert into Has_skill values ( 92 , 938, 0);
insert into Skill values ( 938 , 'Hyper-V');
insert into Has_skill values ( 92 , 561, 0);
insert into Skill values ( 561 , 'Cloud Computing');
insert into Has_skill values ( 92 , 805, 0);
insert into Skill values ( 805 , 'Data Center');
insert into Has_skill values ( 92 , 806, 0);
insert into Skill values ( 806 , 'Virtualization');
insert into Has_skill values ( 92 , 871, 0);
insert into Skill values ( 871 , 'Cisco Technologies');
insert into Has_skill values ( 92 , 817, 0);
insert into Skill values ( 817 , 'Enterprise Software');
insert into Has_skill values ( 92 , 816, 0);
insert into Skill values ( 816 , 'IT Operations');
insert into Has_skill values ( 92 , 818, 0);
insert into Skill values ( 818 , 'Enterprise Architecture');
insert into Has_skill values ( 92 , 918, 0);
insert into Skill values ( 918 , 'TCP/IP');
insert into Has_skill values ( 92 , 925, 0);
insert into Skill values ( 925 , 'Load Balancing');
insert into Has_skill values ( 92 , 912, 0);
insert into Skill values ( 912 , 'Firewalls');
insert into Has_skill values ( 92 , 860, 0);
insert into Skill values ( 860 , 'IT Service Management');
insert into Has_skill values ( 92 , 881, 0);
insert into Skill values ( 881 , 'Network Architecture');
insert into Has_skill values ( 92 , 808, 0);
insert into Skill values ( 808 , 'Disaster Recovery');
insert into Has_skill values ( 92 , 776, 0);
insert into Skill values ( 776 , 'Vendor Management');
insert into Has_skill values ( 92 , 811, 0);
insert into Skill values ( 811 , 'Network Security');
insert into Has_skill values ( 92 , 926, 0);
insert into Skill values ( 926 , 'Network Engineering');
insert into Has_skill values ( 92 , 810, 0);
insert into Skill values ( 810 , 'Infrastructure');
insert into Has_skill values ( 92 , 813, 0);
insert into Skill values ( 813 , 'SharePoint');
insert into Has_skill values ( 92 , 857, 0);
insert into Skill values ( 857 , 'System Deployment');
insert into Has_skill values ( 92 , 939, 0);
insert into Skill values ( 939 , 'Cluster');
insert into Has_skill values ( 92 , 780, 0);
insert into Skill values ( 780 , 'Integration');
insert into Has_skill values ( 92 , 940, 0);
insert into Skill values ( 940 , 'High Availability');
insert into Has_skill values ( 92 , 916, 0);
insert into Skill values ( 916 , 'Routers');
insert into Has_skill values ( 92 , 880, 0);
insert into Skill values ( 880 , 'DNS');
insert into Has_skill values ( 92 , 914, 0);
insert into Skill values ( 914 , 'Switches');
insert into Has_skill values ( 92 , 922, 0);
insert into Skill values ( 922 , 'WAN');
insert into Has_skill values ( 92 , 941, 0);
insert into Skill values ( 941 , 'DHCP');
insert into Has_skill values ( 92 , 942, 0);
insert into Skill values ( 942 , 'IP');
insert into Has_skill values ( 92 , 913, 0);
insert into Skill values ( 913 , 'Routing');
insert into Has_skill values ( 92 , 927, 0);
insert into Skill values ( 927 , 'BGP');
insert into Has_skill values ( 92 , 923, 0);
insert into Skill values ( 923 , 'Cisco IOS');
insert into Has_skill values ( 92 , 928, 0);
insert into Skill values ( 928 , 'OSPF');
insert into Has_skill values ( 92 , 812, 0);
insert into Skill values ( 812 , 'ITIL');
insert into Has_skill values ( 92 , 859, 0);
insert into Skill values ( 859 , 'Networking');
insert into Has_skill values ( 92 , 934, 0);
insert into Skill values ( 934 , 'Cisco Routers');
insert into Has_skill values ( 92 , 868, 0);
insert into Skill values ( 868 , 'Troubleshooting');
insert into Has_skill values ( 92 , 933, 0);
insert into Skill values ( 933 , 'IPv6');
insert into Has_skill values ( 92 , 937, 0);
insert into Skill values ( 937 , 'SNMP');
insert into Has_skill values ( 92 , 943, 0);
insert into Skill values ( 943 , 'Telecommunications');
insert into Has_skill values ( 92 , 944, 0);
insert into Skill values ( 944 , 'F5 BigIP');
insert into Has_skill values ( 92 , 945, 0);
insert into Skill values ( 945 , 'Wireshark');
insert into Has_skill values ( 92 , 917, 0);
insert into Skill values ( 917 , 'Computer Security');
insert into Has_skill values ( 92 , 807, 0);
insert into Skill values ( 807 , 'Security');
insert into Has_skill values ( 92 , 869, 0);
insert into Skill values ( 869 , 'Windows Server');
insert into Has_skill values ( 92 , 870, 0);
insert into Skill values ( 870 , 'VPN');
insert into Has_skill values ( 92 , 443, 0);
insert into Skill values ( 443 , 'Databases');
insert into Has_skill values ( 92 , 855, 0);
insert into Skill values ( 855 , 'Servers');

insert into User values ( 93 , 'James' , 'Wang', 500, 0, 'Computer Networking');
insert into Education values ( 93 , 207 , 245 , 'Master', '1992 – 1995', '1992 – 1995');
insert into University values ( 207 , 'Beijing Institute of Technology');
insert into Has_skill values ( 93 , 946, 0);
insert into Skill values ( 946 , 'cisco R/S');
insert into Has_skill values ( 93 , 947, 0);
insert into Skill values ( 947 , 'Cisco firewall');
insert into Has_skill values ( 93 , 948, 0);
insert into Skill values ( 948 , 'Cisco UC');
insert into Has_skill values ( 93 , 949, 0);
insert into Skill values ( 949 , 'cisco UCS');
insert into Has_skill values ( 93 , 950, 0);
insert into Skill values ( 950 , 'Cisco Nexus');
insert into Has_skill values ( 93 , 858, 0);
insert into Skill values ( 858 , 'VMware');
insert into Has_skill values ( 93 , 951, 0);
insert into Skill values ( 951 , 'Cisco MDS');
insert into Has_skill values ( 93 , 952, 0);
insert into Skill values ( 952 , 'RiverBed');
insert into Has_skill values ( 93 , 953, 0);
insert into Skill values ( 953 , 'F5 LTM');
insert into Has_skill values ( 93 , 954, 0);
insert into Skill values ( 954 , 'Aruba Wireless');
insert into Has_skill values ( 93 , 955, 0);
insert into Skill values ( 955 , 'Cisco ISE');
insert into Has_skill values ( 93 , 871, 0);
insert into Skill values ( 871 , 'Cisco Technologies');
insert into Has_skill values ( 93 , 956, 0);
insert into Skill values ( 956 , 'Riverbed');
insert into Has_skill values ( 93 , 957, 0);
insert into Skill values ( 957 , 'Cisco UCS');
insert into Has_skill values ( 93 , 958, 0);
insert into Skill values ( 958 , 'Cisco Call Manager');
insert into Has_skill values ( 93 , 959, 0);
insert into Skill values ( 959 , 'QoS');
insert into Has_skill values ( 93 , 960, 0);
insert into Skill values ( 960 , 'LAN-WAN');
insert into Has_skill values ( 93 , 932, 0);
insert into Skill values ( 932 , 'Routing Protocols');
insert into Has_skill values ( 93 , 961, 0);
insert into Skill values ( 961 , 'Unified Communications');
insert into Has_skill values ( 93 , 923, 0);
insert into Skill values ( 923 , 'Cisco IOS');
insert into Has_skill values ( 93 , 806, 0);
insert into Skill values ( 806 , 'Virtualization');
insert into Has_skill values ( 93 , 934, 0);
insert into Skill values ( 934 , 'Cisco Routers');
insert into Has_skill values ( 93 , 914, 0);
insert into Skill values ( 914 , 'Switches');
insert into Has_skill values ( 93 , 962, 0);
insert into Skill values ( 962 , 'VLAN');
insert into Has_skill values ( 93 , 963, 0);
insert into Skill values ( 963 , 'Juniper');
insert into Has_skill values ( 93 , 928, 0);
insert into Skill values ( 928 , 'OSPF');
insert into Has_skill values ( 93 , 856, 0);
insert into Skill values ( 856 , 'Storage');
insert into Has_skill values ( 93 , 921, 0);
insert into Skill values ( 921 , 'ASA');
insert into Has_skill values ( 93 , 927, 0);
insert into Skill values ( 927 , 'BGP');
insert into Has_skill values ( 93 , 922, 0);
insert into Skill values ( 922 , 'WAN');
insert into Has_skill values ( 93 , 805, 0);
insert into Skill values ( 805 , 'Data Center');
insert into Has_skill values ( 93 , 964, 0);
insert into Skill values ( 964 , 'CCIE');
insert into Has_skill values ( 93 , 965, 0);
insert into Skill values ( 965 , 'PIX');
insert into Has_skill values ( 93 , 966, 0);
insert into Skill values ( 966 , 'CCNA');
insert into Has_skill values ( 93 , 811, 0);
insert into Skill values ( 811 , 'Network Security');
insert into Has_skill values ( 93 , 967, 0);
insert into Skill values ( 967 , 'NetApp');
insert into Has_skill values ( 93 , 926, 0);
insert into Skill values ( 926 , 'Network Engineering');
insert into Has_skill values ( 93 , 881, 0);
insert into Skill values ( 881 , 'Network Architecture');
insert into Has_skill values ( 93 , 913, 0);
insert into Skill values ( 913 , 'Routing');
insert into Has_skill values ( 93 , 912, 0);
insert into Skill values ( 912 , 'Firewalls');
insert into Has_skill values ( 93 , 968, 0);
insert into Skill values ( 968 , 'CCDP');
insert into Has_skill values ( 93 , 969, 0);
insert into Skill values ( 969 , 'CCNP');
insert into Has_skill values ( 93 , 911, 0);
insert into Skill values ( 911 , 'Network Design');
insert into Has_skill values ( 93 , 970, 0);
insert into Skill values ( 970 , 'Cisco Security');
insert into Has_skill values ( 93 , 870, 0);
insert into Skill values ( 870 , 'VPN');
insert into Has_skill values ( 93 , 944, 0);
insert into Skill values ( 944 , 'F5 BigIP');
insert into Has_skill values ( 93 , 971, 0);
insert into Skill values ( 971 , 'Cisco Certified');
insert into Has_skill values ( 93 , 972, 0);
insert into Skill values ( 972 , 'LAN Switching');
insert into Has_skill values ( 93 , 973, 0);
insert into Skill values ( 973 , 'Cisco Wireless');
insert into Has_skill values ( 93 , 929, 0);
insert into Skill values ( 929 , 'EIGRP');
insert into Member_of values ( 93 , 796);
insert into Groups values ( 796 , 'Cisco Unified Computing System', 0);
insert into Member_of values ( 93 , 797);
insert into Groups values ( 797 , 'Cisco UCS Pros', 0);
insert into Member_of values ( 93 , 798);
insert into Groups values ( 798 , 'VMware Consultants', 0);
insert into Member_of values ( 93 , 799);
insert into Groups values ( 799 , 'Cloud Professionals - Evolving Virtualization and Big Data', 0);
insert into Member_of values ( 93 , 795);
insert into Groups values ( 795 , 'Cloud Computing, SaaS & Virtualization', 0);
insert into Member_of values ( 93 , 800);
insert into Groups values ( 800 , 'Seattle Cisco User Group', 0);
insert into Member_of values ( 93 , 801);
insert into Groups values ( 801 , 'CCIE Professionals', 0);
insert into Member_of values ( 93 , 802);
insert into Groups values ( 802 , 'Beijing Institute of Technology Alumni', 0);
insert into Member_of values ( 93 , 803);
insert into Groups values ( 803 , 'CCIE 10-year Status', 0);
insert into Member_of values ( 93 , 804);
insert into Groups values ( 804 , 'Cisco Partner Network', 0);
insert into Member_of values ( 93 , 805);
insert into Groups values ( 805 , 'CISCO CERTIFIED NETWORK', 0);
insert into Member_of values ( 93 , 806);
insert into Groups values ( 806 , 'the Cisco Voice', 0);
insert into Member_of values ( 93 , 807);
insert into Groups values ( 807 , 'Cisco CCIE Exclusive Group', 0);
insert into Member_of values ( 93 , 808);
insert into Groups values ( 808 , 'Cisco Data Center', 0);
insert into Member_of values ( 93 , 809);
insert into Groups values ( 809 , 'UC on UCS (Cisco Unified Communications on the Cisco Unified Computing System)', 0);
insert into Member_of values ( 93 , 810);
insert into Groups values ( 810 , 'Cisco Unified Communications System 8.x', 0);
insert into Member_of values ( 93 , 811);
insert into Groups values ( 811 , 'CCIE Career Community', 0);
insert into Member_of values ( 93 , 812);
insert into Groups values ( 812 , 'CISCO', 0);
insert into Member_of values ( 93 , 813);
insert into Groups values ( 813 , 'The Worldwide VCE (VMware, CISCO, EMC) Global Coalition Network', 0);
insert into Member_of values ( 93 , 814);
insert into Groups values ( 814 , 'Cisco MDS', 0);
insert into Member_of values ( 93 , 815);
insert into Groups values ( 815 , 'CCIE VOICE ARCHITECT', 0);
insert into Member_of values ( 93 , 816);
insert into Groups values ( 816 , 'The Original Cisco CCIE Group', 0);
insert into Member_of values ( 93 , 817);
insert into Groups values ( 817 , 'NEC/CISCO HCS - Hosted Collaboration Solution Group', 0);
insert into Member_of values ( 93 , 731);
insert into Groups values ( 731 , 'The Virtualization & Cloud Computing Group', 0);
insert into Member_of values ( 93 , 818);
insert into Groups values ( 818 , 'World Wide Technology, Inc.', 0);
insert into Member_of values ( 93 , 819);
insert into Groups values ( 819 , 'Cloud Computing Discussion and more', 0);
insert into Member_of values ( 93 , 820);
insert into Groups values ( 820 , 'CCIE Voice', 0);
insert into Member_of values ( 93 , 821);
insert into Groups values ( 821 , 'Unified Communications Professionals', 0);
insert into Member_of values ( 93 , 822);
insert into Groups values ( 822 , 'Cisco Unified Computing (UCS)', 0);
insert into Member_of values ( 93 , 823);
insert into Groups values ( 823 , 'CISCO UCS', 0);
insert into Member_of values ( 93 , 824);
insert into Groups values ( 824 , 'CCIE Jobs', 0);
insert into Member_of values ( 93 , 825);
insert into Groups values ( 825 , 'F5 Certified! Professionals', 0);
insert into Member_of values ( 93 , 826);
insert into Groups values ( 826 , 'Network Engineers & System Administrators - GlocalCircles.com', 0);
insert into Member_of values ( 93 , 827);
insert into Groups values ( 827 , 'Dimension Data Employees and Alumni', 0);
insert into Member_of values ( 93 , 828);
insert into Groups values ( 828 , 'Cisco UCS and Cloud Architecture', 0);
insert into Member_of values ( 93 , 829);
insert into Groups values ( 829 , 'Cisco Unified Communications Manager (CUCM) versions 6, 7 & 8', 0);
insert into Member_of values ( 93 , 830);
insert into Groups values ( 830 , 'Unified Communications', 0);
insert into Member_of values ( 93 , 831);
insert into Groups values ( 831 , 'Cloud Networking', 0);
insert into Knows_language values ( 93 , 502);
insert into Languages values ( 502 , 'Chinese');
insert into Employer values ( 852 , 'World Wide Technology');
insert into Experience values ( 93 , 852, '2012-06-01', '2014-12-15');
insert into Employer values ( 853 , 'Verizon Business');
insert into Experience values ( 93 , 853, '2011-06-01', '2012-06-01');
insert into Employer values ( 854 , 'Zones');
insert into Experience values ( 93 , 854, '2010-07-01', '2011-06-01');
insert into Employer values ( 855 , 'Kforce inc (at Clearwire)');
insert into Experience values ( 93 , 855, '2010-02-01', '2010-07-06');
insert into Employer values ( 856 , 'Dimension Data');
insert into Experience values ( 93 , 856, '2008-02-01', '2009-10-01');
insert into Employer values ( 857 , 'Nexus IS');
insert into Experience values ( 93 , 857, '2005-08-01', '2008-02-02');

insert into User values ( 94 , 'Kirk' , 'Moore', 320, 0, 'Computer Networking');
insert into Has_skill values ( 94 , 974, 0);
insert into Skill values ( 974 , 'F5');
insert into Has_skill values ( 94 , 975, 0);
insert into Skill values ( 975 , 'LTM');
insert into Has_skill values ( 94 , 976, 0);
insert into Skill values ( 976 , 'GTM');
insert into Has_skill values ( 94 , 977, 0);
insert into Skill values ( 977 , 'Cisco IPv6');
insert into Has_skill values ( 94 , 963, 0);
insert into Skill values ( 963 , 'Juniper');
insert into Has_skill values ( 94 , 978, 0);
insert into Skill values ( 978 , 'Cisco Switches');
insert into Has_skill values ( 94 , 923, 0);
insert into Skill values ( 923 , 'Cisco IOS');
insert into Has_skill values ( 94 , 950, 0);
insert into Skill values ( 950 , 'Cisco Nexus');
insert into Has_skill values ( 94 , 979, 0);
insert into Skill values ( 979 , 'Long-term Vision');
insert into Has_skill values ( 94 , 871, 0);
insert into Skill values ( 871 , 'Cisco Technologies');
insert into Has_skill values ( 94 , 911, 0);
insert into Skill values ( 911 , 'Network Design');
insert into Has_skill values ( 94 , 944, 0);
insert into Skill values ( 944 , 'F5 BigIP');
insert into Has_skill values ( 94 , 825, 0);
insert into Skill values ( 825 , 'Unix');
insert into Has_skill values ( 94 , 855, 0);
insert into Skill values ( 855 , 'Servers');
insert into Has_skill values ( 94 , 502, 0);
insert into Skill values ( 502 , 'Linux');
insert into Has_skill values ( 94 , 805, 0);
insert into Skill values ( 805 , 'Data Center');
insert into Has_skill values ( 94 , 980, 0);
insert into Skill values ( 980 , 'Technical Architecture');
insert into Has_skill values ( 94 , 904, 0);
insert into Skill values ( 904 , 'Wireless');
insert into Has_skill values ( 94 , 918, 0);
insert into Skill values ( 918 , 'TCP/IP');
insert into Has_skill values ( 94 , 914, 0);
insert into Skill values ( 914 , 'Switches');
insert into Has_skill values ( 94 , 806, 0);
insert into Skill values ( 806 , 'Virtualization');
insert into Has_skill values ( 94 , 919, 0);
insert into Skill values ( 919 , 'Network Administration');
insert into Has_skill values ( 94 , 981, 0);
insert into Skill values ( 981 , 'iRule');
insert into Has_skill values ( 94 , 912, 0);
insert into Skill values ( 912 , 'Firewalls');
insert into Has_skill values ( 94 , 807, 0);
insert into Skill values ( 807 , 'Security');
insert into Has_skill values ( 94 , 868, 0);
insert into Skill values ( 868 , 'Troubleshooting');
insert into Has_skill values ( 94 , 881, 0);
insert into Skill values ( 881 , 'Network Architecture');
insert into Has_skill values ( 94 , 869, 0);
insert into Skill values ( 869 , 'Windows Server');
insert into Has_skill values ( 94 , 925, 0);
insert into Skill values ( 925 , 'Load Balancing');
insert into Has_skill values ( 94 , 913, 0);
insert into Skill values ( 913 , 'Routing');
insert into Has_skill values ( 94 , 870, 0);
insert into Skill values ( 870 , 'VPN');
insert into Has_skill values ( 94 , 880, 0);
insert into Skill values ( 880 , 'DNS');
insert into Has_skill values ( 94 , 832, 0);
insert into Skill values ( 832 , 'Testing');
insert into Has_skill values ( 94 , 780, 0);
insert into Skill values ( 780 , 'Integration');
insert into Has_skill values ( 94 , 982, 0);
insert into Skill values ( 982 , 'VoIP');
insert into Has_skill values ( 94 , 840, 0);
insert into Skill values ( 840 , 'Software Documentation');
insert into Has_skill values ( 94 , 859, 0);
insert into Skill values ( 859 , 'Networking');
insert into Has_skill values ( 94 , 983, 0);
insert into Skill values ( 983 , 'VMware ESX');
insert into Has_skill values ( 94 , 873, 0);
insert into Skill values ( 873 , 'Hardware');
insert into Has_skill values ( 94 , 928, 0);
insert into Skill values ( 928 , 'OSPF');
insert into Has_skill values ( 94 , 813, 0);
insert into Skill values ( 813 , 'SharePoint');
insert into Has_skill values ( 94 , 927, 0);
insert into Skill values ( 927 , 'BGP');
insert into Has_skill values ( 94 , 857, 0);
insert into Skill values ( 857 , 'System Deployment');
insert into Has_skill values ( 94 , 984, 0);
insert into Skill values ( 984 , 'Checkpoint');
insert into Has_skill values ( 94 , 815, 0);
insert into Skill values ( 815 , 'Perl');
insert into Has_skill values ( 94 , 811, 0);
insert into Skill values ( 811 , 'Network Security');
insert into Has_skill values ( 94 , 915, 0);
insert into Skill values ( 915 , 'Technical Support');
insert into Has_skill values ( 94 , 916, 0);
insert into Skill values ( 916 , 'Routers');
insert into Has_skill values ( 94 , 497, 0);
insert into Skill values ( 497 , 'Visio');
insert into Has_skill values ( 94 , 926, 0);
insert into Skill values ( 926 , 'Network Engineering');

insert into User values ( 95 , 'Matthew' , 'Mohan', 500, 0, 'Telecommunications');
insert into Has_skill values ( 95 , 807, 0);
insert into Skill values ( 807 , 'Security');
insert into Has_skill values ( 95 , 914, 0);
insert into Skill values ( 914 , 'Switches');
insert into Has_skill values ( 95 , 913, 0);
insert into Skill values ( 913 , 'Routing');
insert into Has_skill values ( 95 , 855, 0);
insert into Skill values ( 855 , 'Servers');
insert into Has_skill values ( 95 , 920, 0);
insert into Skill values ( 920 , 'Wireless Networking');
insert into Has_skill values ( 95 , 922, 0);
insert into Skill values ( 922 , 'WAN');
insert into Has_skill values ( 95 , 927, 0);
insert into Skill values ( 927 , 'BGP');
insert into Has_skill values ( 95 , 928, 0);
insert into Skill values ( 928 , 'OSPF');
insert into Has_skill values ( 95 , 912, 0);
insert into Skill values ( 912 , 'Firewalls');
insert into Has_skill values ( 95 , 881, 0);
insert into Skill values ( 881 , 'Network Architecture');
insert into Has_skill values ( 95 , 880, 0);
insert into Skill values ( 880 , 'DNS');
insert into Has_skill values ( 95 , 811, 0);
insert into Skill values ( 811 , 'Network Security');
insert into Has_skill values ( 95 , 870, 0);
insert into Skill values ( 870 , 'VPN');
insert into Has_skill values ( 95 , 871, 0);
insert into Skill values ( 871 , 'Cisco Technologies');
insert into Has_skill values ( 95 , 926, 0);
insert into Skill values ( 926 , 'Network Engineering');
insert into Has_skill values ( 95 , 982, 0);
insert into Skill values ( 982 , 'VoIP');
insert into Has_skill values ( 95 , 916, 0);
insert into Skill values ( 916 , 'Routers');
insert into Has_skill values ( 95 , 805, 0);
insert into Skill values ( 805 , 'Data Center');
insert into Has_skill values ( 95 , 985, 0);
insert into Skill values ( 985 , 'WAN Optimisation');
insert into Has_skill values ( 95 , 986, 0);
insert into Skill values ( 986 , 'Satellite Communications');
insert into Has_skill values ( 95 , 931, 0);
insert into Skill values ( 931 , 'MPLS');
insert into Has_skill values ( 95 , 859, 0);
insert into Skill values ( 859 , 'Networking');
insert into Has_skill values ( 95 , 808, 0);
insert into Skill values ( 808 , 'Disaster Recovery');
insert into Has_skill values ( 95 , 919, 0);
insert into Skill values ( 919 , 'Network Administration');
insert into Has_skill values ( 95 , 502, 0);
insert into Skill values ( 502 , 'Linux');
insert into Has_skill values ( 95 , 868, 0);
insert into Skill values ( 868 , 'Troubleshooting');
insert into Has_skill values ( 95 , 925, 0);
insert into Skill values ( 925 , 'Load Balancing');
insert into Has_skill values ( 95 , 904, 0);
insert into Skill values ( 904 , 'Wireless');
insert into Has_skill values ( 95 , 873, 0);
insert into Skill values ( 873 , 'Hardware');
insert into Has_skill values ( 95 , 929, 0);
insert into Skill values ( 929 , 'EIGRP');
insert into Has_skill values ( 95 , 940, 0);
insert into Skill values ( 940 , 'High Availability');
insert into Has_skill values ( 95 , 937, 0);
insert into Skill values ( 937 , 'SNMP');
insert into Has_skill values ( 95 , 806, 0);
insert into Skill values ( 806 , 'Virtualization');
insert into Has_skill values ( 95 , 911, 0);
insert into Skill values ( 911 , 'Network Design');
insert into Has_skill values ( 95 , 987, 0);
insert into Skill values ( 987 , 'Software Installation');
insert into Has_skill values ( 95 , 917, 0);
insert into Skill values ( 917 , 'Computer Security');
insert into Has_skill values ( 95 , 960, 0);
insert into Skill values ( 960 , 'LAN-WAN');
insert into Has_skill values ( 95 , 923, 0);
insert into Skill values ( 923 , 'Cisco IOS');
insert into Has_skill values ( 95 , 810, 0);
insert into Skill values ( 810 , 'Infrastructure');
insert into Has_skill values ( 95 , 918, 0);
insert into Skill values ( 918 , 'TCP/IP');
insert into Has_skill values ( 95 , 858, 0);
insert into Skill values ( 858 , 'VMware');
insert into Has_skill values ( 95 , 817, 0);
insert into Skill values ( 817 , 'Enterprise Software');
insert into Has_skill values ( 95 , 804, 0);
insert into Skill values ( 804 , 'Information Technology');
insert into Has_skill values ( 95 , 943, 0);
insert into Skill values ( 943 , 'Telecommunications');
insert into Has_skill values ( 95 , 776, 0);
insert into Skill values ( 776 , 'Vendor Management');
insert into Has_skill values ( 95 , 561, 0);
insert into Skill values ( 561 , 'Cloud Computing');
insert into Has_skill values ( 95 , 417, 0);
insert into Skill values ( 417 , 'Management');
insert into Has_skill values ( 95 , 882, 0);
insert into Skill values ( 882 , 'Information Security');
insert into Employer values ( 858 , 'Nuance Communications');
insert into Experience values ( 95 , 858, '2014-12-01', '2014-12-15');
insert into Employer values ( 859 , 'Intellectual Ventures');
insert into Experience values ( 95 , 859, '2013-07-01', '2014-12-01');
insert into Employer values ( 860 , 'Music Group US');
insert into Experience values ( 95 , 860, '2012-07-01', '2013-07-01');
insert into Employer values ( 861 , 'Gigamon');
insert into Experience values ( 95 , 861, '2012-01-01', '2012-06-06');
insert into Employer values ( 862 , 'Vulcan');
insert into Experience values ( 95 , 862, '2006-01-01', '2011-12-06');
insert into Employer values ( 863 , 'Free and Clear');
insert into Experience values ( 95 , 863, '2005-05-01', '2006-01-09');
insert into Employer values ( 864 , 'CompuCom/Excell Data');
insert into Experience values ( 95 , 864, '2004-06-01', '2005-05-01');
insert into Employer values ( 865 , 'Microsoft');
insert into Experience values ( 95 , 865, '2004-02-01', '2004-06-05');
insert into Employer values ( 866 , 'LogicalisUS');
insert into Experience values ( 95 , 866, '2002-05-01', '2004-02-01');
insert into Employer values ( 867 , 'Etera LLC');
insert into Experience values ( 95 , 867, '2000-05-01', '2001-07-01');
insert into Employer values ( 868 , 'New York City Police Department');
insert into Experience values ( 95 , 868, '1995-05-01', '2000-05-05');
insert into Employer values ( 868 , 'New York City Police Department');
insert into Experience values ( 95 , 868, '1991-06-01', '1995-03-03');


insert into User values ( 96 , 'Andrew' , 'Simpson', 28, 0, 'Aviation & Aerospace');
insert into Education values ( 96 , 208 , 265 , 'Bachelor of Science (B.S.)', '2009 – 2013', '2009 – 2013');
insert into University values ( 208 , 'Saint Louis University');
insert into Has_skill values ( 96 , 988, 0);
insert into Skill values ( 988 , 'Pro Engineer');
insert into Has_skill values ( 96 , 341, 0);
insert into Skill values ( 341 , 'Microsoft Excel');
insert into Has_skill values ( 96 , 425, 0);
insert into Skill values ( 425 , 'Microsoft Word');
insert into Has_skill values ( 96 , 373, 0);
insert into Skill values ( 373 , 'PowerPoint');
insert into Has_skill values ( 96 , 989, 0);
insert into Skill values ( 989 , 'CAD');
insert into Has_skill values ( 96 , 426, 0);
insert into Skill values ( 426 , 'Teamwork');
insert into Has_skill values ( 96 , 990, 0);
insert into Skill values ( 990 , 'Matlab');
insert into Has_skill values ( 96 , 991, 0);
insert into Skill values ( 991 , 'Finite Element Analysis');
insert into Has_skill values ( 96 , 326, 0);
insert into Skill values ( 326 , 'Social Networking');
insert into Employer values ( 869 , 'Schlafly Beer - The Saint Louis Brewery™');
insert into Experience values ( 96 , 869, '2014-08-01', '2014-12-15');
insert into Employer values ( 870 , 'Self Employed');
insert into Experience values ( 96 , 870, '2007-04-01', '2014-12-15');
insert into Employer values ( 871 , 'Dierbergs Markets');
insert into Experience values ( 96 , 871, '2008-06-01', '2010-07-02');

insert into User values ( 97 , 'Jeremy' , 'Payne', 74, 0, 'Aviation & Aerospace');
insert into Education values ( 97 , 209 , 266 , 'Master of Science (MS)', '2013 – 2015 (expected)', '2013 – 2015 (expected)');
insert into University values ( 209 , 'San Diego State University-California State University');
insert into Education values ( 97 , 208 , 265 , 'Bachelor of Science (B.S.)', '2009 – 2013', '2009 – 2013');
insert into University values ( 208 , 'Saint Louis University');
insert into Has_skill values ( 97 , 992, 0);
insert into Skill values ( 992 , 'Aerospace Engineering');
insert into Has_skill values ( 97 , 990, 0);
insert into Skill values ( 990 , 'Matlab');
insert into Has_skill values ( 97 , 993, 0);
insert into Skill values ( 993 , 'Aerodynamics');
insert into Has_skill values ( 97 , 988, 0);
insert into Skill values ( 988 , 'Pro Engineer');
insert into Has_skill values ( 97 , 994, 0);
insert into Skill values ( 994 , 'Abaqus');
insert into Has_skill values ( 97 , 995, 0);
insert into Skill values ( 995 , 'CFD');
insert into Has_skill values ( 97 , 336, 0);
insert into Skill values ( 336 , 'Microsoft Office');
insert into Has_skill values ( 97 , 996, 0);
insert into Skill values ( 996 , 'Wind Tunnel Testing');
insert into Has_skill values ( 97 , 997, 0);
insert into Skill values ( 997 , 'Propulsion Testing');
insert into Has_skill values ( 97 , 998, 0);
insert into Skill values ( 998 , 'Space Systems');
insert into Has_skill values ( 97 , 999, 0);
insert into Skill values ( 999 , 'Aerospace');
insert into Has_skill values ( 97 , 422, 0);
insert into Skill values ( 422 , 'Public Speaking');
insert into Employer values ( 872 , 'QuEST Global');
insert into Experience values ( 97 , 872, '2014-11-01', '2014-12-15');
insert into Employer values ( 873 , 'Sierra Nevada Corporation');
insert into Experience values ( 97 , 873, '2013-06-01', '2014-07-01');
insert into Employer values ( 874 , 'SPAWAR');
insert into Experience values ( 97 , 874, '2011-05-01', '2011-08-04');

insert into User values ( 98 , 'Jason' , 'Bely', 96, 0, 'Mechanical or Industrial Engineering');
insert into Education values ( 98 , 210 , 267 , 'M.S.', '2009 – 2010', '2009 – 2010');
insert into University values ( 210 , 'University of California, San Diego');
insert into Education values ( 98 , 211 , 204 , 'B.S.', '1996 – 2000', '1996 – 2000');
insert into University values ( 211 , 'University of Colorado Boulder');
insert into Has_skill values ( 98 , 1000, 0);
insert into Skill values ( 1000 , 'Navy');
insert into Has_skill values ( 98 , 1001, 0);
insert into Skill values ( 1001 , 'Aircraft');
insert into Has_skill values ( 98 , 999, 0);
insert into Skill values ( 999 , 'Aerospace');
insert into Has_skill values ( 98 , 376, 0);
insert into Skill values ( 376 , 'Program Management');
insert into Has_skill values ( 98 , 1002, 0);
insert into Skill values ( 1002 , 'Military');
insert into Has_skill values ( 98 , 1003, 0);
insert into Skill values ( 1003 , 'Military Operations');
insert into Has_skill values ( 98 , 1004, 0);
insert into Skill values ( 1004 , 'Military Experience');
insert into Has_skill values ( 98 , 1005, 0);
insert into Skill values ( 1005 , 'Helicopters');
insert into Has_skill values ( 98 , 1006, 0);
insert into Skill values ( 1006 , 'Aviation');
insert into Has_skill values ( 98 , 1007, 0);
insert into Skill values ( 1007 , 'Systems Engineering');
insert into Has_skill values ( 98 , 504, 0);
insert into Skill values ( 504 , 'Quality Assurance');
insert into Employer values ( 875 , 'Alcoa');
insert into Experience values ( 98 , 875, '2011-05-01', '2014-12-15');
insert into Employer values ( 876 , 'United States Navy Reserve');
insert into Experience values ( 98 , 876, '2009-01-01', '2011-06-02');
insert into Employer values ( 877 , 'United States Navy');
insert into Experience values ( 98 , 877, '2008-01-01', '');

insert into User values ( 99 , 'Brandon' , 'Sheets', 271, 0, 'Aviation & Aerospace');
insert into Education values ( 99 , 212 , 202 , '', '1996 – 2000', '1996 – 2000');
insert into University values ( 212 , 'Abilene Christian University');
insert into Has_skill values ( 99 , 422, 0);
insert into Skill values ( 422 , 'Public Speaking');
insert into Has_skill values ( 99 , 1008, 0);
insert into Skill values ( 1008 , 'Mentoring');
insert into Has_skill values ( 99 , 775, 0);
insert into Skill values ( 775 , 'Team Building');
insert into Has_skill values ( 99 , 900, 0);
insert into Skill values ( 900 , 'Leadership Development');
insert into Has_skill values ( 99 , 1009, 0);
insert into Skill values ( 1009 , 'Military Liaison');
insert into Has_skill values ( 99 , 376, 0);
insert into Skill values ( 376 , 'Program Management');
insert into Has_skill values ( 99 , 1002, 0);
insert into Skill values ( 1002 , 'Military');
insert into Has_skill values ( 99 , 423, 0);
insert into Skill values ( 423 , 'Leadership');
insert into Has_skill values ( 99 , 381, 0);
insert into Skill values ( 381 , 'Strategic Planning');
insert into Has_skill values ( 99 , 1010, 0);
insert into Skill values ( 1010 , 'Security Clearance');
insert into Has_skill values ( 99 , 673, 0);
insert into Skill values ( 673 , 'New Business Development');
insert into Has_skill values ( 99 , 1011, 0);
insert into Skill values ( 1011 , 'Operational Planning');
insert into Has_skill values ( 99 , 1003, 0);
insert into Skill values ( 1003 , 'Military Operations');
insert into Has_skill values ( 99 , 1012, 0);
insert into Skill values ( 1012 , 'Government');
insert into Has_skill values ( 99 , 430, 0);
insert into Skill values ( 430 , 'Team Leadership');
insert into Has_skill values ( 99 , 901, 0);
insert into Skill values ( 901 , 'Coaching');
insert into Has_skill values ( 99 , 1013, 0);
insert into Skill values ( 1013 , 'Organizational...');
insert into Has_skill values ( 99 , 318, 0);
insert into Skill values ( 318 , 'Teaching');
insert into Has_skill values ( 99 , 1005, 0);
insert into Skill values ( 1005 , 'Helicopters');
insert into Has_skill values ( 99 , 1000, 0);
insert into Skill values ( 1000 , 'Navy');
insert into Has_skill values ( 99 , 1014, 0);
insert into Skill values ( 1014 , 'People Skills');
insert into Member_of values ( 99 , 832);
insert into Groups values ( 832 , 'Texas EdLink', 0);
insert into Member_of values ( 99 , 833);
insert into Groups values ( 833 , 'SpeakerMatch', 0);
insert into Member_of values ( 99 , 834);
insert into Groups values ( 834 , 'ACU Career Center Networking Group', 0);
insert into Member_of values ( 99 , 835);
insert into Groups values ( 835 , 'Cal-Entertainment Speakers Bureau', 0);
insert into Member_of values ( 99 , 836);
insert into Groups values ( 836 , 'Need A Speaker / Be A Speaker', 0);
insert into Member_of values ( 99 , 837);
insert into Groups values ( 837 , 'ProMotivate Professional Motivational Speakers Forum', 0);
insert into Member_of values ( 99 , 838);
insert into Groups values ( 838 , 'Texas Educators', 0);
insert into Member_of values ( 99 , 839);
insert into Groups values ( 839 , 'Global Keynote Speakers Association™', 0);
insert into Member_of values ( 99 , 840);
insert into Groups values ( 840 , 'Professional Speakers, Seminar Leaders, Sales Professionals and Business Presenters', 0);
insert into Member_of values ( 99 , 841);
insert into Groups values ( 841 , 'Professional Presenters, Speakers & Trainers', 0);
insert into Member_of values ( 99 , 842);
insert into Groups values ( 842 , 'Communities In Schools Alumni Network', 0);
insert into Member_of values ( 99 , 843);
insert into Groups values ( 843 , 'Motivational Speaking and Training Solutions, Inc.', 0);
insert into Knows_language values ( 99 , 503);
insert into Languages values ( 503 , 'Spanish');
insert into Employer values ( 878 , 'Phi - MED 9');
insert into Experience values ( 99 , 878, '2014-02-01', '2014-12-15');
insert into Employer values ( 879 , 'US Navy');
insert into Experience values ( 99 , 879, '2002-08-01', '2014-12-12');
insert into Employer values ( 880 , 'REALtalk Keynote');
insert into Experience values ( 99 , 880, '2010-08-01', '2014-12-15');

insert into User values ( 100 , 'Layce' , 'Coskey Berry', 188, 0, 'Telecommunications');
insert into Education values ( 100 , 213 , 268 , 'Master of Science', '2001 – 2003', '2001 – 2003');
insert into University values ( 213 , 'Texas Tech University');
insert into Education values ( 100 , 214 , 212 , 'Bachelor of Business Administration', '1999 – 2001', '1999 – 2001');
insert into University values ( 214 , 'Texas Tech University - Rawls College of Business');
insert into Employer values ( 881 , 'EarthLink Business');
insert into Experience values ( 100 , 881, '2013-04-01', '2014-12-15');
insert into Employer values ( 882 , 'EarthLink');
insert into Experience values ( 100 , 882, '2006-08-01', '2014-12-15');
insert into Employer values ( 883 , 'Kforce');
insert into Experience values ( 100 , 883, '2004-01-01', '');
insert into Employer values ( 884 , 'Kforce Professional Staffing');
insert into Experience values ( 100 , 884, '2004-01-01', '');

insert into User values ( 101 , 'Jodi' , 'Schoeneck', 253, 0, 'Telecommunications');

insert into User values ( 102 , 'Robert' , 'Rosenthal', 140, 0, 'Information Technology and Services');
insert into Has_skill values ( 102 , 871, 0);
insert into Skill values ( 871 , 'Cisco Technologies');
insert into Has_skill values ( 102 , 943, 0);
insert into Skill values ( 943 , 'Telecommunications');
insert into Has_skill values ( 102 , 1015, 0);
insert into Skill values ( 1015 , 'Adtran');
insert into Has_skill values ( 102 , 868, 0);
insert into Skill values ( 868 , 'Troubleshooting');
insert into Has_skill values ( 102 , 1016, 0);
insert into Skill values ( 1016 , 'CCENT');
insert into Has_skill values ( 102 , 1017, 0);
insert into Skill values ( 1017 , 'DSL');
insert into Has_skill values ( 102 , 1018, 0);
insert into Skill values ( 1018 , 'DS3');
insert into Has_skill values ( 102 , 1019, 0);
insert into Skill values ( 1019 , 'Issue Resolution');
insert into Has_skill values ( 102 , 1020, 0);
insert into Skill values ( 1020 , 'DMX');
insert into Has_skill values ( 102 , 1021, 0);
insert into Skill values ( 1021 , 'DSLAM');
insert into Has_skill values ( 102 , 982, 0);
insert into Skill values ( 982 , 'VoIP');
insert into Has_skill values ( 102 , 926, 0);
insert into Skill values ( 926 , 'Network Engineering');
insert into Has_skill values ( 102 , 960, 0);
insert into Skill values ( 960 , 'LAN-WAN');
insert into Has_skill values ( 102 , 914, 0);
insert into Skill values ( 914 , 'Switches');
insert into Has_skill values ( 102 , 922, 0);
insert into Skill values ( 922 , 'WAN');
insert into Has_skill values ( 102 , 1022, 0);
insert into Skill values ( 1022 , 'Telephony');
insert into Has_skill values ( 102 , 930, 0);
insert into Skill values ( 930 , 'Ethernet');
insert into Has_skill values ( 102 , 931, 0);
insert into Skill values ( 931 , 'MPLS');
insert into Has_skill values ( 102 , 859, 0);
insert into Skill values ( 859 , 'Networking');
insert into Has_skill values ( 102 , 942, 0);
insert into Skill values ( 942 , 'IP');
insert into Has_skill values ( 102 , 805, 0);
insert into Skill values ( 805 , 'Data Center');
insert into Member_of values ( 102 , 812);
insert into Groups values ( 812 , 'CISCO', 0);
insert into Member_of values ( 102 , 844);
insert into Groups values ( 844 , 'WPPI', 0);
insert into Member_of values ( 102 , 845);
insert into Groups values ( 845 , 'Photography Business', 0);
insert into Member_of values ( 102 , 846);
insert into Groups values ( 846 , 'Photography Industry Professionals', 0);
insert into Member_of values ( 102 , 847);
insert into Groups values ( 847 , 'Studio Photography', 0);
insert into Member_of values ( 102 , 508);
insert into Groups values ( 508 , 'IIBA (International Institute of Business Analysis)', 0);
insert into Member_of values ( 102 , 848);
insert into Groups values ( 848 , 'Nikon Photographers', 0);
insert into Member_of values ( 102 , 849);
insert into Groups values ( 849 , 'Learning@Cisco Certifications Official Group', 0);
insert into Member_of values ( 102 , 850);
insert into Groups values ( 850 , 'Wildlife Photography (2966249)', 0);
insert into Employer values ( 881 , 'EarthLink Business');
insert into Experience values ( 102 , 881, '1998-06-01', '2014-12-16');
insert into Employer values ( 885 , 'United States Marine Corps');
insert into Experience values ( 102 , 885, '1987-01-01', '');

insert into User values ( 103 , 'Amy' , 'Johnson', 90, 0, 'Telecommunications');
insert into Has_skill values ( 103 , 943, 0);
insert into Skill values ( 943 , 'Telecommunications');
insert into Has_skill values ( 103 , 1023, 0);
insert into Skill values ( 1023 , 'Managed Services');
insert into Has_skill values ( 103 , 982, 0);
insert into Skill values ( 982 , 'VoIP');
insert into Has_skill values ( 103 , 561, 0);
insert into Skill values ( 561 , 'Cloud Computing');
insert into Has_skill values ( 103 , 1024, 0);
insert into Skill values ( 1024 , 'Solution Selling');
insert into Has_skill values ( 103 , 931, 0);
insert into Skill values ( 931 , 'MPLS');
insert into Has_skill values ( 103 , 479, 0);
insert into Skill values ( 479 , 'Account Management');
insert into Has_skill values ( 103 , 493, 0);
insert into Skill values ( 493 , 'Direct Sales');
insert into Has_skill values ( 103 , 961, 0);
insert into Skill values ( 961 , 'Unified Communications');
insert into Has_skill values ( 103 , 740, 0);
insert into Skill values ( 740 , 'Strategic Partnerships');
insert into Has_skill values ( 103 , 738, 0);
insert into Skill values ( 738 , 'SaaS');
insert into Has_skill values ( 103 , 1025, 0);
insert into Skill values ( 1025 , 'Hosted Services');
insert into Has_skill values ( 103 , 379, 0);
insert into Skill values ( 379 , 'Business Development');
insert into Employer values ( 882 , 'EarthLink');
insert into Experience values ( 103 , 882, '2002-08-01', '2014-12-12');
insert into Employer values ( 886 , 'One Communications');
insert into Experience values ( 103 , 886, '2002-01-01', '');
insert into Employer values ( 887 , 'Medica, Blue Cross, Health Partners, Ucare, Assurant, Humana, Perferred One');
insert into Experience values ( 103 , 887, '1997-04-01', '2002-08-05');

insert into User values ( 104 , 'Michael' , 'Graham', 309, 0, 'Telecommunications');
insert into Education values ( 104 , 215 , 269 , 'Communications', '2003 – 2006', '2003 – 2006');
insert into University values ( 215 , 'SUNY Brockport');
insert into Education values ( 104 , 216 , 270 , 'Associate of Science (A.S.)', '2001 – 2003', '2001 – 2003');
insert into University values ( 216 , 'Monroe Community College');
insert into Education values ( 104 , 217 , 202 , '', '', '');
insert into University values ( 217 , 'Spencerport High School');
insert into Has_skill values ( 104 , 1026, 0);
insert into Skill values ( 1026 , '•  Excellent verbal,...');
insert into Has_skill values ( 104 , 1027, 0);
insert into Skill values ( 1027 , 'Ability to build and...');
insert into Has_skill values ( 104 , 1028, 0);
insert into Skill values ( 1028 , '•  Proficient using...');
insert into Has_skill values ( 104 , 1029, 0);
insert into Skill values ( 1029 , '•  Develop sales...');
insert into Has_skill values ( 104 , 1030, 0);
insert into Skill values ( 1030 , '•  Uphold a positive...');
insert into Has_skill values ( 104 , 1031, 0);
insert into Skill values ( 1031 , 'Property & Casualty...');
insert into Has_skill values ( 104 , 1032, 0);
insert into Skill values ( 1032 , 'Disability Insurance');
insert into Has_skill values ( 104 , 1008, 0);
insert into Skill values ( 1008 , 'Mentoring');
insert into Has_skill values ( 104 , 419, 0);
insert into Skill values ( 419 , 'Training');
insert into Has_skill values ( 104 , 1033, 0);
insert into Skill values ( 1033 , 'Phone Etiquette');
insert into Has_skill values ( 104 , 460, 0);
insert into Skill values ( 460 , 'Organization');
insert into Has_skill values ( 104 , 1034, 0);
insert into Skill values ( 1034 , 'Highly detail oriented');
insert into Member_of values ( 104 , 851);
insert into Groups values ( 851 , 'Telecoms Professionals: LTE, M2M, OTT, Cloud Computing, Mobile VAS, Apps & Telecom', 0);
insert into Member_of values ( 104 , 852);
insert into Groups values ( 852 , 'PAETEC Communications Alumni Community', 0);
insert into Employer values ( 881 , 'EarthLink Business');
insert into Experience values ( 104 , 881, '2013-10-01', '2014-12-15');
insert into Employer values ( 888 , 'Paychex Insurance Agency');
insert into Experience values ( 104 , 888, '2013-01-01', '2013-08-08');
insert into Employer values ( 889 , 'Windstream Communications');
insert into Experience values ( 104 , 889, '2009-10-01', '2012-12-03');
insert into Employer values ( 890 , 'PAETEC Communications');
insert into Experience values ( 104 , 890, '2007-12-01', '2009-10-01');
insert into Employer values ( 891 , 'Entercom Rochester, LLC');
insert into Experience values ( 104 , 891, '2007-06-01', '2007-11-06');
insert into Employer values ( 892 , 'Rochester Red Wings');
insert into Experience values ( 104 , 892, '2003-09-01', '2003-11-03');

insert into User values ( 105 , 'Paul' , 'Bloom', 92, 0, 'Telecommunications');
insert into Employer values ( 893 , 'McGraw Communications');
insert into Experience values ( 105 , 893, '', '');

insert into User values ( 106 , 'Blair' , 'Bullock', 1, 0, 'Telecommunications');
insert into Employer values ( 851 , 'AT&T');
insert into Experience values ( 106 , 851, '', '');

insert into User values ( 107 , 'Linda' , 'Busa', 49, 0, 'Hospital & Health Care');
insert into Education values ( 107 , 218 , 271 , 'MPA', '2000 – 2003', '2000 – 2003');
insert into University values ( 218 , 'California State University-Long Beach');
insert into Education values ( 107 , 209 , 203 , 'BS', '1988 – 1990', '1988 – 1990');
insert into University values ( 209 , 'San Diego State University-California State University');
insert into Education values ( 107 , 219 , 272 , 'AA', '1985 – 1988', '1985 – 1988');
insert into University values ( 219 , 'Irvine Valley College');
insert into Member_of values ( 107 , 853);
insert into Groups values ( 853 , 'San Diego State University Alumni', 0);
insert into Member_of values ( 107 , 854);
insert into Groups values ( 854 , 'Wellness is a Business Strategy', 0);
insert into Member_of values ( 107 , 855);
insert into Groups values ( 855 , 'Kaiser Permanente Thrive Network', 0);
insert into Employer values ( 894 , 'Kaiser Permanente');
insert into Experience values ( 107 , 894, '2005-10-01', '2014-12-15');
insert into Employer values ( 895 , 'March of Dimes');
insert into Experience values ( 107 , 895, '2001-06-01', '2004-10-03');

insert into User values ( 108 , 'Denise' , 'Starkey, MA, MPH, CHES', 81, 0, 'Hospital & Health Care');
insert into Education values ( 108 , 220 , 273 , 'Master in Public Health (MPH)', '2011', '2011');
insert into University values ( 220 , 'California State University-Fullerton');
insert into Education values ( 108 , 220 , 274 , 'Master in Anthroplogy', '2009', '2009');
insert into University values ( 220 , 'California State University-Fullerton');
insert into Has_skill values ( 108 , 316, 0);
insert into Skill values ( 316 , 'Research');
insert into Has_skill values ( 108 , 1035, 0);
insert into Skill values ( 1035 , 'Grant Writing');
insert into Has_skill values ( 108 , 1036, 0);
insert into Skill values ( 1036 , 'Healthcare');
insert into Has_skill values ( 108 , 424, 0);
insert into Skill values ( 424 , 'Budgets');
insert into Has_skill values ( 108 , 313, 0);
insert into Skill values ( 313 , 'Higher Education');
insert into Has_skill values ( 108 , 1037, 0);
insert into Skill values ( 1037 , 'Public Health');
insert into Has_skill values ( 108 , 1038, 0);
insert into Skill values ( 1038 , 'Community Outreach');
insert into Has_skill values ( 108 , 403, 0);
insert into Skill values ( 403 , 'Analysis');
insert into Has_skill values ( 108 , 1039, 0);
insert into Skill values ( 1039 , 'Program Development');
insert into Has_skill values ( 108 , 1040, 0);
insert into Skill values ( 1040 , 'Hospitals');
insert into Member_of values ( 108 , 856);
insert into Groups values ( 856 , 'CSUF MPH Student and Alumni', 0);
insert into Employer values ( 896 , 'The Center for Cancer Prevention and Treatment, St. Joseph Hospital');
insert into Experience values ( 108 , 896, '2013-06-01', '2014-06-01');
insert into Employer values ( 896 , 'The Center for Cancer Prevention and Treatment, St. Joseph Hospital');
insert into Experience values ( 108 , 896, '2013-02-01', '2013-06-05');
insert into Employer values ( 896 , 'The Center for Cancer Prevention and Treatment, St. Joseph Hospital');
insert into Experience values ( 108 , 896, '2012-11-01', '2013-02-04');
insert into Employer values ( 897 , 'Susan G. Komen for the Cure, Orange County Affiliate');
insert into Experience values ( 108 , 897, '2010-08-01', '2011-06-11');
insert into Employer values ( 898 , 'Ohio University');
insert into Experience values ( 108 , 898, '2007-06-01', '2007-08-03');
insert into Employer values ( 899 , 'Earthwatch Institute');
insert into Experience values ( 108 , 899, '2004-08-01', '2004-08-01');
insert into Employer values ( 900 , 'Los Angeles Zoo');
insert into Experience values ( 108 , 900, '2003-02-01', '2004-03-01');

insert into User values ( 109 , 'Mark' , 'Fitzpatrick', 200, 0, 'Financial Services');
insert into Education values ( 109 , 221 , 275 , 'Fire Protection and Admimistration', '2003 – 2005', '2003 – 2005');
insert into University values ( 221 , 'California State University, Los Angeles - College of Business and Economics');
insert into Education values ( 109 , 222 , 270 , 'Associate of Science (A.S.)', '2001 – 2003', '2001 – 2003');
insert into University values ( 222 , 'Rio Hondo College');
insert into Education values ( 109 , 223 , 276 , 'Liberal Arts', '1999 – 2001', '1999 – 2001');
insert into University values ( 223 , 'Fullerton College');
insert into Education values ( 109 , 224 , 202 , '', '1994 – 1999', '1994 – 1999');
insert into University values ( 224 , 'California High School');
insert into Has_skill values ( 109 , 1041, 0);
insert into Skill values ( 1041 , 'Excel');
insert into Has_skill values ( 109 , 1042, 0);
insert into Skill values ( 1042 , 'Word');
insert into Has_skill values ( 109 , 404, 0);
insert into Skill values ( 404 , 'Credit');
insert into Has_skill values ( 109 , 1043, 0);
insert into Skill values ( 1043 , 'Cold Calling');
insert into Has_skill values ( 109 , 1044, 0);
insert into Skill values ( 1044 , 'Customer Relations');
insert into Has_skill values ( 109 , 427, 0);
insert into Skill values ( 427 , 'Customer Service');
insert into Has_skill values ( 109 , 480, 0);
insert into Skill values ( 480 , 'Sales Management');
insert into Has_skill values ( 109 , 479, 0);
insert into Skill values ( 479 , 'Account Management');
insert into Has_skill values ( 109 , 463, 0);
insert into Skill values ( 463 , 'Customer Satisfaction');
insert into Has_skill values ( 109 , 1045, 0);
insert into Skill values ( 1045 , 'Consultative Selling');
insert into Has_skill values ( 109 , 1046, 0);
insert into Skill values ( 1046 , 'Salesforce.com');
insert into Has_skill values ( 109 , 673, 0);
insert into Skill values ( 673 , 'New Business Development');
insert into Has_skill values ( 109 , 1047, 0);
insert into Skill values ( 1047 , 'Customer Retention');
insert into Has_skill values ( 109 , 490, 0);
insert into Skill values ( 490 , 'Sales Process');
insert into Has_skill values ( 109 , 1048, 0);
insert into Skill values ( 1048 , 'Pricing');
insert into Has_skill values ( 109 , 650, 0);
insert into Skill values ( 650 , 'Negotiation');
insert into Has_skill values ( 109 , 522, 0);
insert into Skill values ( 522 , 'Outlook');
insert into Has_skill values ( 109 , 493, 0);
insert into Skill values ( 493 , 'Direct Sales');
insert into Has_skill values ( 109 , 901, 0);
insert into Skill values ( 901 , 'Coaching');
insert into Has_skill values ( 109 , 833, 0);
insert into Skill values ( 833 , 'Problem Solving');
insert into Has_skill values ( 109 , 373, 0);
insert into Skill values ( 373 , 'PowerPoint');
insert into Has_skill values ( 109 , 473, 0);
insert into Skill values ( 473 , 'Selling');
insert into Has_skill values ( 109 , 336, 0);
insert into Skill values ( 336 , 'Microsoft Office');
insert into Has_skill values ( 109 , 1049, 0);
insert into Skill values ( 1049 , 'B2B');
insert into Has_skill values ( 109 , 421, 0);
insert into Skill values ( 421 , 'Time Management');
insert into Has_skill values ( 109 , 775, 0);
insert into Skill values ( 775 , 'Team Building');
insert into Has_skill values ( 109 , 426, 0);
insert into Skill values ( 426 , 'Teamwork');
insert into Has_skill values ( 109 , 430, 0);
insert into Skill values ( 430 , 'Team Leadership');
insert into Has_skill values ( 109 , 1050, 0);
insert into Skill values ( 1050 , 'Call Center');
insert into Has_skill values ( 109 , 713, 0);
insert into Skill values ( 713 , 'Banking');
insert into Has_skill values ( 109 , 379, 0);
insert into Skill values ( 379 , 'Business Development');
insert into Has_skill values ( 109 , 419, 0);
insert into Skill values ( 419 , 'Training');
insert into Has_skill values ( 109 , 341, 0);
insert into Skill values ( 341 , 'Microsoft Excel');
insert into Has_skill values ( 109 , 425, 0);
insert into Skill values ( 425 , 'Microsoft Word');
insert into Has_skill values ( 109 , 469, 0);
insert into Skill values ( 469 , 'Sales Operations');
insert into Has_skill values ( 109 , 1051, 0);
insert into Skill values ( 1051 , 'Sales Presentations');
insert into Has_skill values ( 109 , 423, 0);
insert into Skill values ( 423 , 'Leadership');
insert into Has_skill values ( 109 , 466, 0);
insert into Skill values ( 466 , 'Sales');
insert into Has_skill values ( 109 , 352, 0);
insert into Skill values ( 352 , 'Marketing');
insert into Has_skill values ( 109 , 465, 0);
insert into Skill values ( 465 , 'Retail');
insert into Has_skill values ( 109 , 1052, 0);
insert into Skill values ( 1052 , 'Employee Training');
insert into Has_skill values ( 109 , 1053, 0);
insert into Skill values ( 1053 , 'Relationship Management');
insert into Has_skill values ( 109 , 398, 0);
insert into Skill values ( 398 , 'Finance');
insert into Has_skill values ( 109 , 1054, 0);
insert into Skill values ( 1054 , 'Lines Of Credit');
insert into Has_skill values ( 109 , 781, 0);
insert into Skill values ( 781 , 'Operations Management');
insert into Has_skill values ( 109 , 1055, 0);
insert into Skill values ( 1055 , 'Series 6');
insert into Has_skill values ( 109 , 1056, 0);
insert into Skill values ( 1056 , 'Mortgage Banking');
insert into Has_skill values ( 109 , 1057, 0);
insert into Skill values ( 1057 , 'Deposits');
insert into Has_skill values ( 109 , 1058, 0);
insert into Skill values ( 1058 , 'Cross Selling');
insert into Has_skill values ( 109 , 1059, 0);
insert into Skill values ( 1059 , 'Series 63');
insert into Employer values ( 901 , 'Great-West Financial');
insert into Experience values ( 109 , 901, '2014-05-01', '2014-12-15');
insert into Employer values ( 902 , 'JP Morgan Chase Bank N.A.');
insert into Experience values ( 109 , 902, '2011-05-01', '2014-05-03');
insert into Employer values ( 903 , 'Staples Advantage');
insert into Experience values ( 109 , 903, '2010-08-01', '2011-05-10');
insert into Employer values ( 904 , 'Chevron');
insert into Experience values ( 109 , 904, '2006-04-01', '2009-06-03');

insert into User values ( 110 , 'Jennifer' , 'Capote', 117, 0, 'Environmental Services');
insert into Education values ( 110 , 225 , 202 , '', '2000 – 2003', '2000 – 2003');
insert into University values ( 225 , 'San Joaquin Delta College');
insert into Has_skill values ( 110 , 427, 0);
insert into Skill values ( 427 , 'Customer Service');
insert into Has_skill values ( 110 , 1060, 0);
insert into Skill values ( 1060 , 'Waste');
insert into Has_skill values ( 110 , 1061, 0);
insert into Skill values ( 1061 , 'Recycling');
insert into Has_skill values ( 110 , 1062, 0);
insert into Skill values ( 1062 , 'Environmental Awareness');
insert into Has_skill values ( 110 , 1063, 0);
insert into Skill values ( 1063 , 'Waste Management');
insert into Has_skill values ( 110 , 381, 0);
insert into Skill values ( 381 , 'Strategic Planning');
insert into Has_skill values ( 110 , 1064, 0);
insert into Skill values ( 1064 , 'Environmental Services');
insert into Has_skill values ( 110 , 1065, 0);
insert into Skill values ( 1065 , 'RCRA');
insert into Has_skill values ( 110 , 1066, 0);
insert into Skill values ( 1066 , 'Environmental Consulting');
insert into Has_skill values ( 110 , 1067, 0);
insert into Skill values ( 1067 , 'Sustainability...');
insert into Has_skill values ( 110 , 1068, 0);
insert into Skill values ( 1068 , 'Environmental Impact...');
insert into Has_skill values ( 110 , 1069, 0);
insert into Skill values ( 1069 , 'Environmental Compliance');
insert into Has_skill values ( 110 , 1070, 0);
insert into Skill values ( 1070 , 'Hazardous Waste...');
insert into Has_skill values ( 110 , 1071, 0);
insert into Skill values ( 1071 , 'Sustainability');
insert into Has_skill values ( 110 , 1072, 0);
insert into Skill values ( 1072 , 'Renewable Energy');
insert into Has_skill values ( 110 , 1073, 0);
insert into Skill values ( 1073 , 'Environmental...');
insert into Has_skill values ( 110 , 1073, 0);
insert into Skill values ( 1073 , 'Environmental...');
insert into Has_skill values ( 110 , 1074, 0);
insert into Skill values ( 1074 , 'Wastewater Treatment');
insert into Has_skill values ( 110 , 1075, 0);
insert into Skill values ( 1075 , 'HAZWOPER');
insert into Has_skill values ( 110 , 1076, 0);
insert into Skill values ( 1076 , 'Disposal');
insert into Has_skill values ( 110 , 466, 0);
insert into Skill values ( 466 , 'Sales');
insert into Has_skill values ( 110 , 1077, 0);
insert into Skill values ( 1077 , 'Sustainable Business');
insert into Has_skill values ( 110 , 1078, 0);
insert into Skill values ( 1078 , 'Remediation');
insert into Has_skill values ( 110 , 1079, 0);
insert into Skill values ( 1079 , 'Environmental Policy');
insert into Has_skill values ( 110 , 1080, 0);
insert into Skill values ( 1080 , 'Environmental Science');
insert into Has_skill values ( 110 , 1081, 0);
insert into Skill values ( 1081 , 'Waste Reduction');
insert into Member_of values ( 110 , 857);
insert into Groups values ( 857 , 'Food Waste Recycling', 0);
insert into Member_of values ( 110 , 858);
insert into Groups values ( 858 , 'COW - Composting Organic Waste', 0);
insert into Member_of values ( 110 , 859);
insert into Groups values ( 859 , 'Waste Management Networking', 0);
insert into Member_of values ( 110 , 860);
insert into Groups values ( 860 , 'Solid Waste Group', 0);
insert into Member_of values ( 110 , 861);
insert into Groups values ( 861 , 'Fats, Oils & Grease (FOG)', 0);
insert into Employer values ( 905 , 'Consolidated Fabricators Corp.');
insert into Experience values ( 110 , 905, '2003-08-01', '2014-12-11');

insert into User values ( 111 , 'Jon' , 'Wintch', 34, 0, 'Environmental Services');
insert into Education values ( 111 , 226 , 202 , '', '2003 – 2007', '2003 – 2007');
insert into University values ( 226 , 'Jim Elliot Christian High School');
insert into Has_skill values ( 111 , 427, 0);
insert into Skill values ( 427 , 'Customer Service');
insert into Has_skill values ( 111 , 417, 0);
insert into Skill values ( 417 , 'Management');
insert into Has_skill values ( 111 , 1082, 0);
insert into Skill values ( 1082 , 'Carpet');
insert into Has_skill values ( 111 , 1083, 0);
insert into Skill values ( 1083 , 'Tiles');
insert into Has_skill values ( 111 , 1060, 0);
insert into Skill values ( 1060 , 'Waste');
insert into Has_skill values ( 111 , 1061, 0);
insert into Skill values ( 1061 , 'Recycling');
insert into Has_skill values ( 111 , 1065, 0);
insert into Skill values ( 1065 , 'RCRA');
insert into Has_skill values ( 111 , 1063, 0);
insert into Skill values ( 1063 , 'Waste Management');
insert into Has_skill values ( 111 , 1084, 0);
insert into Skill values ( 1084 , 'Quality Control');
insert into Has_skill values ( 111 , 1085, 0);
insert into Skill values ( 1085 , 'Hardwood');
insert into Has_skill values ( 111 , 1086, 0);
insert into Skill values ( 1086 , 'Vinyl');
insert into Has_skill values ( 111 , 1087, 0);
insert into Skill values ( 1087 , 'Laminating');
insert into Has_skill values ( 111 , 1088, 0);
insert into Skill values ( 1088 , 'Factory');
insert into Has_skill values ( 111 , 1062, 0);
insert into Skill values ( 1062 , 'Environmental Awareness');
insert into Has_skill values ( 111 , 341, 0);
insert into Skill values ( 341 , 'Microsoft Excel');
insert into Has_skill values ( 111 , 1068, 0);
insert into Skill values ( 1068 , 'Environmental Impact...');
insert into Has_skill values ( 111 , 1089, 0);
insert into Skill values ( 1089 , 'Forklift Operator');
insert into Has_skill values ( 111 , 336, 0);
insert into Skill values ( 336 , 'Microsoft Office');
insert into Has_skill values ( 111 , 1090, 0);
insert into Skill values ( 1090 , 'Plant Management');
insert into Has_skill values ( 111 , 1091, 0);
insert into Skill values ( 1091 , 'Plant Operations');
insert into Has_skill values ( 111 , 1092, 0);
insert into Skill values ( 1092 , 'Plant Maintenance');
insert into Has_skill values ( 111 , 1093, 0);
insert into Skill values ( 1093 , 'Overhead Cranes');
insert into Knows_language values ( 111 , 501);
insert into Languages values ( 501 , 'English');
insert into Knows_language values ( 111 , 503);
insert into Languages values ( 503 , 'Spanish');
insert into Employer values ( 905 , 'Consolidated Fabricators Corp.');
insert into Experience values ( 111 , 905, '2012-09-01', '2014-12-15');
insert into Employer values ( 905 , 'Consolidated Fabricators Corp.');
insert into Experience values ( 111 , 905, '2011-03-01', '2012-09-01');
insert into Employer values ( 906 , 'Michaels Flooring');
insert into Experience values ( 111 , 906, '2007-01-01', '2010-10-03');
insert into Employer values ( 907 , 'A & W Rootbeer of Lodi');
insert into Experience values ( 111 , 907, '2005-09-01', '2008-05-02');

insert into User values ( 112 , 'jaye' , 'moyer', 155, 0, 'Mental Health Care');
insert into Education values ( 112 , 227 , 277 , 'Certification', '2012 – 2013', '2012 – 2013');
insert into University values ( 227 , 'Institute for Meditation and Psychotherapy');
insert into Education values ( 112 , 126 , 278 , 'Master of Social Work (M.S.W.)', '1985 – 1987', '1985 – 1987');
insert into University values ( 126 , 'New York University');
insert into Education values ( 112 , 228 , 214 , 'Bachelor of Science (BS)', '1974 – 1981', '1974 – 1981');
insert into University values ( 228 , 'Northwestern University');
insert into Education values ( 112 , 229 , 202 , '', '2014', '2014');
insert into University values ( 229 , 'Natural Dharma Fellowship: Margha Program');
insert into Has_skill values ( 112 , 1094, 0);
insert into Skill values ( 1094 , 'Mental Health');
insert into Has_skill values ( 112 , 1095, 0);
insert into Skill values ( 1095 , 'Psychotherapy');
insert into Has_skill values ( 112 , 1096, 0);
insert into Skill values ( 1096 , 'Psychology');
insert into Has_skill values ( 112 , 1097, 0);
insert into Skill values ( 1097 , 'Compassion');
insert into Has_skill values ( 112 , 1098, 0);
insert into Skill values ( 1098 , 'Adolescents');
insert into Has_skill values ( 112 , 1099, 0);
insert into Skill values ( 1099 , 'Mindfulness');
insert into Has_skill values ( 112 , 1100, 0);
insert into Skill values ( 1100 , 'Mental Health Counseling');
insert into Has_skill values ( 112 , 1101, 0);
insert into Skill values ( 1101 , 'Meditation');
insert into Has_skill values ( 112 , 1102, 0);
insert into Skill values ( 1102 , 'Group Therapy');
insert into Has_skill values ( 112 , 1103, 0);
insert into Skill values ( 1103 , 'Family Therapy');
insert into Has_skill values ( 112 , 1104, 0);
insert into Skill values ( 1104 , 'Crisis Intervention');
insert into Has_skill values ( 112 , 433, 0);
insert into Skill values ( 433 , 'Nonprofits');
insert into Has_skill values ( 112 , 1105, 0);
insert into Skill values ( 1105 , 'Stress Management');
insert into Has_skill values ( 112 , 1106, 0);
insert into Skill values ( 1106 , 'Therapists');
insert into Has_skill values ( 112 , 422, 0);
insert into Skill values ( 422 , 'Public Speaking');
insert into Has_skill values ( 112 , 318, 0);
insert into Skill values ( 318 , 'Teaching');
insert into Has_skill values ( 112 , 1107, 0);
insert into Skill values ( 1107 , 'Counseling Psychology');
insert into Has_skill values ( 112 , 1039, 0);
insert into Skill values ( 1039 , 'Program Development');
insert into Employer values ( 908 , 'integraltherapy.net');
insert into Experience values ( 112 , 908, '', '');

insert into User values ( 113 , 'Jon' , 'Sirota', 117, 0, 'Medical Practice');
insert into Education values ( 113 , 230 , 279 , 'D.C. and B.S. in Human Biology', '1985 – 1989', '1985 – 1989');
insert into University values ( 230 , 'National College of Chiropractic');
insert into Education values ( 113 , 231 , 202 , '', '1983 – 1985', '1983 – 1985');
insert into University values ( 231 , 'City University of New York-Brooklyn College');
insert into Has_skill values ( 113 , 427, 0);
insert into Skill values ( 427 , 'Customer Service');
insert into Has_skill values ( 113 , 336, 0);
insert into Skill values ( 336 , 'Microsoft Office');
insert into Has_skill values ( 113 , 422, 0);
insert into Skill values ( 422 , 'Public Speaking');
insert into Has_skill values ( 113 , 417, 0);
insert into Skill values ( 417 , 'Management');
insert into Has_skill values ( 113 , 381, 0);
insert into Skill values ( 381 , 'Strategic Planning');
insert into Has_skill values ( 113 , 1108, 0);
insert into Skill values ( 1108 , 'Myofascial release...');
insert into Knows_language values ( 113 , 519);
insert into Languages values ( 519 , 'some spanish');
insert into Employer values ( 909 , 'Self-employed');
insert into Experience values ( 113 , 909, '1990-01-01', '2014-12-25');
insert into Employer values ( 910 , 'Sirota Chiropractic Centers');
insert into Experience values ( 113 , 910, '1990-01-01', '2014-12-25');

insert into User values ( 114 , 'Michele' , 'McIntosh', 56, 0, 'Medical Practice');
insert into Has_skill values ( 114 , 427, 0);
insert into Skill values ( 427 , 'Customer Service');
insert into Has_skill values ( 114 , 1036, 0);
insert into Skill values ( 1036 , 'Healthcare');
insert into Member_of values ( 114 , 862);
insert into Groups values ( 862 , 'Healthcare IT World', 0);
insert into Member_of values ( 114 , 863);
insert into Groups values ( 863 , 'Physician Practice (MD and DO) and Career Opportunities', 0);
insert into Member_of values ( 114 , 412);
insert into Groups values ( 412 , 'Professionals in the Pharmaceutical and Biotech Industry', 0);
insert into Member_of values ( 114 , 864);
insert into Groups values ( 864 , 'Healthcare Technology Magazine (HTM)', 0);
insert into Member_of values ( 114 , 865);
insert into Groups values ( 865 , 'Health Capital Network', 0);
insert into Member_of values ( 114 , 866);
insert into Groups values ( 866 , 'Healthcare-IT/ EHR/ HIS', 0);
insert into Member_of values ( 114 , 867);
insert into Groups values ( 867 , 'Healthcare Executives Network', 0);
insert into Member_of values ( 114 , 868);
insert into Groups values ( 868 , 'Society of Physician Entrepreneurs (SoPE)', 0);
insert into Member_of values ( 114 , 869);
insert into Groups values ( 869 , 'Healthcare Analytics and Informatics, Healthcare Analytics, Healthcare Informatics', 0);
insert into Member_of values ( 114 , 870);
insert into Groups values ( 870 , 'Physicians Alternative Career Network (PACNet)', 0);
insert into Member_of values ( 114 , 871);
insert into Groups values ( 871 , 'HealthCare Information Technology', 0);
insert into Member_of values ( 114 , 872);
insert into Groups values ( 872 , 'Healthcare IT - Careers, Jobs & Opportunities', 0);
insert into Member_of values ( 114 , 873);
insert into Groups values ( 873 , 'Medical Devices Group', 0);
insert into Member_of values ( 114 , 874);
insert into Groups values ( 874 , 'Healthcare Investors Network', 0);
insert into Member_of values ( 114 , 875);
insert into Groups values ( 875 , 'Chief Financial Officer (CFO) Network - The #1 Group for CFOs', 0);
insert into Member_of values ( 114 , 876);
insert into Groups values ( 876 , 'Healthcare Information Technology Professionals', 0);
insert into Member_of values ( 114 , 877);
insert into Groups values ( 877 , 'Health Care and Medical Positions Networking Group', 0);
insert into Employer values ( 911 , 'Delaware Valley Medical Management');
insert into Experience values ( 114 , 911, '', '');

insert into User values ( 115 , 'Alan' , 'Plotkin', 127, 0, 'Medical Practice');
insert into Education values ( 115 , 232 , 280 , 'Bachelor of Business Administration (BBA)', '', '');
insert into University values ( 232 , 'Drexel University');
insert into Education values ( 115 , 233 , 205 , 'Master of Business Administration (MBA)', '', '');
insert into University values ( 233 , 'Temple University');
insert into Has_skill values ( 115 , 1036, 0);
insert into Skill values ( 1036 , 'Healthcare');
insert into Has_skill values ( 115 , 1040, 0);
insert into Skill values ( 1040 , 'Hospitals');
insert into Has_skill values ( 115 , 427, 0);
insert into Skill values ( 427 , 'Customer Service');
insert into Has_skill values ( 115 , 381, 0);
insert into Skill values ( 381 , 'Strategic Planning');
insert into Has_skill values ( 115 , 1109, 0);
insert into Skill values ( 1109 , 'Healthcare Information...');
insert into Has_skill values ( 115 , 321, 0);
insert into Skill values ( 321 , 'Clinical Research');
insert into Has_skill values ( 115 , 422, 0);
insert into Skill values ( 422 , 'Public Speaking');
insert into Has_skill values ( 115 , 1110, 0);
insert into Skill values ( 1110 , 'Medical Billing');
insert into Has_skill values ( 115 , 1111, 0);
insert into Skill values ( 1111 , 'HIPAA');
insert into Has_skill values ( 115 , 1112, 0);
insert into Skill values ( 1112 , 'Health Policy');
insert into Has_skill values ( 115 , 1113, 0);
insert into Skill values ( 1113 , 'Managed Care');
insert into Has_skill values ( 115 , 1114, 0);
insert into Skill values ( 1114 , 'Physicians');
insert into Employer values ( 912 , 'Urology Care Alliance');
insert into Experience values ( 115 , 912, '', '');

insert into User values ( 116 , 'Michael' , 'Asbill', 2, 0, 'Medical Practice');
insert into Has_skill values ( 116 , 1115, 0);
insert into Skill values ( 1115 , 'Healthcare Management');
insert into Has_skill values ( 116 , 423, 0);
insert into Skill values ( 423 , 'Leadership');
insert into Has_skill values ( 116 , 1036, 0);
insert into Skill values ( 1036 , 'Healthcare');
insert into Has_skill values ( 116 , 381, 0);
insert into Skill values ( 381 , 'Strategic Planning');
insert into Has_skill values ( 116 , 422, 0);
insert into Skill values ( 422 , 'Public Speaking');
insert into Employer values ( 913 , 'Atlantic Urology Clinics');
insert into Experience values ( 116 , 913, '2009-04-01', '2014-12-15');

insert into User values ( 117 , 'Fay' , 'Sanford Antonio', 72, 0, 'Health, Wellness and Fitness');
insert into Has_skill values ( 117 , 427, 0);
insert into Skill values ( 427 , 'Customer Service');
insert into Has_skill values ( 117 , 1116, 0);
insert into Skill values ( 1116 , 'Event Planning');
insert into Has_skill values ( 117 , 1117, 0);
insert into Skill values ( 1117 , 'Location Based Services');
insert into Has_skill values ( 117 , 1118, 0);
insert into Skill values ( 1118 , 'Nutrition');
insert into Has_skill values ( 117 , 1119, 0);
insert into Skill values ( 1119 , 'Wellness');
insert into Has_skill values ( 117 , 1036, 0);
insert into Skill values ( 1036 , 'Healthcare');
insert into Member_of values ( 117 , 878);
insert into Groups values ( 878 , 'Lesley University Alumni Association', 0);
insert into Employer values ( 914 , 'Urology Centers of Alabama');
insert into Experience values ( 117 , 914, '2012-01-01', '');
insert into Employer values ( 915 , 'Medi-Weightloss Clinics');
insert into Experience values ( 117 , 915, '2009-01-01', '2012-09-03');
insert into Employer values ( 914 , 'Urology Centers of Alabama');
insert into Experience values ( 117 , 914, '2007-01-01', '');
insert into Employer values ( 916 , 'Merle Norman Cosmetics');
insert into Experience values ( 117 , 916, '2005-01-01', '');

insert into User values ( 118 , 'Terrence' , 'Regan', 29, 0, 'Health, Wellness and Fitness');
insert into Education values ( 118 , 234 , 281 , 'Doctor of Medicine (MD)', '1987 – 1991', '1987 – 1991');
insert into University values ( 234 , 'Georgetown University School of Medicine');
insert into Education values ( 118 , 235 , 282 , 'Bachelor of Arts (BA)', '1983 – 1987', '1983 – 1987');
insert into University values ( 235 , 'University of Notre Dame');
insert into Has_skill values ( 118 , 901, 0);
insert into Skill values ( 901 , 'Coaching');
insert into Has_skill values ( 118 , 381, 0);
insert into Skill values ( 381 , 'Strategic Planning');
insert into Has_skill values ( 118 , 396, 0);
insert into Skill values ( 396 , 'Entrepreneurship');
insert into Has_skill values ( 118 , 1036, 0);
insert into Skill values ( 1036 , 'Healthcare');
insert into Has_skill values ( 118 , 422, 0);
insert into Skill values ( 422 , 'Public Speaking');
insert into Has_skill values ( 118 , 495, 0);
insert into Skill values ( 495 , 'Marketing Strategy');
insert into Has_skill values ( 118 , 347, 0);
insert into Skill values ( 347 , 'Business Strategy');
insert into Has_skill values ( 118 , 428, 0);
insert into Skill values ( 428 , 'Social Media');
insert into Has_skill values ( 118 , 673, 0);
insert into Skill values ( 673 , 'New Business Development');
insert into Has_skill values ( 118 , 352, 0);
insert into Skill values ( 352 , 'Marketing');
insert into Has_skill values ( 118 , 775, 0);
insert into Skill values ( 775 , 'Team Building');
insert into Has_skill values ( 118 , 417, 0);
insert into Skill values ( 417 , 'Management');
insert into Has_skill values ( 118 , 1120, 0);
insert into Skill values ( 1120 , 'Small Business');
insert into Has_skill values ( 118 , 610, 0);
insert into Skill values ( 610 , 'Start-ups');
insert into Has_skill values ( 118 , 427, 0);
insert into Skill values ( 427 , 'Customer Service');
insert into Has_skill values ( 118 , 778, 0);
insert into Skill values ( 778 , 'Change Management');
insert into Has_skill values ( 118 , 385, 0);
insert into Skill values ( 385 , 'Management Consulting');
insert into Has_skill values ( 118 , 1119, 0);
insert into Skill values ( 1119 , 'Wellness');
insert into Has_skill values ( 118 , 369, 0);
insert into Skill values ( 369 , 'Mergers & Acquisitions');
insert into Has_skill values ( 118 , 423, 0);
insert into Skill values ( 423 , 'Leadership');
insert into Has_skill values ( 118 , 1121, 0);
insert into Skill values ( 1121 , 'Personal Development');
insert into Knows_language values ( 118 , 501);
insert into Languages values ( 501 , 'English');
insert into Employer values ( 917 , 'Atlantic Urology Associates');
insert into Experience values ( 118 , 917, '1997-01-01', '2014-12-17');
insert into Employer values ( 918 , 'Florida Urological Society');
insert into Experience values ( 118 , 918, '2011-09-01', '2012-09-01');
insert into Employer values ( 919 , 'Florida Hospital Flagler');
insert into Experience values ( 118 , 919, '2010-01-01', '');

insert into User values ( 119 , 'Barbara' , 'Charlet', 42, 0, 'Medical Practice');
insert into Employer values ( 920 , 'Doctors Choice Home Health');
insert into Experience values ( 119 , 920, '', '');

insert into User values ( 120 , 'Jennifer' , 'Clem', 41, 0, 'Hospital & Health Care');
insert into Education values ( 120 , 236 , 283 , 'AAS', '1992 – 1994', '1992 – 1994');
insert into University values ( 236 , 'Mayland Community College');
insert into Employer values ( 921 , 'NHRMC Physician Group/Atlantic Urology');
insert into Experience values ( 120 , 921, '2005-07-01', '2014-12-15');
insert into Employer values ( 922 , 'R. Henry Temple, M.D./Carolina Healthcare associates');
insert into Experience values ( 120 , 922, '2001-03-01', '2005-07-04');

insert into User values ( 121 , 'Michelle' , 'Pratt', 61, 0, 'Higher Education');
insert into Education values ( 121 , 237 , 284 , 'MBA-Healthcare', '2012 – 2013', '2012 – 2013');
insert into University values ( 237 , 'The George Washington University');
insert into Education values ( 121 , 238 , 285 , 'BSW', '2001 – 2003', '2001 – 2003');
insert into University values ( 238 , 'Marshall University');
insert into Education values ( 121 , 238 , 206 , 'BBA', '1996 – 2000', '1996 – 2000');
insert into University values ( 238 , 'Marshall University');
insert into Has_skill values ( 121 , 1122, 0);
insert into Skill values ( 1122 , 'Policy');
insert into Has_skill values ( 121 , 313, 0);
insert into Skill values ( 313 , 'Higher Education');
insert into Has_skill values ( 121 , 1123, 0);
insert into Skill values ( 1123 , 'Staff Development');
insert into Has_skill values ( 121 , 1124, 0);
insert into Skill values ( 1124 , 'Student Affairs');
insert into Has_skill values ( 121 , 427, 0);
insert into Skill values ( 427 , 'Customer Service');
insert into Has_skill values ( 121 , 901, 0);
insert into Skill values ( 901 , 'Coaching');
insert into Has_skill values ( 121 , 775, 0);
insert into Skill values ( 775 , 'Team Building');
insert into Has_skill values ( 121 , 1125, 0);
insert into Skill values ( 1125 , 'Employee Relations');
insert into Has_skill values ( 121 , 1126, 0);
insert into Skill values ( 1126 , 'Student Counseling');
insert into Has_skill values ( 121 , 1127, 0);
insert into Skill values ( 1127 , 'Career Counseling');
insert into Has_skill values ( 121 , 422, 0);
insert into Skill values ( 422 , 'Public Speaking');
insert into Has_skill values ( 121 , 336, 0);
insert into Skill values ( 336 , 'Microsoft Office');
insert into Has_skill values ( 121 , 1128, 0);
insert into Skill values ( 1128 , 'Admissions');
insert into Has_skill values ( 121 , 1036, 0);
insert into Skill values ( 1036 , 'Healthcare');
insert into Has_skill values ( 121 , 1129, 0);
insert into Skill values ( 1129 , 'Resume Writing');
insert into Has_skill values ( 121 , 1116, 0);
insert into Skill values ( 1116 , 'Event Planning');
insert into Has_skill values ( 121 , 316, 0);
insert into Skill values ( 316 , 'Research');
insert into Has_skill values ( 121 , 1039, 0);
insert into Skill values ( 1039 , 'Program Development');
insert into Has_skill values ( 121 , 421, 0);
insert into Skill values ( 421 , 'Time Management');
insert into Has_skill values ( 121 , 1130, 0);
insert into Skill values ( 1130 , 'Editing');
insert into Has_skill values ( 121 , 764, 0);
insert into Skill values ( 764 , 'Public Relations');
insert into Has_skill values ( 121 , 1131, 0);
insert into Skill values ( 1131 , 'Career Development');
insert into Has_skill values ( 121 , 1132, 0);
insert into Skill values ( 1132 , 'Adult Education');
insert into Has_skill values ( 121 , 373, 0);
insert into Skill values ( 373 , 'PowerPoint');
insert into Has_skill values ( 121 , 522, 0);
insert into Skill values ( 522 , 'Outlook');
insert into Has_skill values ( 121 , 900, 0);
insert into Skill values ( 900 , 'Leadership Development');
insert into Has_skill values ( 121 , 1133, 0);
insert into Skill values ( 1133 , 'Data Entry');
insert into Has_skill values ( 121 , 318, 0);
insert into Skill values ( 318 , 'Teaching');
insert into Member_of values ( 121 , 879);
insert into Groups values ( 879 , 'Marshall University Alumni', 0);
insert into Employer values ( 923 , 'New Hanover Medical Group/ NHRMC Physicians Group');
insert into Experience values ( 121 , 923, '2014-01-01', '');
insert into Employer values ( 924 , 'New Hanover Regional Medical Center Physician Group-Onslow Oncology');
insert into Experience values ( 121 , 924, '2012-11-01', '2014-12-15');
insert into Employer values ( 925 , 'Miller-Motte College');
insert into Experience values ( 121 , 925, '2011-11-01', '2012-11-01');
insert into Employer values ( 926 , 'Milan Institute.edu');
insert into Experience values ( 121 , 926, '2009-10-01', '2011-05-01');
insert into Employer values ( 926 , 'Milan Institute.edu');
insert into Experience values ( 121 , 926, '2009-02-01', '2009-10-09');
insert into Employer values ( 927 , 'St. Marys Medical Management');
insert into Experience values ( 121 , 927, '2007-06-01', '2008-12-01');
insert into Employer values ( 928 , 'Coordinating Council for Independent Living');
insert into Experience values ( 121 , 928, '2004-08-01', '2008-06-03');
insert into Employer values ( 929 , 'Marshall University');
insert into Experience values ( 121 , 929, '2004-01-01', '2004-08-08');

insert into User values ( 122 , 'Nandini' , 'Koka', 11, 0, 'Medical Practice');
insert into Education values ( 122 , 239 , 286 , 'MD', '1995 – 1999', '1995 – 1999');
insert into University values ( 239 , 'Eastern Virginia Medical School');
insert into Education values ( 122 , 240 , 203 , 'BS', '1991 – 1994', '1991 – 1994');
insert into University values ( 240 , 'The College of William and Mary');
insert into Employer values ( 930 , 'Urgent Care Physician - Vienna');
insert into Experience values ( 122 , 930, '2009-08-01', '2014-12-15');
insert into Employer values ( 931 , 'Greater Elgin Emergency Specialists');
insert into Experience values ( 122 , 931, '2005-05-01', '2009-07-04');
insert into Employer values ( 932 , 'Advanced Urgent Care and Nightlight Pediatrics');
insert into Experience values ( 122 , 932, '2004-07-01', '2005-04-10');
insert into Employer values ( 933 , 'Grossmont Family Medical Group');
insert into Experience values ( 122 , 933, '2002-10-01', '2004-06-01');
insert into Employer values ( 934 , 'Lancaster General Hospital');
insert into Experience values ( 122 , 934, '1999-01-01', '');
insert into Employer values ( 934 , 'Lancaster General Hospital');
insert into Experience values ( 122 , 934, '1999-01-01', '');
insert into Employer values ( 935 , 'college of william and mary');
insert into Experience values ( 122 , 935, '1991-01-01', '');
insert into Employer values ( 936 , 'thomas jefferson high school for science and technology');
insert into Experience values ( 122 , 936, '1987-01-01', '');

insert into User values ( 123 , 'Sangeeta' , 'Wagner', 5, 0, 'Hospital & Health Care');
insert into Employer values ( 937 , 'Renown Health');
insert into Experience values ( 123 , 937, '', '');

insert into User values ( 124 , 'Vinod' , 'Nandoe', 24, 0, 'Financial Services');
insert into Education values ( 124 , 241 , 202 , '', '1991 – 1998', '1991 – 1998');
insert into University values ( 241 , 'Erasmus Universiteit Rotterdam');
insert into Member_of values ( 124 , 880);
insert into Groups values ( 880 , 'Recovery Audit Professionals', 0);
insert into Member_of values ( 124 , 881);
insert into Groups values ( 881 , 'U.S. Tax Withholding and Information Reporting Operations and Corporate Tax Group', 0);
insert into Employer values ( 938 , 'Consultant');
insert into Experience values ( 124 , 938, '', '');

insert into User values ( 125 , 'Wynne' , 'Minkes', 278, 0, 'Nonprofit Organization Management');
insert into Education values ( 125 , 242 , 287 , 'Doctor of Philosophy (PhD)', '1991 – 2005', '1991 – 2005');
insert into University values ( 242 , 'Leiden University');
insert into Education values ( 125 , 243 , 201 , 'Bachelors degree', '2008 – 2010', '2008 – 2010');
insert into University values ( 243 , 'EHvA amsterdam');
insert into Education values ( 125 , 244 , 288 , 'Propedeuse', '1988 – 1990', '1988 – 1990');
insert into University values ( 244 , 'University of Groningen');
insert into Has_skill values ( 125 , 318, 0);
insert into Skill values ( 318 , 'Teaching');
insert into Has_skill values ( 125 , 316, 0);
insert into Skill values ( 316 , 'Research');
insert into Has_skill values ( 125 , 1134, 0);
insert into Skill values ( 1134 , 'Writing');
insert into Has_skill values ( 125 , 1135, 0);
insert into Skill values ( 1135 , 'Archaeology');
insert into Member_of values ( 125 , 882);
insert into Groups values ( 882 , 'Professional Anthropology/ Archaeology Group', 0);
insert into Member_of values ( 125 , 883);
insert into Groups values ( 883 , 'explore.org', 0);
insert into Member_of values ( 125 , 884);
insert into Groups values ( 884 , 'Werken in West Nederland', 0);
insert into Knows_language values ( 125 , 501);
insert into Languages values ( 501 , 'English');
insert into Knows_language values ( 125 , 503);
insert into Languages values ( 503 , 'Spanish');
insert into Knows_language values ( 125 , 509);
insert into Languages values ( 509 , 'French');
insert into Knows_language values ( 125 , 512);
insert into Languages values ( 512 , 'German');
insert into Knows_language values ( 125 , 520);
insert into Languages values ( 520 , 'Northern Frisian');
insert into Knows_language values ( 125 , 521);
insert into Languages values ( 521 , 'Dutch');
insert into Employer values ( 939 , 'Green Heritage Fund Suriname');
insert into Experience values ( 125 , 939, '2014-02-01', '2014-12-11');
insert into Employer values ( 940 , 'Buro Beet');
insert into Experience values ( 125 , 940, '2013-12-01', '2014-01-01');
insert into Employer values ( 941 , '1e Amstelveense Montessorischool');
insert into Experience values ( 125 , 941, '2013-08-01', '2013-12-05');
insert into Employer values ( 942 , 'MINOV Suriname');
insert into Experience values ( 125 , 942, '2011-09-01', '2012-08-01');
insert into Employer values ( 943 , 'Koan Float');
insert into Experience values ( 125 , 943, '2006-08-01', '2010-06-03');
insert into Employer values ( 944 , 'Archaeology Leiden University');
insert into Experience values ( 125 , 944, '1998-08-01', '2005-09-07');
insert into Employer values ( 943 , 'Koan Float');
insert into Experience values ( 125 , 943, '2002-11-01', '2004-09-01');
insert into Employer values ( 945 , 'Leiden University');
insert into Experience values ( 125 , 945, '1998-04-01', '1998-07-04');
insert into Employer values ( 946 , 'Various companies');
insert into Experience values ( 125 , 946, '1997-04-01', '1998-05-01');
insert into Employer values ( 947 , 'VluchtelingenWerk Nederland');
insert into Experience values ( 125 , 947, '1996-02-01', '1997-04-01');

insert into User values ( 126 , 'Ilonka' , 'Sjak-Shie', 155, 0, 'Professional Training & Coaching');
insert into Has_skill values ( 126 , 901, 0);
insert into Skill values ( 901 , 'Coaching');
insert into Has_skill values ( 126 , 1136, 0);
insert into Skill values ( 1136 , 'Emotional Intelligence');
insert into Has_skill values ( 126 , 900, 0);
insert into Skill values ( 900 , 'Leadership Development');
insert into Has_skill values ( 126 , 1121, 0);
insert into Skill values ( 1121 , 'Personal Development');
insert into Has_skill values ( 126 , 1137, 0);
insert into Skill values ( 1137 , 'Executive Coaching');
insert into Has_skill values ( 126 , 1138, 0);
insert into Skill values ( 1138 , 'Work Life Balance');
insert into Has_skill values ( 126 , 1013, 0);
insert into Skill values ( 1013 , 'Organizational...');
insert into Member_of values ( 126 , 885);
insert into Groups values ( 885 , 'Social Media Training With George Kao', 0);
insert into Member_of values ( 126 , 886);
insert into Groups values ( 886 , 'George Kao Client Community', 0);
insert into Member_of values ( 126 , 887);
insert into Groups values ( 887 , 'Twinning group Suriname - Nederland', 0);
insert into Member_of values ( 126 , 888);
insert into Groups values ( 888 , 'People of Interest', 0);
insert into Employer values ( 948 , 'LifeQuest');
insert into Experience values ( 126 , 948, '', '');

insert into User values ( 127 , 'Marijn' , 'Rabaut', 500, 0, 'Public Policy');
insert into Education values ( 127 , 245 , 202 , '', '1999 – 2009', '1999 – 2009');
insert into University values ( 245 , 'Ghent University');
insert into Has_skill values ( 127 , 1139, 0);
insert into Skill values ( 1139 , 'Marine Biology');
insert into Has_skill values ( 127 , 1140, 0);
insert into Skill values ( 1140 , 'Fisheries');
insert into Has_skill values ( 127 , 1141, 0);
insert into Skill values ( 1141 , 'Marine Conservation');
insert into Has_skill values ( 127 , 1142, 0);
insert into Skill values ( 1142 , 'Ecology');
insert into Has_skill values ( 127 , 1143, 0);
insert into Skill values ( 1143 , 'Conservation Issues');
insert into Knows_language values ( 127 , 501);
insert into Languages values ( 501 , 'English');
insert into Knows_language values ( 127 , 509);
insert into Languages values ( 509 , 'French');
insert into Knows_language values ( 127 , 521);
insert into Languages values ( 521 , 'Dutch');
insert into Knows_language values ( 127 , 503);
insert into Languages values ( 503 , 'Spanish');
insert into Knows_language values ( 127 , 512);
insert into Languages values ( 512 , 'German');
insert into Employer values ( 949 , 'Kabinet Vande Lanotte');
insert into Experience values ( 127 , 949, '2012-01-01', '2014-10-02');
insert into Employer values ( 950 , 'Ghent University');
insert into Experience values ( 127 , 950, '2009-12-01', '2014-06-04');
insert into Employer values ( 950 , 'Ghent University');
insert into Experience values ( 127 , 950, '2004-08-01', '2014-06-09');
insert into Employer values ( 950 , 'Ghent University');
insert into Experience values ( 127 , 950, '2004-08-01', '2009-12-05');

insert into User values ( 128 , 'Flor' , 'Bibbo', 20, 0, 'Renewables & Environment');
insert into Education values ( 128 , 246 , 289 , 'Master of Science (M.Sc.)', '2011 – 2011', '2011 – 2011');
insert into University values ( 246 , 'Universidad de Cádiz');
insert into Education values ( 128 , 247 , 201 , 'Bachelors degree', '2000 – 2005', '2000 – 2005');
insert into University values ( 247 , 'Universidad de Salamanca');
insert into Has_skill values ( 128 , 336, 0);
insert into Skill values ( 336 , 'Microsoft Office');
insert into Has_skill values ( 128 , 341, 0);
insert into Skill values ( 341 , 'Microsoft Excel');
insert into Has_skill values ( 128 , 425, 0);
insert into Skill values ( 425 , 'Microsoft Word');
insert into Has_skill values ( 128 , 427, 0);
insert into Skill values ( 427 , 'Customer Service');
insert into Has_skill values ( 128 , 373, 0);
insert into Skill values ( 373 , 'PowerPoint');
insert into Has_skill values ( 128 , 431, 0);
insert into Skill values ( 431 , 'English');
insert into Has_skill values ( 128 , 521, 0);
insert into Skill values ( 521 , 'Windows');
insert into Has_skill values ( 128 , 316, 0);
insert into Skill values ( 316 , 'Research');
insert into Has_skill values ( 128 , 522, 0);
insert into Skill values ( 522 , 'Outlook');
insert into Has_skill values ( 128 , 318, 0);
insert into Skill values ( 318 , 'Teaching');
insert into Has_skill values ( 128 , 1144, 0);
insert into Skill values ( 1144 , 'Photoshop');
insert into Has_skill values ( 128 , 304, 0);
insert into Skill values ( 304 , 'HTML');
insert into Has_skill values ( 128 , 381, 0);
insert into Skill values ( 381 , 'Strategic Planning');
insert into Has_skill values ( 128 , 422, 0);
insert into Skill values ( 422 , 'Public Speaking');
insert into Has_skill values ( 128 , 1145, 0);
insert into Skill values ( 1145 , 'Scuba Diving');
insert into Knows_language values ( 128 , 522);
insert into Languages values ( 522 , 'Inglés');
insert into Knows_language values ( 128 , 523);
insert into Languages values ( 523 , 'Alemán');
insert into Knows_language values ( 128 , 524);
insert into Languages values ( 524 , 'Italiano');
insert into Employer values ( 951 , 'ZOEA Mallorca');
insert into Experience values ( 128 , 951, '2014-04-01', '2014-12-15');
insert into Employer values ( 952 , 'Buddy Dive Liveaboards');
insert into Experience values ( 128 , 952, '2013-06-01', '2014-01-08');
insert into Employer values ( 953 , 'Universidad de Cádiz');
insert into Experience values ( 128 , 953, '2012-01-01', '2012-03-03');
insert into Employer values ( 954 , 'Whale Watch Tarifa');
insert into Experience values ( 128 , 954, '2006-04-01', '2010-10-04');

insert into User values ( 129 , 'Catherine' , 'Davis', 500, 0, 'Publishing');
insert into Has_skill values ( 129 , 1146, 0);
insert into Skill values ( 1146 , 'Online Publishing');
insert into Has_skill values ( 129 , 1147, 0);
insert into Skill values ( 1147 , 'editing of articles');
insert into Has_skill values ( 129 , 1148, 0);
insert into Skill values ( 1148 , 'Proofreading');
insert into Has_skill values ( 129 , 326, 0);
insert into Skill values ( 326 , 'Social Networking');
insert into Employer values ( 955 , 'MedCrave Group');
insert into Experience values ( 129 , 955, '2014-03-01', '2014-12-10');
insert into Employer values ( 956 , 'Agara publications');
insert into Experience values ( 129 , 956, '2013-06-01', '2014-02-09');

insert into User values ( 130 , 'Florence' , 'SV', 500, 0, 'Publishing');
insert into Has_skill values ( 130 , 316, 0);
insert into Skill values ( 316 , 'Research');
insert into Has_skill values ( 130 , 1149, 0);
insert into Skill values ( 1149 , 'Publishing');
insert into Has_skill values ( 130 , 1150, 0);
insert into Skill values ( 1150 , 'Publications');
insert into Has_skill values ( 130 , 1151, 0);
insert into Skill values ( 1151 , 'Copy Editing');
insert into Has_skill values ( 130 , 1148, 0);
insert into Skill values ( 1148 , 'Proofreading');
insert into Has_skill values ( 130 , 1130, 0);
insert into Skill values ( 1130 , 'Editing');
insert into Has_skill values ( 130 , 1152, 0);
insert into Skill values ( 1152 , 'Blogging');
insert into Has_skill values ( 130 , 317, 0);
insert into Skill values ( 317 , 'Science');
insert into Has_skill values ( 130 , 1153, 0);
insert into Skill values ( 1153 , 'Manuscript');
insert into Has_skill values ( 130 , 1154, 0);
insert into Skill values ( 1154 , 'Lifesciences');
insert into Has_skill values ( 130 , 1146, 0);
insert into Skill values ( 1146 , 'Online Publishing');
insert into Has_skill values ( 130 , 1155, 0);
insert into Skill values ( 1155 , 'Microbiology');
insert into Has_skill values ( 130 , 784, 0);
insert into Skill values ( 784 , 'Social Media Marketing');
insert into Has_skill values ( 130 , 1156, 0);
insert into Skill values ( 1156 , 'Editorial');
insert into Has_skill values ( 130 , 1157, 0);
insert into Skill values ( 1157 , 'Biotechnology');
insert into Has_skill values ( 130 , 1158, 0);
insert into Skill values ( 1158 , 'Line Editing');
insert into Has_skill values ( 130 , 1159, 0);
insert into Skill values ( 1159 , 'InCopy');
insert into Has_skill values ( 130 , 1160, 0);
insert into Skill values ( 1160 , 'Books');
insert into Has_skill values ( 130 , 1161, 0);
insert into Skill values ( 1161 , 'Life Sciences');
insert into Member_of values ( 130 , 889);
insert into Groups values ( 889 , 'Plant Stress Physiology', 0);
insert into Member_of values ( 130 , 890);
insert into Groups values ( 890 , 'Aquaculture', 0);
insert into Member_of values ( 130 , 891);
insert into Groups values ( 891 , 'Aquaculture Means Business', 0);
insert into Member_of values ( 130 , 892);
insert into Groups values ( 892 , 'An Association of International Seafood Professionals', 0);
insert into Member_of values ( 130 , 893);
insert into Groups values ( 893 , 'Aquaculture & Seafood Networkers', 0);
insert into Member_of values ( 130 , 894);
insert into Groups values ( 894 , 'Mediterranean Aquaculture', 0);
insert into Member_of values ( 130 , 895);
insert into Groups values ( 895 , 'European Aquaculture Society', 0);
insert into Employer values ( 957 , 'OMICS Publishing Group');
insert into Experience values ( 130 , 957, '2013-07-01', '2014-12-15');

insert into User values ( 131 , 'Dr' , 'Nishikant Gupta', 500, 0, 'Research');
insert into Education values ( 131 , 248 , 290 , 'Doctor of Philosophy (Ph.D.)', '2011 – 2014', '2011 – 2014');
insert into University values ( 248 , 'Kings College London');
insert into Education values ( 131 , 249 , 229 , 'Masters degree', '2008 – 2010', '2008 – 2010');
insert into University values ( 249 , 'University of Pune');
insert into Education values ( 131 , 250 , 201 , 'Bachelors degree', '2005 – 2008', '2005 – 2008');
insert into University values ( 250 , 'Fergusson College');
insert into Education values ( 131 , 251 , 202 , '', '1997 – 2002', '1997 – 2002');
insert into University values ( 251 , 'Harrow School');
insert into Has_skill values ( 131 , 1143, 0);
insert into Skill values ( 1143 , 'Conservation Issues');
insert into Has_skill values ( 131 , 1162, 0);
insert into Skill values ( 1162 , 'Wildlife');
insert into Has_skill values ( 131 , 316, 0);
insert into Skill values ( 316 , 'Research');
insert into Has_skill values ( 131 , 1163, 0);
insert into Skill values ( 1163 , 'Biodiversity');
insert into Has_skill values ( 131 , 1164, 0);
insert into Skill values ( 1164 , 'Scientific Writing');
insert into Has_skill values ( 131 , 317, 0);
insert into Skill values ( 317 , 'Science');
insert into Has_skill values ( 131 , 1080, 0);
insert into Skill values ( 1080 , 'Environmental Science');
insert into Has_skill values ( 131 , 1142, 0);
insert into Skill values ( 1142 , 'Ecology');
insert into Has_skill values ( 131 , 1165, 0);
insert into Skill values ( 1165 , 'Climate Change');
insert into Has_skill values ( 131 , 1166, 0);
insert into Skill values ( 1166 , 'Science Communication');
insert into Has_skill values ( 131 , 1167, 0);
insert into Skill values ( 1167 , 'Field Work');
insert into Has_skill values ( 131 , 1168, 0);
insert into Skill values ( 1168 , 'River habitat surveys');
insert into Has_skill values ( 131 , 1169, 0);
insert into Skill values ( 1169 , 'Fish and...');
insert into Has_skill values ( 131 , 1170, 0);
insert into Skill values ( 1170 , 'Remote Sensing and GIS');
insert into Has_skill values ( 131 , 1171, 0);
insert into Skill values ( 1171 , 'Natural Resource...');
insert into Has_skill values ( 131 , 1139, 0);
insert into Skill values ( 1139 , 'Marine Biology');
insert into Has_skill values ( 131 , 1172, 0);
insert into Skill values ( 1172 , 'Climate Change...');
insert into Member_of values ( 131 , 896);
insert into Groups values ( 896 , 'jobs.ac.uk', 0);
insert into Member_of values ( 131 , 897);
insert into Groups values ( 897 , 'Biodiversity in a Rapidly Changing World', 0);
insert into Member_of values ( 131 , 898);
insert into Groups values ( 898 , 'Harrow School Alumni - Old Harrovians', 0);
insert into Member_of values ( 131 , 899);
insert into Groups values ( 899 , 'Environmental Issues', 0);
insert into Member_of values ( 131 , 900);
insert into Groups values ( 900 , 'The Water stewardship Forum', 0);
insert into Member_of values ( 131 , 901);
insert into Groups values ( 901 , 'Environmentjob.co.uk', 0);
insert into Member_of values ( 131 , 902);
insert into Groups values ( 902 , 'Old Paulites Association', 0);
insert into Member_of values ( 131 , 903);
insert into Groups values ( 903 , 'Society for Ecological Restoration Ontario', 0);
insert into Member_of values ( 131 , 904);
insert into Groups values ( 904 , 'Environmental Careers Network', 0);
insert into Member_of values ( 131 , 905);
insert into Groups values ( 905 , 'International Riversymposium', 0);
insert into Member_of values ( 131 , 906);
insert into Groups values ( 906 , 'Environmental Impact Assessment', 0);
insert into Member_of values ( 131 , 907);
insert into Groups values ( 907 , 'Conservation Jobs - Conservation Careers and Advice', 0);
insert into Member_of values ( 131 , 908);
insert into Groups values ( 908 , 'Environmental Consultancy Networking (UK)', 0);
insert into Member_of values ( 131 , 909);
insert into Groups values ( 909 , 'St. Gallen Symposium', 0);
insert into Member_of values ( 131 , 910);
insert into Groups values ( 910 , 'Environmental Jobs', 0);
insert into Member_of values ( 131 , 911);
insert into Groups values ( 911 , 'HEAD HUNTING IN PUNE', 0);
insert into Member_of values ( 131 , 912);
insert into Groups values ( 912 , 'Conservation Job seekers', 0);
insert into Member_of values ( 131 , 913);
insert into Groups values ( 913 , 'PUNE HR', 0);
insert into Member_of values ( 131 , 914);
insert into Groups values ( 914 , 'Young Environmental Professionals (YEP)', 0);
insert into Member_of values ( 131 , 915);
insert into Groups values ( 915 , 'University Of Pune Alumni', 0);
insert into Member_of values ( 131 , 916);
insert into Groups values ( 916 , 'Ecologists - Terrestrial, Freshwater, Marine', 0);
insert into Member_of values ( 131 , 917);
insert into Groups values ( 917 , 'The Water Network', 0);
insert into Member_of values ( 131 , 918);
insert into Groups values ( 918 , 'IFM Estuarine and Marine Specialist Section', 0);
insert into Member_of values ( 131 , 919);
insert into Groups values ( 919 , 'Institute of Fisheries Management', 0);
insert into Member_of values ( 131 , 920);
insert into Groups values ( 920 , 'Nature Conservancy', 0);
insert into Member_of values ( 131 , 921);
insert into Groups values ( 921 , 'Wildlife Professionals', 0);
insert into Member_of values ( 131 , 922);
insert into Groups values ( 922 , 'riversnetwork.org', 0);
insert into Member_of values ( 131 , 923);
insert into Groups values ( 923 , 'Society for Conservation Biology', 0);
insert into Member_of values ( 131 , 924);
insert into Groups values ( 924 , 'EHS Professionals', 0);
insert into Member_of values ( 131 , 925);
insert into Groups values ( 925 , 'Wildlife Conservation Society', 0);
insert into Knows_language values ( 131 , 501);
insert into Languages values ( 501 , 'English');
insert into Knows_language values ( 131 , 504);
insert into Languages values ( 504 , 'Hindi');
insert into Knows_language values ( 131 , 525);
insert into Languages values ( 525 , 'Bhojpuri');
insert into Knows_language values ( 131 , 526);
insert into Languages values ( 526 , 'Marathi');
insert into Employer values ( 958 , 'King's College London');
insert into Experience values ( 131 , 958, '2011-01-01', '2014-07-03');
insert into Employer values ( 958 , 'King's College London');
insert into Experience values ( 131 , 958, '2013-10-01', '2013-10-01');
insert into Employer values ( 959 , 'Thames Rivers Trust and PEACE Institute Charitable Trust');
insert into Experience values ( 131 , 959, '2012-12-01', '2012-12-01');
insert into Employer values ( 960 , 'Indian Institute of Science Education and Research (IISER), Pune');
insert into Experience values ( 131 , 960, '2010-08-01', '2011-01-06');
insert into Employer values ( 960 , 'Indian Institute of Science Education and Research (IISER), Pune');
insert into Experience values ( 131 , 960, '2010-08-01', '2011-01-06');
insert into Employer values ( 961 , 'Department of Zoology, University of Pune');
insert into Experience values ( 131 , 961, '2009-07-01', '2010-03-09');

insert into User values ( 132 , 'Rajeev' , 'Raghavan', 93, 0, 'Research');
insert into Education values ( 132 , 252 , 202 , '', '2009 – 2012', '2009 – 2012');
insert into University values ( 252 , 'University of Kent');
insert into Education values ( 132 , 253 , 202 , '', '2006 – 2009', '2006 – 2009');
insert into University values ( 253 , 'Graduate School, The Chinese Academy of School Sciences');
insert into Education values ( 132 , 254 , 289 , 'Master of Science (M.Sc.)', '2001 – 2003', '2001 – 2003');
insert into University values ( 254 , 'University of Madras');
insert into Education values ( 132 , 255 , 219 , 'Bachelor of Science (B.Sc.)', '1998 – 2001', '1998 – 2001');
insert into University values ( 255 , 'Mahatma Gandhi University');
insert into Has_skill values ( 132 , 1163, 0);
insert into Skill values ( 1163 , 'Biodiversity');
insert into Has_skill values ( 132 , 1173, 0);
insert into Skill values ( 1173 , 'Conservation Biology');
insert into Has_skill values ( 132 , 1174, 0);
insert into Skill values ( 1174 , 'Wildlife Conservation');
insert into Has_skill values ( 132 , 719, 0);
insert into Skill values ( 719 , 'Taxonomy');
insert into Has_skill values ( 132 , 1175, 0);
insert into Skill values ( 1175 , 'Ichthyology');
insert into Has_skill values ( 132 , 1176, 0);
insert into Skill values ( 1176 , 'Evolutionary Biology');
insert into Has_skill values ( 132 , 1177, 0);
insert into Skill values ( 1177 , 'Endangered Species');
insert into Has_skill values ( 132 , 1178, 0);
insert into Skill values ( 1178 , 'Fisheries Management');
insert into Has_skill values ( 132 , 1179, 0);
insert into Skill values ( 1179 , 'Freshwater Ecology');
insert into Has_skill values ( 132 , 1180, 0);
insert into Skill values ( 1180 , 'South Asia');
insert into Has_skill values ( 132 , 1181, 0);
insert into Skill values ( 1181 , 'Western Ghats');
insert into Has_skill values ( 132 , 1182, 0);
insert into Skill values ( 1182 , 'Sustainable Use');
insert into Has_skill values ( 132 , 1183, 0);
insert into Skill values ( 1183 , 'Global Change');
insert into Has_skill values ( 132 , 1184, 0);
insert into Skill values ( 1184 , 'Biological Invasions');
insert into Has_skill values ( 132 , 1185, 0);
insert into Skill values ( 1185 , 'Rivers');
insert into Has_skill values ( 132 , 1079, 0);
insert into Skill values ( 1079 , 'Environmental Policy');
insert into Has_skill values ( 132 , 1186, 0);
insert into Skill values ( 1186 , 'Political Ecology');
insert into Has_skill values ( 132 , 1073, 0);
insert into Skill values ( 1073 , 'Environmental...');
insert into Has_skill values ( 132 , 1187, 0);
insert into Skill values ( 1187 , 'Human Ecology');
insert into Has_skill values ( 132 , 1188, 0);
insert into Skill values ( 1188 , 'Traditional Ecological...');
insert into Has_skill values ( 132 , 1189, 0);
insert into Skill values ( 1189 , 'Social Sciences');
insert into Has_skill values ( 132 , 1190, 0);
insert into Skill values ( 1190 , 'Environmental Advocacy');
insert into Knows_language values ( 132 , 501);
insert into Languages values ( 501 , 'English');
insert into Knows_language values ( 132 , 504);
insert into Languages values ( 504 , 'Hindi');
insert into Knows_language values ( 132 , 527);
insert into Languages values ( 527 , 'Malayalam');
insert into Knows_language values ( 132 , 528);
insert into Languages values ( 528 , 'Tamil');
insert into Knows_language values ( 132 , 529);
insert into Languages values ( 529 , 'Chinese (Basic)');
insert into Knows_language values ( 132 , 530);
insert into Languages values ( 530 , 'Czech (Basic)');
insert into Knows_language values ( 132 , 521);
insert into Languages values ( 521 , 'Dutch');
insert into Employer values ( 962 , 'Conservation Research Group (CRG), St. Albert's College, Kochi');
insert into Experience values ( 132 , 962, '2007-09-01', '2014-12-15');
insert into Employer values ( 963 , 'Central European University');
insert into Experience values ( 132 , 963, '2013-02-01', '2013-03-02');
insert into Employer values ( 964 , 'Hasselt University');
insert into Experience values ( 132 , 964, '2012-03-01', '2012-06-04');
insert into Employer values ( 965 , 'St. Albert's College, Kochi');
insert into Experience values ( 132 , 965, '2003-07-01', '2005-12-02');

insert into User values ( 133 , 'Johnson' , 'K John', 110, 0, 'Fishery');
insert into Education values ( 133 , 256 , 247 , 'Master of Science (MSc)', '2003 – 2005', '2003 – 2005');
insert into University values ( 256 , 'St. Alberts');
insert into Education values ( 133 , 255 , 262 , 'Bachelor of Science (BSc)', '1997 – 1999', '1997 – 1999');
insert into University values ( 255 , 'Mahatma Gandhi University');
insert into Has_skill values ( 133 , 1191, 0);
insert into Skill values ( 1191 , 'Seafood');
insert into Has_skill values ( 133 , 1192, 0);
insert into Skill values ( 1192 , 'Food Safety');
insert into Has_skill values ( 133 , 1193, 0);
insert into Skill values ( 1193 , 'Food Processing');
insert into Has_skill values ( 133 , 504, 0);
insert into Skill values ( 504 , 'Quality Assurance');
insert into Has_skill values ( 133 , 1194, 0);
insert into Skill values ( 1194 , 'Aquaculture');
insert into Member_of values ( 133 , 926);
insert into Groups values ( 926 , 'Seafood, Aquaculture and Fisheries Ethics', 0);
insert into Member_of values ( 133 , 927);
insert into Groups values ( 927 , 'HACCP/GMP Discussion Group', 0);
insert into Employer values ( 966 , 'Fishways (U) Ltd');
insert into Experience values ( 133 , 966, '2010-04-01', '2014-12-15');
insert into Employer values ( 967 , 'Dhofar Fisheries Industries Company SOAG, Salalah, Oman');
insert into Experience values ( 133 , 967, '2007-02-01', '2010-03-03');
insert into Employer values ( 966 , 'Fishways (U) Ltd');
insert into Experience values ( 133 , 966, '2006-03-01', '2007-02-01');
insert into Employer values ( 968 , 'Amalgam');
insert into Experience values ( 133 , 968, '1999-09-01', '2003-10-04');

insert into User values ( 134 , 'Donnie' , 'Williams', 11, 0, 'Fishery');
insert into Employer values ( 969 , 'Taking time off');
insert into Experience values ( 134 , 969, '2011-03-01', '2014-12-10');

insert into User values ( 135 , 'sanoop' , 'ayadathil', 23, 0, 'Fishery');
insert into Education values ( 135 , 257 , 291 , 'bsc aquaculture', '2003 – 2006', '2003 – 2006');
insert into University values ( 257 , 'st alberts college');
insert into Education values ( 135 , 258 , 292 , 'fishing craft and gear technology', '2001 – 2003', '2001 – 2003');
insert into University values ( 258 , 'gvhss madappally');
insert into Has_skill values ( 135 , 336, 0);
insert into Skill values ( 336 , 'Microsoft Office');
insert into Has_skill values ( 135 , 341, 0);
insert into Skill values ( 341 , 'Microsoft Excel');
insert into Has_skill values ( 135 , 425, 0);
insert into Skill values ( 425 , 'Microsoft Word');
insert into Has_skill values ( 135 , 373, 0);
insert into Skill values ( 373 , 'PowerPoint');
insert into Has_skill values ( 135 , 431, 0);
insert into Skill values ( 431 , 'English');
insert into Has_skill values ( 135 , 521, 0);
insert into Skill values ( 521 , 'Windows');
insert into Has_skill values ( 135 , 316, 0);
insert into Skill values ( 316 , 'Research');
insert into Has_skill values ( 135 , 522, 0);
insert into Skill values ( 522 , 'Outlook');
insert into Has_skill values ( 135 , 426, 0);
insert into Skill values ( 426 , 'Teamwork');
insert into Employer values ( 970 , 'Atlantic Shrimpers Limited');
insert into Experience values ( 135 , 970, '2011-07-01', '2014-12-15');
insert into Employer values ( 971 , 'capithans exporting company');
insert into Experience values ( 135 , 971, '2010-11-01', '2011-07-09');
insert into Employer values ( 972 , 'mnco seafoods trading');
insert into Experience values ( 135 , 972, '2008-08-01', '2010-07-02');
insert into Employer values ( 971 , 'capithans exporting company');
insert into Experience values ( 135 , 971, '2006-08-01', '2008-08-02');

insert into User values ( 136 , 'Ricaurte' , 'Chaquio', 127, 0, 'Food & Beverages');
insert into Education values ( 136 , 259 , 202 , '', '1976 – 1980', '1976 – 1980');
insert into University values ( 259 , 'Universidad Tecnológica de Panamá');
insert into Education values ( 136 , 260 , 202 , '', '1973 – 1975', '1973 – 1975');
insert into University values ( 260 , 'Inst. FERMÏN NAUDEAU');
insert into Has_skill values ( 136 , 347, 0);
insert into Skill values ( 347 , 'Business Strategy');
insert into Has_skill values ( 136 , 495, 0);
insert into Skill values ( 495 , 'Marketing Strategy');
insert into Has_skill values ( 136 , 673, 0);
insert into Skill values ( 673 , 'New Business Development');
insert into Has_skill values ( 136 , 480, 0);
insert into Skill values ( 480 , 'Sales Management');
insert into Has_skill values ( 136 , 650, 0);
insert into Skill values ( 650 , 'Negotiation');
insert into Has_skill values ( 136 , 417, 0);
insert into Skill values ( 417 , 'Management');
insert into Has_skill values ( 136 , 466, 0);
insert into Skill values ( 466 , 'Sales');
insert into Has_skill values ( 136 , 901, 0);
insert into Skill values ( 901 , 'Coaching');
insert into Has_skill values ( 136 , 427, 0);
insert into Skill values ( 427 , 'Customer Service');
insert into Has_skill values ( 136 , 424, 0);
insert into Skill values ( 424 , 'Budgets');
insert into Has_skill values ( 136 , 383, 0);
insert into Skill values ( 383 , 'Business Analysis');
insert into Has_skill values ( 136 , 663, 0);
insert into Skill values ( 663 , 'Contract Negotiation');
insert into Has_skill values ( 136 , 381, 0);
insert into Skill values ( 381 , 'Strategic Planning');
insert into Has_skill values ( 136 , 430, 0);
insert into Skill values ( 430 , 'Team Leadership');
insert into Has_skill values ( 136 , 473, 0);
insert into Skill values ( 473 , 'Selling');
insert into Employer values ( 973 , 'MERCANTIL LIMITADA, S. A.');
insert into Experience values ( 136 , 973, '1990-02-01', '2014-12-24');
insert into Employer values ( 973 , 'MERCANTIL LIMITADA, S. A.');
insert into Experience values ( 136 , 973, '1990-02-01', '2014-12-24');
insert into Employer values ( 974 , 'CERVECERÍA NACIONAL - Panamá');
insert into Experience values ( 136 , 974, '1983-12-01', '1987-03-03');
insert into Employer values ( 975 , 'IRHE');
insert into Experience values ( 136 , 975, '1980-01-01', '1983-11-03');

insert into User values ( 137 , 'hazel' , 'Atieno', 14, 0, 'Food & Beverages');
insert into Education values ( 137 , 261 , 243 , 'MBA', '2012 – 2014', '2012 – 2014');
insert into University values ( 261 , 'United States International University');
insert into Education values ( 137 , 261 , 293 , 'Bachelor of Science (B.Sc.) International business Administration', '2008 – 2011', '2008 – 2011');
insert into University values ( 261 , 'United States International University');
insert into Employer values ( 976 , 'Sorona caterers');
insert into Experience values ( 137 , 976, '', '');

insert into User values ( 138 , 'Luke' , 'Huffstodt', 23, 0, 'Retail');
insert into Education values ( 138 , 262 , 214 , 'Bachelor of Science (BS)', '2008 – 2010', '2008 – 2010');
insert into University values ( 262 , 'Portland State University');
insert into Education values ( 138 , 263 , 202 , '', '2003 – 2005', '2003 – 2005');
insert into University values ( 263 , 'Boise State University');
insert into Education values ( 138 , 264 , 202 , '', '', '');
insert into University values ( 264 , 'The Evergreen State College');
insert into Education values ( 138 , 264 , 202 , '', '', '');
insert into University values ( 264 , 'The Evergreen State College');
insert into Has_skill values ( 138 , 673, 0);
insert into Skill values ( 673 , 'New Business Development');
insert into Has_skill values ( 138 , 492, 0);
insert into Skill values ( 492 , 'Product Marketing');
insert into Has_skill values ( 138 , 1195, 0);
insert into Skill values ( 1195 , 'Wholesale Purchasing');
insert into Has_skill values ( 138 , 469, 0);
insert into Skill values ( 469 , 'Sales Operations');
insert into Has_skill values ( 138 , 480, 0);
insert into Skill values ( 480 , 'Sales Management');
insert into Has_skill values ( 138 , 1196, 0);
insert into Skill values ( 1196 , 'Supply Chain...');
insert into Has_skill values ( 138 , 784, 0);
insert into Skill values ( 784 , 'Social Media Marketing');
insert into Has_skill values ( 138 , 774, 0);
insert into Skill values ( 774 , 'Consulting');
insert into Has_skill values ( 138 , 479, 0);
insert into Skill values ( 479 , 'Account Management');
insert into Has_skill values ( 138 , 1197, 0);
insert into Skill values ( 1197 , 'Purchase Management');
insert into Has_skill values ( 138 , 478, 0);
insert into Skill values ( 478 , 'Team Management');
insert into Has_skill values ( 138 , 1198, 0);
insert into Skill values ( 1198 , 'Proposal Writing');
insert into Has_skill values ( 138 , 1199, 0);
insert into Skill values ( 1199 , 'Retail Sales');
insert into Has_skill values ( 138 , 1200, 0);
insert into Skill values ( 1200 , 'Shipping & Receiving');
insert into Has_skill values ( 138 , 755, 0);
insert into Skill values ( 755 , 'Brand Development');
insert into Has_skill values ( 138 , 1201, 0);
insert into Skill values ( 1201 , 'Logo Design');
insert into Has_skill values ( 138 , 422, 0);
insert into Skill values ( 422 , 'Public Speaking');
insert into Has_skill values ( 138 , 1202, 0);
insert into Skill values ( 1202 , 'Report Writing');
insert into Has_skill values ( 138 , 1203, 0);
insert into Skill values ( 1203 , 'Geographic Information...');
insert into Knows_language values ( 138 , 503);
insert into Languages values ( 503 , 'Spanish');
insert into Employer values ( 977 , 'Cascadia Garden Supply');
insert into Experience values ( 138 , 977, '2012-08-01', '2014-12-15');
insert into Employer values ( 978 , 'Northwest Hydroponics Repair & Resale');
insert into Experience values ( 138 , 978, '2012-04-01', '2012-09-06');
insert into Employer values ( 979 , 'adidas');
insert into Experience values ( 138 , 979, '2008-01-01', '2008-06-06');
insert into Employer values ( 980 , 'US Forest Service');
insert into Experience values ( 138 , 980, '2006-05-01', '2007-10-01');
insert into Employer values ( 981 , 'Boise State University');
insert into Experience values ( 138 , 981, '2006-01-01', '2006-06-06');

insert into User values ( 139 , 'Dara' , 'Wong', 4, 0, '');

insert into User values ( 140 , 'Patrick' , 'Niau', 2, 0, 'Fishery');
insert into Employer values ( 982 , 'Sudamar Cia. Ltda');
insert into Experience values ( 140 , 982, '', '');

insert into User values ( 141 , 'Shane' , 'Shane', 2, 0, 'Fishery');
insert into Employer values ( 983 , 'Quay Marine Factory Pty Ltd');
insert into Experience values ( 141 , 983, '', '');

insert into User values ( 142 , 'MIRYAM' , 'Alvarez alvarez', 1, 0, 'Internet');
insert into Employer values ( 984 , 'jazztell');
insert into Experience values ( 142 , 984, '', '');

insert into User values ( 143 , 'abdulrashid' , 'mahmoud', 0, 0, 'Food & Beverages');
insert into Employer values ( 985 , 'samafal enterprises limited');
insert into Experience values ( 143 , 985, '', '');

insert into User values ( 144 , 'Thellisa' , 'Ibanez', 1, 0, '');

insert into User values ( 145 , 'Jc' , 'Urquía.G', 1, 0, 'Warehousing');
insert into Employer values ( 909 , 'Self-employed');
insert into Experience values ( 145 , 909, '', '');

insert into User values ( 146 , 'Zahan' , 'Dishes', 0, 0, 'Food & Beverages');
insert into Employer values ( 986 , 'Zahan Dishes');
insert into Experience values ( 146 , 986, '', '');

insert into User values ( 147 , 'jackie' , 'de barros', 3, 0, 'Fishery');
insert into Has_skill values ( 147 , 336, 0);
insert into Skill values ( 336 , 'Microsoft Office');
insert into Member_of values ( 147 , 928);
insert into Groups values ( 928 , 'Global Executive Assistants', 0);
insert into Employer values ( 987 , 'Starfishing Inc');
insert into Experience values ( 147 , 987, '', '');


insert into User values ( 148 , 'Juan' , 'Jonathan Alburqueque Martinez', 15, 0, 'Executive Office');
insert into Education values ( 148 , 265 , 294 , 'Bachiller en Administracion', '2009 – 2014', '2009 – 2014');
insert into University values ( 265 , 'Universidad Cesar Vallejo');
insert into Education values ( 148 , 266 , 295 , 'Computacion Informatica (Nivel Basico)', '2011 – 2012', '2011 – 2012');
insert into University values ( 266 , 'Universidad Cesar Vallejo CIS');
insert into Education values ( 148 , 265 , 296 , 'Computacion Informatica (Nivel Intermedio)', '2012 – 2013', '2012 – 2013');
insert into University values ( 265 , 'Universidad Cesar Vallejo');
insert into Education values ( 148 , 267 , 297 , 'Diplomado en Seguridad Integral', '2011 – 2012', '2011 – 2012');
insert into University values ( 267 , 'Universidad Nacional de Trujillo');
insert into Education values ( 148 , 267 , 298 , 'Diplomado en Seguridad Industrial', '2012 – 2013', '2012 – 2013');
insert into University values ( 267 , 'Universidad Nacional de Trujillo');
insert into Has_skill values ( 148 , 1204, 0);
insert into Skill values ( 1204 , 'Bombero Voluntario del...');
insert into Has_skill values ( 148 , 807, 0);
insert into Skill values ( 807 , 'Security');
insert into Has_skill values ( 148 , 1205, 0);
insert into Skill values ( 1205 , 'Risk Assessment');
insert into Has_skill values ( 148 , 1206, 0);
insert into Skill values ( 1206 , 'Surveillance');
insert into Has_skill values ( 148 , 1207, 0);
insert into Skill values ( 1207 , 'CCTV');
insert into Has_skill values ( 148 , 1208, 0);
insert into Skill values ( 1208 , 'Human Resources');
insert into Has_skill values ( 148 , 336, 0);
insert into Skill values ( 336 , 'Microsoft Office');
insert into Has_skill values ( 148 , 341, 0);
insert into Skill values ( 341 , 'Microsoft Excel');
insert into Has_skill values ( 148 , 417, 0);
insert into Skill values ( 417 , 'Management');
insert into Has_skill values ( 148 , 352, 0);
insert into Skill values ( 352 , 'Marketing');
insert into Has_skill values ( 148 , 423, 0);
insert into Skill values ( 423 , 'Leadership');
insert into Employer values ( 988 , 'PESQUERA EXALMAR S.A.A');
insert into Experience values ( 148 , 988, '2013-12-01', '2014-12-23');
insert into Employer values ( 989 , 'YOBEL SUPPLY CHAIN MANAGEMENT');
insert into Experience values ( 148 , 989, '2010-07-01', '2013-11-03');
insert into Employer values ( 989 , 'YOBEL SUPPLY CHAIN MANAGEMENT');
insert into Experience values ( 148 , 989, '2009-03-01', '2010-05-01');
insert into Employer values ( 990 , 'UNIVERSIDAD SAN IGNACIO DE LOYOLA');
insert into Experience values ( 148 , 990, '2008-09-01', '2009-02-06');

insert into User values ( 149 , 'Delia' , 'Delfina Benavides Cruz', 3, 0, 'Accounting');
insert into Employer values ( 991 , 'FACULTAD DE iNGENIERIA PESQUERA Y DE ALIMENTOS');
insert into Experience values ( 149 , 991, '', '');

insert into User values ( 150 , 'Gaby' , 'Surichaqui Condor', 8, 0, '');
insert into Has_skill values ( 150 , 336, 0);
insert into Skill values ( 336 , 'Microsoft Office');
insert into Has_skill values ( 150 , 341, 0);
insert into Skill values ( 341 , 'Microsoft Excel');
insert into Has_skill values ( 150 , 425, 0);
insert into Skill values ( 425 , 'Microsoft Word');
insert into Has_skill values ( 150 , 373, 0);
insert into Skill values ( 373 , 'PowerPoint');
insert into Has_skill values ( 150 , 431, 0);
insert into Skill values ( 431 , 'English');
insert into Has_skill values ( 150 , 521, 0);
insert into Skill values ( 521 , 'Windows');
insert into Has_skill values ( 150 , 316, 0);
insert into Skill values ( 316 , 'Research');
insert into Has_skill values ( 150 , 522, 0);
insert into Skill values ( 522 , 'Outlook');
insert into Employer values ( 992 , 'PESQUERA CENTINELA S.A.C.');
insert into Experience values ( 150 , 992, '', '');

insert into User values ( 151 , 'Joel' , 'Popi', 400, 0, 'Fishery');
insert into Education values ( 151 , 268 , 299 , 'Contador', '2003 – 2008', '2003 – 2008');
insert into University values ( 268 , 'Universidad Inca Garcilaso de la Vega');
insert into Member_of values ( 151 , 929);
insert into Groups values ( 929 , 'KOMATSU', 0);
insert into Employer values ( 993 , 'Andina de Desarrollo ANDESA S.A.C.');
insert into Experience values ( 151 , 993, '2013-09-01', '2014-12-15');
insert into Employer values ( 994 , 'Fibras Marinas SAC');
insert into Experience values ( 151 , 994, '2011-02-01', '2013-09-02');
insert into Employer values ( 995 , 'Industria de Fortificacion Minera SAC');
insert into Experience values ( 151 , 995, '2008-03-01', '2011-01-02');
insert into Employer values ( 996 , 'Cía Industrial NUEVO MUNDO');
insert into Experience values ( 151 , 996, '2006-03-01', '2008-02-02');

insert into User values ( 152 , 'aldo' , 'ordonez', 3, 0, 'Construction');
insert into Employer values ( 997 , 'Mega Builders corp.');
insert into Experience values ( 152 , 997, '2010-01-01', '');

insert into User values ( 153 , 'Jorge' , 'Tsuboyama Takano', 357, 0, 'Information Technology and Services');
insert into Has_skill values ( 153 , 1209, 0);
insert into Skill values ( 1209 , 'Pre-sales');
insert into Has_skill values ( 153 , 561, 0);
insert into Skill values ( 561 , 'Cloud Computing');
insert into Has_skill values ( 153 , 817, 0);
insert into Skill values ( 817 , 'Enterprise Software');
insert into Has_skill values ( 153 , 780, 0);
insert into Skill values ( 780 , 'Integration');
insert into Has_skill values ( 153 , 837, 0);
insert into Skill values ( 837 , 'Business Process');
insert into Has_skill values ( 153 , 377, 0);
insert into Skill values ( 377 , 'Product Management');
insert into Has_skill values ( 153 , 384, 0);
insert into Skill values ( 384 , 'Competitive Analysis');
insert into Has_skill values ( 153 , 353, 0);
insert into Skill values ( 353 , 'Project Management');
insert into Has_skill values ( 153 , 492, 0);
insert into Skill values ( 492 , 'Product Marketing');
insert into Has_skill values ( 153 , 347, 0);
insert into Skill values ( 347 , 'Business Strategy');
insert into Has_skill values ( 153 , 379, 0);
insert into Skill values ( 379 , 'Business Development');
insert into Has_skill values ( 153 , 464, 0);
insert into Skill values ( 464 , 'Business Intelligence');
insert into Has_skill values ( 153 , 801, 0);
insert into Skill values ( 801 , 'ERP');
insert into Has_skill values ( 153 , 673, 0);
insert into Skill values ( 673 , 'New Business Development');
insert into Has_skill values ( 153 , 1210, 0);
insert into Skill values ( 1210 , 'International Sales');
insert into Has_skill values ( 153 , 1024, 0);
insert into Skill values ( 1024 , 'Solution Selling');
insert into Has_skill values ( 153 , 430, 0);
insert into Skill values ( 430 , 'Team Leadership');
insert into Has_skill values ( 153 , 383, 0);
insert into Skill values ( 383 , 'Business Analysis');
insert into Has_skill values ( 153 , 490, 0);
insert into Skill values ( 490 , 'Sales Process');
insert into Has_skill values ( 153 , 480, 0);
insert into Skill values ( 480 , 'Sales Management');
insert into Has_skill values ( 153 , 1211, 0);
insert into Skill values ( 1211 , 'Channel Partners');
insert into Has_skill values ( 153 , 471, 0);
insert into Skill values ( 471 , 'CRM');
insert into Has_skill values ( 153 , 943, 0);
insert into Skill values ( 943 , 'Telecommunications');
insert into Has_skill values ( 153 , 466, 0);
insert into Skill values ( 466 , 'Sales');
insert into Has_skill values ( 153 , 481, 0);
insert into Skill values ( 481 , 'E-commerce');
insert into Has_skill values ( 153 , 565, 0);
insert into Skill values ( 565 , 'Software Project...');
insert into Has_skill values ( 153 , 479, 0);
insert into Skill values ( 479 , 'Account Management');
insert into Has_skill values ( 153 , 663, 0);
insert into Skill values ( 663 , 'Contract Negotiation');
insert into Has_skill values ( 153 , 381, 0);
insert into Skill values ( 381 , 'Strategic Planning');
insert into Has_skill values ( 153 , 826, 0);
insert into Skill values ( 826 , 'Business Process...');
insert into Has_skill values ( 153 , 385, 0);
insert into Skill values ( 385 , 'Management Consulting');
insert into Has_skill values ( 153 , 417, 0);
insert into Skill values ( 417 , 'Management');
insert into Has_skill values ( 153 , 494, 0);
insert into Skill values ( 494 , 'Strategy');
insert into Has_skill values ( 153 , 738, 0);
insert into Skill values ( 738 , 'SaaS');
insert into Has_skill values ( 153 , 376, 0);
insert into Skill values ( 376 , 'Program Management');
insert into Has_skill values ( 153 , 498, 0);
insert into Skill values ( 498 , 'Project Planning');
insert into Has_skill values ( 153 , 740, 0);
insert into Skill values ( 740 , 'Strategic Partnerships');
insert into Has_skill values ( 153 , 737, 0);
insert into Skill values ( 737 , 'Mobile Devices');
insert into Has_skill values ( 153 , 1212, 0);
insert into Skill values ( 1212 , 'Go-to-market Strategy');
insert into Has_skill values ( 153 , 378, 0);
insert into Skill values ( 378 , 'Cross-functional Team...');

insert into User values ( 154 , 'Magaly' , 'Nancy Salazar Córdova', 1, 0, 'Government Administration');
insert into Employer values ( 998 , 'dirección nacional de inteligencia');
insert into Experience values ( 154 , 998, '', '');

insert into User values ( 155 , 'Eleni' , 'Pavlou', 216, 0, 'Financial Services');
insert into Education values ( 155 , 269 , 266 , 'Master of Science (MS)', '2003 – 2004', '2003 – 2004');
insert into University values ( 269 , 'University of Strathclyde');
insert into Education values ( 155 , 270 , 214 , 'Bachelor of Science (BS)', '1998 – 2002', '1998 – 2002');
insert into University values ( 270 , 'Panepistimion Pireos');
insert into Member_of values ( 155 , 506);
insert into Groups values ( 506 , 'Harvard Business Review', 0);
insert into Member_of values ( 155 , 930);
insert into Groups values ( 930 , 'Customer Experience Management', 0);
insert into Knows_language values ( 155 , 501);
insert into Languages values ( 501 , 'English');
insert into Knows_language values ( 155 , 509);
insert into Languages values ( 509 , 'French');
insert into Knows_language values ( 155 , 531);
insert into Languages values ( 531 , 'Greek');
insert into Employer values ( 999 , 'Citi');
insert into Experience values ( 155 , 999, '2013-01-01', '2014-03-01');
insert into Employer values ( 999 , 'Citi');
insert into Experience values ( 155 , 999, '2008-02-01', '2014-03-11');
insert into Employer values ( 999 , 'Citi');
insert into Experience values ( 155 , 999, '2005-02-01', '2008-01-03');
insert into Employer values ( 1000 , 'BKR International');
insert into Experience values ( 155 , 1000, '2004-10-01', '2005-01-04');
insert into Employer values ( 1001 , 'Alpha Bank');
insert into Experience values ( 155 , 1001, '2002-11-01', '2003-08-10');
insert into Employer values ( 1002 , 'Isthmia Intermediate Brokerage Company');
insert into Experience values ( 155 , 1002, '1999-07-01', '1999-09-03');

insert into User values ( 156 , 'Panagiotis' , 'Leftheris', 500, 0, 'Banking');
insert into Education values ( 156 , 237 , 243 , 'MBA', '2004 – 2006', '2004 – 2006');
insert into University values ( 237 , 'The George Washington University');
insert into Education values ( 156 , 271 , 300 , 'Bachelor', 'September 1997 – September 2001', 'September 1997 – September 2001');
insert into University values ( 271 , 'University of Athens');
insert into Education values ( 156 , 272 , 301 , 'High School Degree', '', '');
insert into University values ( 272 , 'Lycee Leonin');
insert into Has_skill values ( 156 , 1213, 0);
insert into Skill values ( 1213 , 'Critical Thinking');
insert into Has_skill values ( 156 , 1214, 0);
insert into Skill values ( 1214 , 'Financial planning and...');
insert into Has_skill values ( 156 , 1215, 0);
insert into Skill values ( 1215 , 'Team Coordination');
insert into Has_skill values ( 156 , 713, 0);
insert into Skill values ( 713 , 'Banking');
insert into Has_skill values ( 156 , 1216, 0);
insert into Skill values ( 1216 , 'Credit Cards');
insert into Has_skill values ( 156 , 348, 0);
insert into Skill values ( 348 , 'Financial Analysis');
insert into Has_skill values ( 156 , 404, 0);
insert into Skill values ( 404 , 'Credit');
insert into Has_skill values ( 156 , 1217, 0);
insert into Skill values ( 1217 , 'Loans');
insert into Has_skill values ( 156 , 775, 0);
insert into Skill values ( 775 , 'Team Building');
insert into Has_skill values ( 156 , 592, 0);
insert into Skill values ( 592 , 'Financial Services');
insert into Has_skill values ( 156 , 399, 0);
insert into Skill values ( 399 , 'Portfolio Management');
insert into Has_skill values ( 156 , 1218, 0);
insert into Skill values ( 1218 , 'Mortgage Lending');
insert into Has_skill values ( 156 , 424, 0);
insert into Skill values ( 424 , 'Budgets');
insert into Has_skill values ( 156 , 383, 0);
insert into Skill values ( 383 , 'Business Analysis');
insert into Has_skill values ( 156 , 379, 0);
insert into Skill values ( 379 , 'Business Development');
insert into Has_skill values ( 156 , 494, 0);
insert into Skill values ( 494 , 'Strategy');
insert into Has_skill values ( 156 , 381, 0);
insert into Skill values ( 381 , 'Strategic Planning');
insert into Has_skill values ( 156 , 491, 0);
insert into Skill values ( 491 , 'Business Planning');
insert into Has_skill values ( 156 , 1219, 0);
insert into Skill values ( 1219 , 'Commercial Banking');
insert into Has_skill values ( 156 , 489, 0);
insert into Skill values ( 489 , 'Forecasting');
insert into Has_skill values ( 156 , 1220, 0);
insert into Skill values ( 1220 , 'Leasing');
insert into Has_skill values ( 156 , 417, 0);
insert into Skill values ( 417 , 'Management');
insert into Has_skill values ( 156 , 477, 0);
insert into Skill values ( 477 , 'Market Research');
insert into Has_skill values ( 156 , 403, 0);
insert into Skill values ( 403 , 'Analysis');
insert into Has_skill values ( 156 , 585, 0);
insert into Skill values ( 585 , 'Financial Risk');
insert into Has_skill values ( 156 , 355, 0);
insert into Skill values ( 355 , 'Credit Risk');
insert into Has_skill values ( 156 , 346, 0);
insert into Skill values ( 346 , 'Financial Modeling');
insert into Has_skill values ( 156 , 353, 0);
insert into Skill values ( 353 , 'Project Management');
insert into Has_skill values ( 156 , 347, 0);
insert into Skill values ( 347 , 'Business Strategy');
insert into Has_skill values ( 156 , 369, 0);
insert into Skill values ( 369 , 'Mergers & Acquisitions');
insert into Has_skill values ( 156 , 382, 0);
insert into Skill values ( 382 , 'Product Development');
insert into Has_skill values ( 156 , 398, 0);
insert into Skill values ( 398 , 'Finance');
insert into Has_skill values ( 156 , 1221, 0);
insert into Skill values ( 1221 , 'Credit Analysis');
insert into Has_skill values ( 156 , 370, 0);
insert into Skill values ( 370 , 'Corporate Finance');
insert into Has_skill values ( 156 , 1222, 0);
insert into Skill values ( 1222 , 'Retail Banking');
insert into Has_skill values ( 156 , 475, 0);
insert into Skill values ( 475 , 'Market Analysis');
insert into Has_skill values ( 156 , 349, 0);
insert into Skill values ( 349 , 'Valuation');
insert into Has_skill values ( 156 , 344, 0);
insert into Skill values ( 344 , 'Capital Markets');
insert into Has_skill values ( 156 , 1223, 0);
insert into Skill values ( 1223 , 'Operational Risk');
insert into Has_skill values ( 156 , 387, 0);
insert into Skill values ( 387 , 'Risk Management');
insert into Has_skill values ( 156 , 1224, 0);
insert into Skill values ( 1224 , 'Internet Banking');
insert into Has_skill values ( 156 , 363, 0);
insert into Skill values ( 363 , 'Investment Banking');
insert into Has_skill values ( 156 , 388, 0);
insert into Skill values ( 388 , 'Investments');
insert into Has_skill values ( 156 , 464, 0);
insert into Skill values ( 464 , 'Business Intelligence');
insert into Has_skill values ( 156 , 358, 0);
insert into Skill values ( 358 , 'Trading');
insert into Has_skill values ( 156 , 1053, 0);
insert into Skill values ( 1053 , 'Relationship Management');
insert into Has_skill values ( 156 , 360, 0);
insert into Skill values ( 360 , 'Financial Markets');
insert into Has_skill values ( 156 , 366, 0);
insert into Skill values ( 366 , 'Restructuring');
insert into Has_skill values ( 156 , 1225, 0);
insert into Skill values ( 1225 , 'Payments');
insert into Member_of values ( 156 , 931);
insert into Groups values ( 931 , 'The George Washington Alumni Association', 0);
insert into Member_of values ( 156 , 660);
insert into Groups values ( 660 , 'mPOS World', 0);
insert into Member_of values ( 156 , 932);
insert into Groups values ( 932 , 'Citi EMEA Network', 0);
insert into Member_of values ( 156 , 933);
insert into Groups values ( 933 , 'The George Washington University School of Business', 0);
insert into Member_of values ( 156 , 934);
insert into Groups values ( 934 , 'Solution Resources For Talented Bankers', 0);
insert into Member_of values ( 156 , 935);
insert into Groups values ( 935 , 'Citi Alumni', 0);
insert into Member_of values ( 156 , 936);
insert into Groups values ( 936 , 'Bancpost SA', 0);
insert into Member_of values ( 156 , 937);
insert into Groups values ( 937 , 'Merchant Payments Ecosystem', 0);
insert into Knows_language values ( 156 , 501);
insert into Languages values ( 501 , 'English');
insert into Knows_language values ( 156 , 509);
insert into Languages values ( 509 , 'French');
insert into Knows_language values ( 156 , 503);
insert into Languages values ( 503 , 'Spanish');
insert into Employer values ( 1003 , 'Hellenic Financial Stability Fund');
insert into Experience values ( 156 , 1003, '2014-07-01', '2014-12-15');
insert into Employer values ( 1004 , 'Eurobank (GRE)');
insert into Experience values ( 156 , 1004, '2013-09-01', '2014-06-10');
insert into Employer values ( 1004 , 'Eurobank (GRE)');
insert into Experience values ( 156 , 1004, '2010-01-01', '2013-08-03');
insert into Employer values ( 999 , 'Citi');
insert into Experience values ( 156 , 999, '2009-01-01', '2009-12-01');
insert into Employer values ( 999 , 'Citi');
insert into Experience values ( 156 , 999, '2007-02-01', '2009-01-02');
insert into Employer values ( 999 , 'Citi');
insert into Experience values ( 156 , 999, '2006-09-01', '2007-02-06');
insert into Employer values ( 1005 , 'Fannie Mae');
insert into Experience values ( 156 , 1005, '2005-05-01', '2006-07-01');
insert into Employer values ( 1006 , 'Greek Air Force');
insert into Experience values ( 156 , 1006, '2002-09-01', '2003-12-01');
insert into Employer values ( 1007 , 'Geniki Bank');
insert into Experience values ( 156 , 1007, '2001-09-01', '2002-08-01');
insert into Employer values ( 1008 , 'Prestige SA');
insert into Experience values ( 156 , 1008, '2000-10-01', '2001-09-01');
insert into Employer values ( 1009 , 'Innovation SA');
insert into Experience values ( 156 , 1009, '1999-05-01', '2000-08-01');

insert into User values ( 157 , 'Markos' , 'Leonardos', 393, 0, 'Banking');
insert into Has_skill values ( 157 , 370, 0);
insert into Skill values ( 370 , 'Corporate Finance');
insert into Has_skill values ( 157 , 714, 0);
insert into Skill values ( 714 , 'Project Finance');
insert into Has_skill values ( 157 , 366, 0);
insert into Skill values ( 366 , 'Restructuring');
insert into Has_skill values ( 157 , 713, 0);
insert into Skill values ( 713 , 'Banking');
insert into Has_skill values ( 157 , 1226, 0);
insert into Skill values ( 1226 , 'Debt Restructuring');
insert into Has_skill values ( 157 , 344, 0);
insert into Skill values ( 344 , 'Capital Markets');
insert into Has_skill values ( 157 , 1219, 0);
insert into Skill values ( 1219 , 'Commercial Banking');
insert into Has_skill values ( 157 , 355, 0);
insert into Skill values ( 355 , 'Credit Risk');
insert into Has_skill values ( 157 , 404, 0);
insert into Skill values ( 404 , 'Credit');
insert into Has_skill values ( 157 , 1227, 0);
insert into Skill values ( 1227 , 'Strategic Financial...');
insert into Has_skill values ( 157 , 585, 0);
insert into Skill values ( 585 , 'Financial Risk');
insert into Has_skill values ( 157 , 348, 0);
insert into Skill values ( 348 , 'Financial Analysis');
insert into Has_skill values ( 157 , 1217, 0);
insert into Skill values ( 1217 , 'Loans');
insert into Has_skill values ( 157 , 1221, 0);
insert into Skill values ( 1221 , 'Credit Analysis');
insert into Has_skill values ( 157 , 1228, 0);
insert into Skill values ( 1228 , 'Trade Finance');
insert into Has_skill values ( 157 , 398, 0);
insert into Skill values ( 398 , 'Finance');
insert into Has_skill values ( 157 , 1222, 0);
insert into Skill values ( 1222 , 'Retail Banking');
insert into Has_skill values ( 157 , 1053, 0);
insert into Skill values ( 1053 , 'Relationship Management');
insert into Has_skill values ( 157 , 360, 0);
insert into Skill values ( 360 , 'Financial Markets');
insert into Has_skill values ( 157 , 363, 0);
insert into Skill values ( 363 , 'Investment Banking');
insert into Has_skill values ( 157 , 399, 0);
insert into Skill values ( 399 , 'Portfolio Management');
insert into Has_skill values ( 157 , 1229, 0);
insert into Skill values ( 1229 , 'Financial Planning');
insert into Knows_language values ( 157 , 531);
insert into Languages values ( 531 , 'Greek');
insert into Knows_language values ( 157 , 501);
insert into Languages values ( 501 , 'English');
insert into Knows_language values ( 157 , 532);
insert into Languages values ( 532 , 'Italian');
insert into Knows_language values ( 157 , 509);
insert into Languages values ( 509 , 'French');

insert into User values ( 158 , 'Vassilis' , 'Gioulbaxiotis', 500, 0, 'Banking');
insert into Education values ( 158 , 273 , 202 , '', '2012 – 2012', '2012 – 2012');
insert into University values ( 273 , 'London Financial Studies _ GS Seminar');
insert into Education values ( 158 , 274 , 202 , '', '1996 – 1997', '1996 – 1997');
insert into University values ( 274 , 'Nottingham University Business School');
insert into Education values ( 158 , 275 , 202 , '', '1995 – 1996', '1995 – 1996');
insert into University values ( 275 , 'University of Southampton');
insert into Education values ( 158 , 276 , 202 , '', '1991 – 1995', '1991 – 1995');
insert into University values ( 276 , 'Athens University of Economics and Business');
insert into Has_skill values ( 158 , 713, 0);
insert into Skill values ( 713 , 'Banking');
insert into Has_skill values ( 158 , 363, 0);
insert into Skill values ( 363 , 'Investment Banking');
insert into Has_skill values ( 158 , 1230, 0);
insert into Skill values ( 1230 , 'Treasury');
insert into Has_skill values ( 158 , 1210, 0);
insert into Skill values ( 1210 , 'International Sales');
insert into Has_skill values ( 158 , 344, 0);
insert into Skill values ( 344 , 'Capital Markets');
insert into Has_skill values ( 158 , 370, 0);
insert into Skill values ( 370 , 'Corporate Finance');
insert into Has_skill values ( 158 , 386, 0);
insert into Skill values ( 386 , 'Mergers');
insert into Has_skill values ( 158 , 650, 0);
insert into Skill values ( 650 , 'Negotiation');
insert into Has_skill values ( 158 , 1058, 0);
insert into Skill values ( 1058 , 'Cross Selling');
insert into Has_skill values ( 158 , 417, 0);
insert into Skill values ( 417 , 'Management');
insert into Has_skill values ( 158 , 407, 0);
insert into Skill values ( 407 , 'Asset Managment');
insert into Has_skill values ( 158 , 1231, 0);
insert into Skill values ( 1231 , 'ALM');
insert into Has_skill values ( 158 , 347, 0);
insert into Skill values ( 347 , 'Business Strategy');
insert into Has_skill values ( 158 , 348, 0);
insert into Skill values ( 348 , 'Financial Analysis');
insert into Has_skill values ( 158 , 572, 0);
insert into Skill values ( 572 , 'FX Options');
insert into Has_skill values ( 158 , 1232, 0);
insert into Skill values ( 1232 , 'Interest Rate...');
insert into Has_skill values ( 158 , 594, 0);
insert into Skill values ( 594 , 'Commodity Markets');
insert into Has_skill values ( 158 , 355, 0);
insert into Skill values ( 355 , 'Credit Risk');
insert into Has_skill values ( 158 , 1053, 0);
insert into Skill values ( 1053 , 'Relationship Management');
insert into Has_skill values ( 158 , 591, 0);
insert into Skill values ( 591 , 'Emerging Markets');
insert into Has_skill values ( 158 , 1221, 0);
insert into Skill values ( 1221 , 'Credit Analysis');
insert into Has_skill values ( 158 , 354, 0);
insert into Skill values ( 354 , 'Derivatives');
insert into Has_skill values ( 158 , 1233, 0);
insert into Skill values ( 1233 , 'Market Risk');
insert into Has_skill values ( 158 , 1219, 0);
insert into Skill values ( 1219 , 'Commercial Banking');
insert into Has_skill values ( 158 , 360, 0);
insert into Skill values ( 360 , 'Financial Markets');
insert into Has_skill values ( 158 , 1234, 0);
insert into Skill values ( 1234 , 'Private Banking');
insert into Has_skill values ( 158 , 399, 0);
insert into Skill values ( 399 , 'Portfolio Management');
insert into Has_skill values ( 158 , 404, 0);
insert into Skill values ( 404 , 'Credit');
insert into Has_skill values ( 158 , 1222, 0);
insert into Skill values ( 1222 , 'Retail Banking');
insert into Has_skill values ( 158 , 1224, 0);
insert into Skill values ( 1224 , 'Internet Banking');
insert into Has_skill values ( 158 , 585, 0);
insert into Skill values ( 585 , 'Financial Risk');
insert into Has_skill values ( 158 , 598, 0);
insert into Skill values ( 598 , 'Financial Structuring');
insert into Has_skill values ( 158 , 387, 0);
insert into Skill values ( 387 , 'Risk Management');
insert into Has_skill values ( 158 , 349, 0);
insert into Skill values ( 349 , 'Valuation');
insert into Has_skill values ( 158 , 1217, 0);
insert into Skill values ( 1217 , 'Loans');
insert into Has_skill values ( 158 , 398, 0);
insert into Skill values ( 398 , 'Finance');
insert into Has_skill values ( 158 , 1228, 0);
insert into Skill values ( 1228 , 'Trade Finance');
insert into Has_skill values ( 158 , 1223, 0);
insert into Skill values ( 1223 , 'Operational Risk');
insert into Has_skill values ( 158 , 491, 0);
insert into Skill values ( 491 , 'Business Planning');
insert into Has_skill values ( 158 , 587, 0);
insert into Skill values ( 587 , 'Foreign Exchange');
insert into Has_skill values ( 158 , 1235, 0);
insert into Skill values ( 1235 , 'Treasury Management');
insert into Has_skill values ( 158 , 1236, 0);
insert into Skill values ( 1236 , 'Money Market');
insert into Has_skill values ( 158 , 369, 0);
insert into Skill values ( 369 , 'Mergers & Acquisitions');
insert into Has_skill values ( 158 , 1237, 0);
insert into Skill values ( 1237 , 'Basel II');
insert into Has_skill values ( 158 , 567, 0);
insert into Skill values ( 567 , 'Asset Management');
insert into Has_skill values ( 158 , 506, 0);
insert into Skill values ( 506 , 'Core Banking');
insert into Has_skill values ( 158 , 1238, 0);
insert into Skill values ( 1238 , 'Cash Management');
insert into Knows_language values ( 158 , 501);
insert into Languages values ( 501 , 'English');
insert into Knows_language values ( 158 , 531);
insert into Languages values ( 531 , 'Greek');
insert into Knows_language values ( 158 , 532);
insert into Languages values ( 532 , 'Italian');
insert into Employer values ( 1010 , 'Eurobank Ergasias S.A.');
insert into Experience values ( 158 , 1010, '2014-04-01', '2014-12-15');
insert into Employer values ( 1010 , 'Eurobank Ergasias S.A.');
insert into Experience values ( 158 , 1010, '2008-06-01', '2014-12-15');
insert into Employer values ( 1011 , 'HSBC Bank');
insert into Experience values ( 158 , 1011, '2005-10-01', '2008-06-02');
insert into Employer values ( 1010 , 'Eurobank Ergasias S.A.');
insert into Experience values ( 158 , 1010, '2003-10-01', '2005-10-02');
insert into Employer values ( 1012 , 'ABN AMRO Bank');
insert into Experience values ( 158 , 1012, '2001-04-01', '2003-10-02');
insert into Employer values ( 1013 , 'Euroholdings Capital & Investment Corp.');
insert into Experience values ( 158 , 1013, '1999-04-01', '2001-04-02');

insert into User values ( 159 , 'Ioannis' , 'Seimenis', 475, 0, 'Banking');
insert into Education values ( 159 , 276 , 302 , 'Master of Arts (MA)', '1987 – 1989', '1987 – 1989');
insert into University values ( 276 , 'Athens University of Economics and Business');
insert into Education values ( 159 , 276 , 201 , 'Bachelors degree', '1982 – 1987', '1982 – 1987');
insert into University values ( 276 , 'Athens University of Economics and Business');
insert into Has_skill values ( 159 , 354, 0);
insert into Skill values ( 354 , 'Derivatives');
insert into Has_skill values ( 159 , 598, 0);
insert into Skill values ( 598 , 'Financial Structuring');
insert into Has_skill values ( 159 , 1239, 0);
insert into Skill values ( 1239 , 'Hedging');
insert into Has_skill values ( 159 , 572, 0);
insert into Skill values ( 572 , 'FX Options');
insert into Has_skill values ( 159 , 358, 0);
insert into Skill values ( 358 , 'Trading');
insert into Has_skill values ( 159 , 585, 0);
insert into Skill values ( 585 , 'Financial Risk');
insert into Has_skill values ( 159 , 355, 0);
insert into Skill values ( 355 , 'Credit Risk');
insert into Has_skill values ( 159 , 360, 0);
insert into Skill values ( 360 , 'Financial Markets');
insert into Has_skill values ( 159 , 405, 0);
insert into Skill values ( 405 , 'Commodity');
insert into Has_skill values ( 159 , 388, 0);
insert into Skill values ( 388 , 'Investments');
insert into Has_skill values ( 159 , 1240, 0);
insert into Skill values ( 1240 , 'Derivatives Trading');
insert into Has_skill values ( 159 , 713, 0);
insert into Skill values ( 713 , 'Banking');
insert into Has_skill values ( 159 , 344, 0);
insert into Skill values ( 344 , 'Capital Markets');
insert into Has_skill values ( 159 , 466, 0);
insert into Skill values ( 466 , 'Sales');
insert into Member_of values ( 159 , 938);
insert into Groups values ( 938 , 'Financial Risk Management Network', 0);
insert into Member_of values ( 159 , 939);
insert into Groups values ( 939 , 'Ducati "Ducatisti"', 0);
insert into Member_of values ( 159 , 940);
insert into Groups values ( 940 , 'Risk, Regulation & Reporting', 0);
insert into Member_of values ( 159 , 941);
insert into Groups values ( 941 , 'Friends of Greece Community', 0);
insert into Member_of values ( 159 , 942);
insert into Groups values ( 942 , 'Macroeconomic Research', 0);
insert into Member_of values ( 159 , 943);
insert into Groups values ( 943 , 'Greek Finance Professionals: Private Banking, Venture Capital, Private Equity, Investment Bankers', 0);
insert into Member_of values ( 159 , 944);
insert into Groups values ( 944 , 'Ludwig Von Mises Group', 0);
insert into Member_of values ( 159 , 945);
insert into Groups values ( 945 , 'Eurobank personnel (worldwide) - unofficial', 0);
insert into Member_of values ( 159 , 946);
insert into Groups values ( 946 , 'Big Four Accounting Consulting - Deloitte, Ernst & Young, KPMG, PwC, Accenture, Capgemini (Big4.com)', 0);
insert into Member_of values ( 159 , 947);
insert into Groups values ( 947 , 'Ex- ANZ Grindlays Employees', 0);
insert into Member_of values ( 159 , 948);
insert into Groups values ( 948 , 'Ducati owners', 0);
insert into Member_of values ( 159 , 949);
insert into Groups values ( 949 , 'Bank Treasury and Financial Risk Management', 0);
insert into Member_of values ( 159 , 950);
insert into Groups values ( 950 , 'FINANCE CLUB GREECE', 0);
insert into Member_of values ( 159 , 951);
insert into Groups values ( 951 , 'Ducati Owners & Enthusiasts', 0);
insert into Member_of values ( 159 , 952);
insert into Groups values ( 952 , 'Banking in Greece', 0);
insert into Member_of values ( 159 , 953);
insert into Groups values ( 953 , 'FX Options', 0);
insert into Member_of values ( 159 , 954);
insert into Groups values ( 954 , 'GREECE - Import, Export, Trading', 0);
insert into Member_of values ( 159 , 955);
insert into Groups values ( 955 , 'Athens University of Economics and Business Students and Alumni group', 0);
insert into Member_of values ( 159 , 956);
insert into Groups values ( 956 , 'Business Networks on International Trade', 0);
insert into Member_of values ( 159 , 957);
insert into Groups values ( 957 , 'Greece', 0);
insert into Member_of values ( 159 , 958);
insert into Groups values ( 958 , 'Corporate FX Sales & Banking Network', 0);
insert into Member_of values ( 159 , 959);
insert into Groups values ( 959 , 'Awesome Mountain Biking', 0);
insert into Knows_language values ( 159 , 501);
insert into Languages values ( 501 , 'English');
insert into Knows_language values ( 159 , 531);
insert into Languages values ( 531 , 'Greek');
insert into Employer values ( 1010 , 'Eurobank Ergasias S.A.');
insert into Experience values ( 159 , 1010, '1999-06-01', '2014-12-15');
insert into Employer values ( 1014 , 'Societe Generale');
insert into Experience values ( 159 , 1014, '1996-01-01', '');
insert into Employer values ( 1015 , 'ANZ Grindlays Bank');
insert into Experience values ( 159 , 1015, '1994-01-01', '');
insert into Employer values ( 1015 , 'ANZ Grindlays Bank');
insert into Experience values ( 159 , 1015, '1991-01-01', '');

insert into User values ( 160 , 'Anna' , 'Moulopoulou', 264, 0, 'Banking');
insert into Education values ( 160 , 276 , 266 , 'Master of Science (MS)', '2011 – 2013', '2011 – 2013');
insert into University values ( 276 , 'Athens University of Economics and Business');
insert into Education values ( 160 , 277 , 201 , 'Bachelors degree', '1999 – 2003', '1999 – 2003');
insert into University values ( 277 , 'Ethnikon kai Kapodistriakon Panepistimion Athinon');
insert into Education values ( 160 , 278 , 303 , 'High School diploma', '', '');
insert into University values ( 278 , '4th High School of Ilioupolis');
insert into Has_skill values ( 160 , 344, 0);
insert into Skill values ( 344 , 'Capital Markets');
insert into Has_skill values ( 160 , 713, 0);
insert into Skill values ( 713 , 'Banking');
insert into Has_skill values ( 160 , 1230, 0);
insert into Skill values ( 1230 , 'Treasury');
insert into Has_skill values ( 160 , 1217, 0);
insert into Skill values ( 1217 , 'Loans');
insert into Has_skill values ( 160 , 404, 0);
insert into Skill values ( 404 , 'Credit');
insert into Has_skill values ( 160 , 1221, 0);
insert into Skill values ( 1221 , 'Credit Analysis');
insert into Has_skill values ( 160 , 355, 0);
insert into Skill values ( 355 , 'Credit Risk');
insert into Has_skill values ( 160 , 1219, 0);
insert into Skill values ( 1219 , 'Commercial Banking');
insert into Has_skill values ( 160 , 1238, 0);
insert into Skill values ( 1238 , 'Cash Management');
insert into Has_skill values ( 160 , 1222, 0);
insert into Skill values ( 1222 , 'Retail Banking');
insert into Has_skill values ( 160 , 370, 0);
insert into Skill values ( 370 , 'Corporate Finance');
insert into Has_skill values ( 160 , 348, 0);
insert into Skill values ( 348 , 'Financial Analysis');
insert into Has_skill values ( 160 , 398, 0);
insert into Skill values ( 398 , 'Finance');
insert into Has_skill values ( 160 , 399, 0);
insert into Skill values ( 399 , 'Portfolio Management');
insert into Has_skill values ( 160 , 363, 0);
insert into Skill values ( 363 , 'Investment Banking');
insert into Member_of values ( 160 , 960);
insert into Groups values ( 960 , 'Finance Club', 0);
insert into Member_of values ( 160 , 961);
insert into Groups values ( 961 , 'Treasury Job Opportunities', 0);
insert into Member_of values ( 160 , 962);
insert into Groups values ( 962 , 'Treasury Management Network', 0);
insert into Member_of values ( 160 , 963);
insert into Groups values ( 963 , 'Banking Careers: UK', 0);
insert into Member_of values ( 160 , 446);
insert into Groups values ( 446 , 'Banking Careers', 0);
insert into Member_of values ( 160 , 964);
insert into Groups values ( 964 , 'Global Jobs Network', 0);
insert into Member_of values ( 160 , 965);
insert into Groups values ( 965 , 'Greek professionals in Shipping, Maritime Management and logistics.', 0);
insert into Member_of values ( 160 , 966);
insert into Groups values ( 966 , 'Accounting and Finance Jobs and Career Network', 0);
insert into Knows_language values ( 160 , 501);
insert into Languages values ( 501 , 'English');
insert into Knows_language values ( 160 , 509);
insert into Languages values ( 509 , 'French');
insert into Employer values ( 1001 , 'Alpha Bank');
insert into Experience values ( 160 , 1001, '2013-06-01', '2014-12-15');
insert into Employer values ( 1016 , 'Emporiki Bank Athens Credit Agricole Group');
insert into Experience values ( 160 , 1016, '2008-04-01', '2013-06-05');
insert into Employer values ( 999 , 'Citi');
insert into Experience values ( 160 , 999, '2007-04-01', '2008-04-01');
insert into Employer values ( 1017 , 'Opad');
insert into Experience values ( 160 , 1017, '2002-01-01', '');
insert into Employer values ( 1018 , 'Nova Bank');
insert into Experience values ( 160 , 1018, '2000-01-01', '');

insert into User values ( 161 , 'Thanasis' , 'Panagiotou, CFA', 232, 0, 'Banking');
insert into Education values ( 161 , 275 , 268 , 'Master of Science', '2003 – 2004', '2003 – 2004');
insert into University values ( 275 , 'University of Southampton');
insert into Education values ( 161 , 276 , 304 , 'Bachelor of Science', '1999 – 2003', '1999 – 2003');
insert into University values ( 276 , 'Athens University of Economics and Business');
insert into Has_skill values ( 161 , 354, 0);
insert into Skill values ( 354 , 'Derivatives');
insert into Has_skill values ( 161 , 358, 0);
insert into Skill values ( 358 , 'Trading');
insert into Has_skill values ( 161 , 1241, 0);
insert into Skill values ( 1241 , 'Structuring');
insert into Has_skill values ( 161 , 593, 0);
insert into Skill values ( 593 , 'Bonds');
insert into Has_skill values ( 161 , 345, 0);
insert into Skill values ( 345 , 'Bloomberg');
insert into Has_skill values ( 161 , 1242, 0);
insert into Skill values ( 1242 , 'Reuters');
insert into Has_skill values ( 161 , 1243, 0);
insert into Skill values ( 1243 , 'Kondor');
insert into Has_skill values ( 161 , 1244, 0);
insert into Skill values ( 1244 , 'CFA');
insert into Has_skill values ( 161 , 1236, 0);
insert into Skill values ( 1236 , 'Money Market');
insert into Has_skill values ( 161 , 1245, 0);
insert into Skill values ( 1245 , 'Liquidity Management');
insert into Has_skill values ( 161 , 1246, 0);
insert into Skill values ( 1246 , 'Interest Rate Swaps');
insert into Member_of values ( 161 , 967);
insert into Groups values ( 967 , 'Maritime Cyprus ⚓', 0);
insert into Member_of values ( 161 , 968);
insert into Groups values ( 968 , 'Treasury Technology Network', 0);
insert into Member_of values ( 161 , 969);
insert into Groups values ( 969 , 'AnalystForum.com for CFA charterholders & candidates', 0);
insert into Member_of values ( 161 , 970);
insert into Groups values ( 970 , 'Great Place to Work® Hellas', 0);
insert into Member_of values ( 161 , 971);
insert into Groups values ( 971 , 'Fixed Income Asset Management', 0);
insert into Member_of values ( 161 , 972);
insert into Groups values ( 972 , 'Treasury Technology: Bloomberg', 0);
insert into Member_of values ( 161 , 973);
insert into Groups values ( 973 , 'Fixed Income Traders', 0);
insert into Member_of values ( 161 , 446);
insert into Groups values ( 446 , 'Banking Careers', 0);
insert into Member_of values ( 161 , 974);
insert into Groups values ( 974 , 'Hellenic CFA Society', 0);
insert into Member_of values ( 161 , 975);
insert into Groups values ( 975 , 'CFA Institute Members', 0);
insert into Member_of values ( 161 , 976);
insert into Groups values ( 976 , 'Treasury / Finance Careers', 0);
insert into Member_of values ( 161 , 977);
insert into Groups values ( 977 , 'Chartered Financial Analyst® (CFA®) Professional Network', 0);
insert into Member_of values ( 161 , 573);
insert into Groups values ( 573 , 'Family Offices Group | #1 Family Office Association for Single & Multi-Family Offices', 0);
insert into Member_of values ( 161 , 978);
insert into Groups values ( 978 , 'Foreign Exchange and Currency Markets', 0);
insert into Member_of values ( 161 , 979);
insert into Groups values ( 979 , 'European Family Office Network', 0);
insert into Member_of values ( 161 , 980);
insert into Groups values ( 980 , 'FX Traders - Foreign Exchange and Currency Markets', 0);
insert into Member_of values ( 161 , 961);
insert into Groups values ( 961 , 'Treasury Job Opportunities', 0);
insert into Member_of values ( 161 , 952);
insert into Groups values ( 952 , 'Banking in Greece', 0);
insert into Member_of values ( 161 , 981);
insert into Groups values ( 981 , '360T Network for Corporate Treasuries', 0);
insert into Knows_language values ( 161 , 501);
insert into Languages values ( 501 , 'English');
insert into Knows_language values ( 161 , 531);
insert into Languages values ( 531 , 'Greek');
insert into Knows_language values ( 161 , 512);
insert into Languages values ( 512 , 'German');
insert into Knows_language values ( 161 , 509);
insert into Languages values ( 509 , 'French');
insert into Employer values ( 1001 , 'Alpha Bank');
insert into Experience values ( 161 , 1001, '2011-12-01', '2014-12-15');
insert into Employer values ( 1019 , 'PROTON BANK');
insert into Experience values ( 161 , 1019, '2011-05-01', '2011-11-07');
insert into Employer values ( 1001 , 'Alpha Bank');
insert into Experience values ( 161 , 1001, '2009-11-01', '2011-05-01');
insert into Employer values ( 1001 , 'Alpha Bank');
insert into Experience values ( 161 , 1001, '2006-08-01', '2009-11-03');

insert into User values ( 162 , 'Evangelos' , 'P. Kalamakis', 500, 0, 'Financial Services');
insert into Education values ( 162 , 150 , 251 , 'BA', '1989 – 1993', '1989 – 1993');
insert into University values ( 150 , 'University of Pennsylvania');
insert into Education values ( 162 , 185 , 305 , 'BSc', '1989 – 1993', '1989 – 1993');
insert into University values ( 185 , 'University of Pennsylvania - The Wharton School');
insert into Education values ( 162 , 279 , 306 , 'High School Diploma', '1981 – 1989', '1981 – 1989');
insert into University values ( 279 , 'Athens College');
insert into Has_skill values ( 162 , 370, 0);
insert into Skill values ( 370 , 'Corporate Finance');
insert into Has_skill values ( 162 , 386, 0);
insert into Skill values ( 386 , 'Mergers');
insert into Has_skill values ( 162 , 387, 0);
insert into Skill values ( 387 , 'Risk Management');
insert into Has_skill values ( 162 , 1238, 0);
insert into Skill values ( 1238 , 'Cash Management');
insert into Has_skill values ( 162 , 1219, 0);
insert into Skill values ( 1219 , 'Commercial Banking');
insert into Has_skill values ( 162 , 1235, 0);
insert into Skill values ( 1235 , 'Treasury Management');
insert into Has_skill values ( 162 , 1247, 0);
insert into Skill values ( 1247 , 'Credit Evaluation');
insert into Has_skill values ( 162 , 713, 0);
insert into Skill values ( 713 , 'Banking');
insert into Has_skill values ( 162 , 344, 0);
insert into Skill values ( 344 , 'Capital Markets');
insert into Has_skill values ( 162 , 398, 0);
insert into Skill values ( 398 , 'Finance');
insert into Has_skill values ( 162 , 356, 0);
insert into Skill values ( 356 , 'Equities');
insert into Has_skill values ( 162 , 374, 0);
insert into Skill values ( 374 , 'Economics');
insert into Has_skill values ( 162 , 404, 0);
insert into Skill values ( 404 , 'Credit');
insert into Has_skill values ( 162 , 366, 0);
insert into Skill values ( 366 , 'Restructuring');
insert into Has_skill values ( 162 , 399, 0);
insert into Skill values ( 399 , 'Portfolio Management');
insert into Has_skill values ( 162 , 348, 0);
insert into Skill values ( 348 , 'Financial Analysis');
insert into Has_skill values ( 162 , 360, 0);
insert into Skill values ( 360 , 'Financial Markets');
insert into Has_skill values ( 162 , 1221, 0);
insert into Skill values ( 1221 , 'Credit Analysis');
insert into Has_skill values ( 162 , 1222, 0);
insert into Skill values ( 1222 , 'Retail Banking');
insert into Has_skill values ( 162 , 494, 0);
insert into Skill values ( 494 , 'Strategy');
insert into Has_skill values ( 162 , 349, 0);
insert into Skill values ( 349 , 'Valuation');
insert into Has_skill values ( 162 , 1223, 0);
insert into Skill values ( 1223 , 'Operational Risk');
insert into Has_skill values ( 162 , 1228, 0);
insert into Skill values ( 1228 , 'Trade Finance');
insert into Has_skill values ( 162 , 1217, 0);
insert into Skill values ( 1217 , 'Loans');
insert into Has_skill values ( 162 , 622, 0);
insert into Skill values ( 622 , 'Venture Capital');
insert into Has_skill values ( 162 , 363, 0);
insert into Skill values ( 363 , 'Investment Banking');
insert into Has_skill values ( 162 , 388, 0);
insert into Skill values ( 388 , 'Investments');
insert into Has_skill values ( 162 , 585, 0);
insert into Skill values ( 585 , 'Financial Risk');
insert into Has_skill values ( 162 , 361, 0);
insert into Skill values ( 361 , 'Private Equity');
insert into Has_skill values ( 162 , 369, 0);
insert into Skill values ( 369 , 'Mergers & Acquisitions');
insert into Has_skill values ( 162 , 355, 0);
insert into Skill values ( 355 , 'Credit Risk');
insert into Has_skill values ( 162 , 359, 0);
insert into Skill values ( 359 , 'Due Diligence');
insert into Has_skill values ( 162 , 1230, 0);
insert into Skill values ( 1230 , 'Treasury');
insert into Has_skill values ( 162 , 385, 0);
insert into Skill values ( 385 , 'Management Consulting');
insert into Has_skill values ( 162 , 714, 0);
insert into Skill values ( 714 , 'Project Finance');
insert into Has_skill values ( 162 , 598, 0);
insert into Skill values ( 598 , 'Financial Structuring');
insert into Has_skill values ( 162 , 346, 0);
insert into Skill values ( 346 , 'Financial Modeling');
insert into Has_skill values ( 162 , 371, 0);
insert into Skill values ( 371 , 'Structured Finance');
insert into Member_of values ( 162 , 982);
insert into Groups values ( 982 , 'YPO ROMANIA Chapter private group', 0);
insert into Member_of values ( 162 , 983);
insert into Groups values ( 983 , 'University of Pennsylvania Alumni', 0);
insert into Member_of values ( 162 , 984);
insert into Groups values ( 984 , 'YPO/Harvard 2009 Presidents Seminar Week #2', 0);
insert into Member_of values ( 162 , 985);
insert into Groups values ( 985 , 'Athens College Alumni', 0);
insert into Member_of values ( 162 , 986);
insert into Groups values ( 986 , 'Greek C-level executives in Southeastern Europe', 0);
insert into Knows_language values ( 162 , 509);
insert into Languages values ( 509 , 'French');
insert into Knows_language values ( 162 , 533);
insert into Languages values ( 533 , 'Romanian');
insert into Employer values ( 1001 , 'Alpha Bank');
insert into Experience values ( 162 , 1001, '2012-08-01', '2014-12-15');
insert into Employer values ( 1020 , 'Alpha Finance');
insert into Experience values ( 162 , 1020, '2012-11-01', '2014-12-15');
insert into Employer values ( 1021 , 'Alpha Ventures');
insert into Experience values ( 162 , 1021, '2012-10-01', '2014-12-15');
insert into Employer values ( 1022 , 'Alpha Leasing Romania S.A.');
insert into Experience values ( 162 , 1022, '2010-01-01', '');
insert into Employer values ( 1023 , 'Alpha Bank Romania');
insert into Experience values ( 162 , 1023, '2004-07-01', '2014-12-10');
insert into Employer values ( 1024 , 'Alpha Insurance Brokers Srl');
insert into Experience values ( 162 , 1024, '2006-01-01', '2012-12-07');
insert into Employer values ( 1001 , 'Alpha Bank');
insert into Experience values ( 162 , 1001, '2009-01-01', '2012-08-03');
insert into Employer values ( 1023 , 'Alpha Bank Romania');
insert into Experience values ( 162 , 1023, '2004-04-01', '2008-12-04');
insert into Employer values ( 1020 , 'Alpha Finance');
insert into Experience values ( 162 , 1020, '1995-01-01', '');

insert into User values ( 163 , 'Panagiotis' , 'DROSSOS', 500, 0, 'Banking');
insert into Has_skill values ( 163 , 713, 0);
insert into Skill values ( 713 , 'Banking');
insert into Has_skill values ( 163 , 1248, 0);
insert into Skill values ( 1248 , 'Wholesale Banking');
insert into Has_skill values ( 163 , 1249, 0);
insert into Skill values ( 1249 , 'International...');
insert into Has_skill values ( 163 , 1228, 0);
insert into Skill values ( 1228 , 'Trade Finance');
insert into Has_skill values ( 163 , 1250, 0);
insert into Skill values ( 1250 , 'Export');
insert into Has_skill values ( 163 , 1251, 0);
insert into Skill values ( 1251 , 'E-government');
insert into Has_skill values ( 163 , 481, 0);
insert into Skill values ( 481 , 'E-commerce');
insert into Has_skill values ( 163 , 1224, 0);
insert into Skill values ( 1224 , 'Internet Banking');
insert into Has_skill values ( 163 , 1252, 0);
insert into Skill values ( 1252 , 'Factoring');
insert into Has_skill values ( 163 , 1253, 0);
insert into Skill values ( 1253 , 'International Marketing');
insert into Has_skill values ( 163 , 1254, 0);
insert into Skill values ( 1254 , 'Correspondent Banking');
insert into Has_skill values ( 163 , 1255, 0);
insert into Skill values ( 1255 , 'Custodial Services');
insert into Has_skill values ( 163 , 1012, 0);
insert into Skill values ( 1012 , 'Government');
insert into Has_skill values ( 163 , 1256, 0);
insert into Skill values ( 1256 , 'EU funding');
insert into Has_skill values ( 163 , 363, 0);
insert into Skill values ( 363 , 'Investment Banking');
insert into Has_skill values ( 163 , 1257, 0);
insert into Skill values ( 1257 , 'European politics');
insert into Has_skill values ( 163 , 1258, 0);
insert into Skill values ( 1258 , 'Governmental Affairs');
insert into Has_skill values ( 163 , 1259, 0);
insert into Skill values ( 1259 , 'Investment Policy...');
insert into Has_skill values ( 163 , 477, 0);
insert into Skill values ( 477 , 'Market Research');
insert into Has_skill values ( 163 , 1238, 0);
insert into Skill values ( 1238 , 'Cash Management');
insert into Has_skill values ( 163 , 1260, 0);
insert into Skill values ( 1260 , 'Strategic Leadership');
insert into Has_skill values ( 163 , 385, 0);
insert into Skill values ( 385 , 'Management Consulting');
insert into Has_skill values ( 163 , 1261, 0);
insert into Skill values ( 1261 , 'Financial Institutions');
insert into Has_skill values ( 163 , 494, 0);
insert into Skill values ( 494 , 'Strategy');
insert into Has_skill values ( 163 , 347, 0);
insert into Skill values ( 347 , 'Business Strategy');
insert into Has_skill values ( 163 , 1262, 0);
insert into Skill values ( 1262 , 'European Union');
insert into Has_skill values ( 163 , 1263, 0);
insert into Skill values ( 1263 , 'International Relations');
insert into Has_skill values ( 163 , 1225, 0);
insert into Skill values ( 1225 , 'Payments');
insert into Has_skill values ( 163 , 398, 0);
insert into Skill values ( 398 , 'Finance');
insert into Has_skill values ( 163 , 491, 0);
insert into Skill values ( 491 , 'Business Planning');
insert into Has_skill values ( 163 , 399, 0);
insert into Skill values ( 399 , 'Portfolio Management');
insert into Has_skill values ( 163 , 370, 0);
insert into Skill values ( 370 , 'Corporate Finance');
insert into Has_skill values ( 163 , 387, 0);
insert into Skill values ( 387 , 'Risk Management');
insert into Has_skill values ( 163 , 374, 0);
insert into Skill values ( 374 , 'Economics');
insert into Has_skill values ( 163 , 591, 0);
insert into Skill values ( 591 , 'Emerging Markets');
insert into Has_skill values ( 163 , 1220, 0);
insert into Skill values ( 1220 , 'Leasing');
insert into Has_skill values ( 163 , 1264, 0);
insert into Skill values ( 1264 , 'Foreign Direct...');
insert into Has_skill values ( 163 , 366, 0);
insert into Skill values ( 366 , 'Restructuring');
insert into Has_skill values ( 163 , 369, 0);
insert into Skill values ( 369 , 'Mergers & Acquisitions');
insert into Has_skill values ( 163 , 666, 0);
insert into Skill values ( 666 , 'International Business');
insert into Has_skill values ( 163 , 361, 0);
insert into Skill values ( 361 , 'Private Equity');
insert into Has_skill values ( 163 , 714, 0);
insert into Skill values ( 714 , 'Project Finance');
insert into Has_skill values ( 163 , 622, 0);
insert into Skill values ( 622 , 'Venture Capital');
insert into Has_skill values ( 163 , 585, 0);
insert into Skill values ( 585 , 'Financial Risk');
insert into Has_skill values ( 163 , 1265, 0);
insert into Skill values ( 1265 , 'Foreign Investment');

insert into User values ( 164 , 'Panagiotis' , 'Drossos', 181, 0, 'Higher Education');
insert into Education values ( 164 , 280 , 247 , 'Master of Science (MSc)', '2012 – 2014', '2012 – 2014');
insert into University values ( 280 , 'Ethnikon kai Kapodistriakon Panepistimion Athinon / University of Athens');
insert into Education values ( 164 , 281 , 201 , 'Bachelors degree', '2002 – 2006', '2002 – 2006');
insert into University values ( 281 , 'TEI of Athens');
insert into Has_skill values ( 164 , 1155, 0);
insert into Skill values ( 1155 , 'Microbiology');
insert into Has_skill values ( 164 , 316, 0);
insert into Skill values ( 316 , 'Research');
insert into Has_skill values ( 164 , 1266, 0);
insert into Skill values ( 1266 , 'Molecular Biology');
insert into Has_skill values ( 164 , 1267, 0);
insert into Skill values ( 1267 , 'PCR');
insert into Has_skill values ( 164 , 317, 0);
insert into Skill values ( 317 , 'Science');
insert into Has_skill values ( 164 , 1037, 0);
insert into Skill values ( 1037 , 'Public Health');
insert into Has_skill values ( 164 , 1268, 0);
insert into Skill values ( 1268 , 'Biostatistics');
insert into Has_skill values ( 164 , 1269, 0);
insert into Skill values ( 1269 , 'Biochemistry');
insert into Has_skill values ( 164 , 318, 0);
insert into Skill values ( 318 , 'Teaching');
insert into Has_skill values ( 164 , 1270, 0);
insert into Skill values ( 1270 , 'Cell Culture');
insert into Has_skill values ( 164 , 373, 0);
insert into Skill values ( 373 , 'PowerPoint');
insert into Has_skill values ( 164 , 313, 0);
insert into Skill values ( 313 , 'Higher Education');
insert into Has_skill values ( 164 , 1271, 0);
insert into Skill values ( 1271 , 'University Teaching');
insert into Has_skill values ( 164 , 336, 0);
insert into Skill values ( 336 , 'Microsoft Office');
insert into Has_skill values ( 164 , 427, 0);
insert into Skill values ( 427 , 'Customer Service');
insert into Has_skill values ( 164 , 1272, 0);
insert into Skill values ( 1272 , 'Chemistry');
insert into Has_skill values ( 164 , 1154, 0);
insert into Skill values ( 1154 , 'Lifesciences');
insert into Has_skill values ( 164 , 320, 0);
insert into Skill values ( 320 , 'Statistics');
insert into Has_skill values ( 164 , 372, 0);
insert into Skill values ( 372 , 'Data Analysis');
insert into Has_skill values ( 164 , 1273, 0);
insert into Skill values ( 1273 , 'Laboratory');
insert into Has_skill values ( 164 , 1274, 0);
insert into Skill values ( 1274 , 'Microscopy');
insert into Has_skill values ( 164 , 1275, 0);
insert into Skill values ( 1275 , 'Lecturing');
insert into Has_skill values ( 164 , 1276, 0);
insert into Skill values ( 1276 , 'RT-PCR');
insert into Has_skill values ( 164 , 1277, 0);
insert into Skill values ( 1277 , 'Laboratory Medicine');
insert into Has_skill values ( 164 , 1278, 0);
insert into Skill values ( 1278 , 'Epidemiology');
insert into Has_skill values ( 164 , 321, 0);
insert into Skill values ( 321 , 'Clinical Research');
insert into Has_skill values ( 164 , 1279, 0);
insert into Skill values ( 1279 , 'Cell Biology');
insert into Has_skill values ( 164 , 1280, 0);
insert into Skill values ( 1280 , 'Flow Cytometry');
insert into Has_skill values ( 164 , 1281, 0);
insert into Skill values ( 1281 , 'DNA extraction');
insert into Has_skill values ( 164 , 1282, 0);
insert into Skill values ( 1282 , 'Histology');
insert into Has_skill values ( 164 , 1283, 0);
insert into Skill values ( 1283 , 'Immunology');
insert into Has_skill values ( 164 , 1284, 0);
insert into Skill values ( 1284 , 'Genetics');
insert into Has_skill values ( 164 , 1285, 0);
insert into Skill values ( 1285 , 'ELISA');
insert into Member_of values ( 164 , 987);
insert into Groups values ( 987 , 'MLS JOBS', 0);
insert into Member_of values ( 164 , 988);
insert into Groups values ( 988 , 'Blood Bank Jobs', 0);
insert into Member_of values ( 164 , 989);
insert into Groups values ( 989 , 'Medical Laboratory Scientists', 0);
insert into Member_of values ( 164 , 990);
insert into Groups values ( 990 , 'LABORATORY Professionals', 0);
insert into Member_of values ( 164 , 991);
insert into Groups values ( 991 , 'American Society for Clinical Laboratory Science', 0);
insert into Member_of values ( 164 , 992);
insert into Groups values ( 992 , 'Continuing Medical Education', 0);
insert into Member_of values ( 164 , 993);
insert into Groups values ( 993 , 'ISO/IEC 17025 & ISO 15189 - Laboratory Accreditation', 0);
insert into Member_of values ( 164 , 994);
insert into Groups values ( 994 , 'Π.Ε.Τ.Ι.Ε.', 0);
insert into Member_of values ( 164 , 995);
insert into Groups values ( 995 , 'AABB', 0);
insert into Employer values ( 1025 , 'TEI of Athens');
insert into Experience values ( 164 , 1025, '2010-10-01', '2014-12-15');
insert into Employer values ( 1026 , 'IEK Aigaleo');
insert into Experience values ( 164 , 1026, '2010-01-01', '2010-07-07');
insert into Employer values ( 1026 , 'IEK Aigaleo');
insert into Experience values ( 164 , 1026, '2009-01-01', '2009-07-07');
insert into Employer values ( 1026 , 'IEK Aigaleo');
insert into Experience values ( 164 , 1026, '2008-01-01', '2008-07-07');

insert into User values ( 165 , 'Πέτρος' , 'Παπαλέξης', 384, 0, 'Medical Practice');
insert into Education values ( 165 , 282 , 219 , 'Bachelor of Science (B.Sc.)', '2000 – 2005', '2000 – 2005');
insert into University values ( 282 , 'Technological Educational Institute of Athens');
insert into Has_skill values ( 165 , 336, 0);
insert into Skill values ( 336 , 'Microsoft Office');
insert into Has_skill values ( 165 , 1036, 0);
insert into Skill values ( 1036 , 'Healthcare');
insert into Has_skill values ( 165 , 321, 0);
insert into Skill values ( 321 , 'Clinical Research');
insert into Has_skill values ( 165 , 316, 0);
insert into Skill values ( 316 , 'Research');
insert into Has_skill values ( 165 , 1040, 0);
insert into Skill values ( 1040 , 'Hospitals');
insert into Has_skill values ( 165 , 1037, 0);
insert into Skill values ( 1037 , 'Public Health');
insert into Has_skill values ( 165 , 1286, 0);
insert into Skill values ( 1286 , 'Phlebotomy');
insert into Has_skill values ( 165 , 1287, 0);
insert into Skill values ( 1287 , 'Medicine');
insert into Has_skill values ( 165 , 1288, 0);
insert into Skill values ( 1288 , 'Medical Education');
insert into Has_skill values ( 165 , 1289, 0);
insert into Skill values ( 1289 , 'CPR Certified');
insert into Has_skill values ( 165 , 1277, 0);
insert into Skill values ( 1277 , 'Laboratory Medicine');
insert into Has_skill values ( 165 , 1290, 0);
insert into Skill values ( 1290 , 'Medical Terminology');
insert into Has_skill values ( 165 , 1283, 0);
insert into Skill values ( 1283 , 'Immunology');
insert into Has_skill values ( 165 , 1267, 0);
insert into Skill values ( 1267 , 'PCR');
insert into Has_skill values ( 165 , 1273, 0);
insert into Skill values ( 1273 , 'Laboratory');
insert into Has_skill values ( 165 , 1266, 0);
insert into Skill values ( 1266 , 'Molecular Biology');
insert into Has_skill values ( 165 , 1161, 0);
insert into Skill values ( 1161 , 'Life Sciences');
insert into Has_skill values ( 165 , 1155, 0);
insert into Skill values ( 1155 , 'Microbiology');
insert into Member_of values ( 165 , 996);
insert into Groups values ( 996 , 'MLO - Medical Laboratory Observer', 0);
insert into Member_of values ( 165 , 989);
insert into Groups values ( 989 , 'Medical Laboratory Scientists', 0);

insert into User values ( 166 , 'Theologos' , 'Eleftheriadis', 394, 0, 'Hospital & Health Care');
insert into Education values ( 166 , 283 , 201 , 'Bachelors degree', '2005 – 2010', '2005 – 2010');
insert into University values ( 283 , 'Alexander Technological Educational Institute of Thessaloniki');
insert into Has_skill values ( 166 , 1277, 0);
insert into Skill values ( 1277 , 'Laboratory Medicine');
insert into Has_skill values ( 166 , 1291, 0);
insert into Skill values ( 1291 , 'Hematology');
insert into Has_skill values ( 166 , 1292, 0);
insert into Skill values ( 1292 , 'Blood Bank');
insert into Has_skill values ( 166 , 1293, 0);
insert into Skill values ( 1293 , 'Clinical Chemistry');
insert into Has_skill values ( 166 , 1286, 0);
insert into Skill values ( 1286 , 'Phlebotomy');
insert into Has_skill values ( 166 , 1294, 0);
insert into Skill values ( 1294 , 'Coagulation');
insert into Has_skill values ( 166 , 1040, 0);
insert into Skill values ( 1040 , 'Hospitals');
insert into Has_skill values ( 166 , 1295, 0);
insert into Skill values ( 1295 , 'Medical Technology');
insert into Has_skill values ( 166 , 1296, 0);
insert into Skill values ( 1296 , 'Serology');
insert into Has_skill values ( 166 , 321, 0);
insert into Skill values ( 321 , 'Clinical Research');
insert into Has_skill values ( 166 , 1297, 0);
insert into Skill values ( 1297 , 'Urinalysis');
insert into Has_skill values ( 166 , 1036, 0);
insert into Skill values ( 1036 , 'Healthcare');
insert into Has_skill values ( 166 , 1273, 0);
insert into Skill values ( 1273 , 'Laboratory');
insert into Member_of values ( 166 , 997);
insert into Groups values ( 997 , 'Clinical Toxicology Jobs', 0);
insert into Member_of values ( 166 , 998);
insert into Groups values ( 998 , 'Εργαστηριακοί Ιατροί, Επιστήμονες, Επαγγελματίες της ΠΦΥ, Σύλλογοι Ασθενών', 0);
insert into Member_of values ( 166 , 999);
insert into Groups values ( 999 , 'ΕΕΦΑΜ Ελληνική Εταιρεία Φαρμακευτικού Μαρκετινγκ', 0);
insert into Member_of values ( 166 , 1000);
insert into Groups values ( 1000 , 'Clinical Laboratory Scientists and Medical Laboratory Scientists', 0);
insert into Member_of values ( 166 , 1001);
insert into Groups values ( 1001 , 'Medko: Global Healthcare Connections', 0);
insert into Member_of values ( 166 , 1002);
insert into Groups values ( 1002 , 'Randstad Hellas', 0);
insert into Member_of values ( 166 , 1003);
insert into Groups values ( 1003 , 'Clinical Microbiology Jobs', 0);
insert into Member_of values ( 166 , 1004);
insert into Groups values ( 1004 , 'Laboratory Equipment', 0);
insert into Knows_language values ( 166 , 501);
insert into Languages values ( 501 , 'English');
insert into Employer values ( 1027 , 'DIAGNOSTIC LAB');
insert into Experience values ( 166 , 1027, '2013-04-01', '2013-09-06');
insert into Employer values ( 1028 , 'University General Hospital of Thessaloniki AHEPA');
insert into Experience values ( 166 , 1028, '2009-09-01', '2010-03-07');

insert into User values ( 167 , 'Andreas' , '- Nektarios Karagiannopoulos', 61, 0, 'Pharmaceuticals');
insert into Education values ( 167 , 284 , 243 , 'MBA', '', '');
insert into University values ( 284 , 'University of Leicester');
insert into Education values ( 167 , 285 , 307 , 'MA Business', '2001 – 2002', '2001 – 2002');
insert into University values ( 285 , 'Leeds Metropolitan University');
insert into Education values ( 167 , 286 , 308 , 'BA (Hons) Busimess and Marketing', '1997 – 2000', '1997 – 2000');
insert into University values ( 286 , 'University of Linolnshire and Humberside');
insert into Has_skill values ( 167 , 480, 0);
insert into Skill values ( 480 , 'Sales Management');
insert into Has_skill values ( 167 , 466, 0);
insert into Skill values ( 466 , 'Sales');
insert into Has_skill values ( 167 , 479, 0);
insert into Skill values ( 479 , 'Account Management');
insert into Has_skill values ( 167 , 493, 0);
insert into Skill values ( 493 , 'Direct Sales');
insert into Has_skill values ( 167 , 673, 0);
insert into Skill values ( 673 , 'New Business Development');
insert into Has_skill values ( 167 , 469, 0);
insert into Skill values ( 469 , 'Sales Operations');
insert into Has_skill values ( 167 , 490, 0);
insert into Skill values ( 490 , 'Sales Process');
insert into Has_skill values ( 167 , 467, 0);
insert into Skill values ( 467 , 'Key Account Management');
insert into Has_skill values ( 167 , 495, 0);
insert into Skill values ( 495 , 'Marketing Strategy');
insert into Has_skill values ( 167 , 473, 0);
insert into Skill values ( 473 , 'Selling');
insert into Has_skill values ( 167 , 1049, 0);
insert into Skill values ( 1049 , 'B2B');
insert into Has_skill values ( 167 , 379, 0);
insert into Skill values ( 379 , 'Business Development');
insert into Has_skill values ( 167 , 1051, 0);
insert into Skill values ( 1051 , 'Sales Presentations');
insert into Has_skill values ( 167 , 1046, 0);
insert into Skill values ( 1046 , 'Salesforce.com');
insert into Has_skill values ( 167 , 417, 0);
insert into Skill values ( 417 , 'Management');
insert into Has_skill values ( 167 , 901, 0);
insert into Skill values ( 901 , 'Coaching');
insert into Has_skill values ( 167 , 352, 0);
insert into Skill values ( 352 , 'Marketing');
insert into Has_skill values ( 167 , 775, 0);
insert into Skill values ( 775 , 'Team Building');
insert into Has_skill values ( 167 , 650, 0);
insert into Skill values ( 650 , 'Negotiation');
insert into Has_skill values ( 167 , 1024, 0);
insert into Skill values ( 1024 , 'Solution Selling');
insert into Member_of values ( 167 , 1005);
insert into Groups values ( 1005 , 'Sales Management Executives', 0);
insert into Member_of values ( 167 , 1006);
insert into Groups values ( 1006 , 'Fitness Business Builders Network', 0);
insert into Member_of values ( 167 , 1007);
insert into Groups values ( 1007 , 'DirectorAppointments.com', 0);
insert into Employer values ( 1029 , 'Medihub');
insert into Experience values ( 167 , 1029, '2010-09-01', '2014-12-15');
insert into Employer values ( 1030 , 'Nutricia Medical Nutrition');
insert into Experience values ( 167 , 1030, '2008-01-01', '2010-02-02');
insert into Employer values ( 1031 , 'Eva’s Accessories');
insert into Experience values ( 167 , 1031, '2006-05-01', '2007-12-01');
insert into Employer values ( 1032 , 'Intersped Manolesos S.A');
insert into Experience values ( 167 , 1032, '2005-11-01', '2006-05-07');

insert into User values ( 168 , 'Eirini' , 'Sarri', 483, 0, 'Financial Services');
insert into Education values ( 168 , 287 , 309 , 'Accounting and Finance Degree', '2001 – 2006', '2001 – 2006');
insert into University values ( 287 , 'Technological Educational Institute of Piraeus');
insert into Has_skill values ( 168 , 414, 0);
insert into Skill values ( 414 , 'Financial Accounting');
insert into Has_skill values ( 168 , 1298, 0);
insert into Skill values ( 1298 , 'Accounts Receivable');
insert into Has_skill values ( 168 , 1299, 0);
insert into Skill values ( 1299 , 'Account Reconciliation');
insert into Has_skill values ( 168 , 412, 0);
insert into Skill values ( 412 , 'Financial Reporting');
insert into Has_skill values ( 168 , 348, 0);
insert into Skill values ( 348 , 'Financial Analysis');
insert into Has_skill values ( 168 , 404, 0);
insert into Skill values ( 404 , 'Credit');
insert into Has_skill values ( 168 , 1221, 0);
insert into Skill values ( 1221 , 'Credit Analysis');
insert into Has_skill values ( 168 , 355, 0);
insert into Skill values ( 355 , 'Credit Risk');
insert into Has_skill values ( 168 , 1300, 0);
insert into Skill values ( 1300 , 'Credit Control');
insert into Has_skill values ( 168 , 370, 0);
insert into Skill values ( 370 , 'Corporate Finance');
insert into Has_skill values ( 168 , 398, 0);
insert into Skill values ( 398 , 'Finance');
insert into Has_skill values ( 168 , 566, 0);
insert into Skill values ( 566 , 'Internal Controls');
insert into Has_skill values ( 168 , 1301, 0);
insert into Skill values ( 1301 , 'Cash Flow Forecasting');
insert into Has_skill values ( 168 , 1302, 0);
insert into Skill values ( 1302 , 'Internal Audit');
insert into Has_skill values ( 168 , 375, 0);
insert into Skill values ( 375 , 'Accounting');
insert into Has_skill values ( 168 , 420, 0);
insert into Skill values ( 420 , 'Auditing');
insert into Has_skill values ( 168 , 330, 0);
insert into Skill values ( 330 , 'Pharmaceutical Industry');
insert into Has_skill values ( 168 , 489, 0);
insert into Skill values ( 489 , 'Forecasting');
insert into Member_of values ( 168 , 1008);
insert into Groups values ( 1008 , 'Pharmaceutical Recruiting and Outsourcing', 0);
insert into Member_of values ( 168 , 1009);
insert into Groups values ( 1009 , 'Pharmaceutical Professionals Worldwide', 0);
insert into Member_of values ( 168 , 412);
insert into Groups values ( 412 , 'Professionals in the Pharmaceutical and Biotech Industry', 0);
insert into Member_of values ( 168 , 1010);
insert into Groups values ( 1010 , 'Clapham Property Blog', 0);
insert into Member_of values ( 168 , 1011);
insert into Groups values ( 1011 , 'Hellenic Pharmaceutical Professionals Network', 0);
insert into Member_of values ( 168 , 1012);
insert into Groups values ( 1012 , 'Greek Professional Womens Network (UK)', 0);
insert into Employer values ( 1033 , 'GSK');
insert into Experience values ( 168 , 1033, '2014-01-01', '');
insert into Employer values ( 1034 , 'Pfizer');
insert into Experience values ( 168 , 1034, '2011-05-01', '2014-01-02');
insert into Employer values ( 726 , 'KPMG');
insert into Experience values ( 168 , 726, '2007-05-01', '2009-07-02');

insert into User values ( 169 , 'Agapi' , 'Papadimitriou', 30, 0, 'Telecommunications');
insert into Employer values ( 1035 , 'IDT Corporation');
insert into Experience values ( 169 , 1035, '', '');

insert into User values ( 170 , 'Leonidas' , 'Palavras', 44, 0, 'Banking');
insert into Has_skill values ( 170 , 1303, 0);
insert into Skill values ( 1303 , 'IFRS');
insert into Has_skill values ( 170 , 420, 0);
insert into Skill values ( 420 , 'Auditing');
insert into Has_skill values ( 170 , 566, 0);
insert into Skill values ( 566 , 'Internal Controls');
insert into Has_skill values ( 170 , 1302, 0);
insert into Skill values ( 1302 , 'Internal Audit');
insert into Has_skill values ( 170 , 1304, 0);
insert into Skill values ( 1304 , 'Assurance');
insert into Has_skill values ( 170 , 1305, 0);
insert into Skill values ( 1305 , 'External Audit');
insert into Has_skill values ( 170 , 348, 0);
insert into Skill values ( 348 , 'Financial Analysis');
insert into Has_skill values ( 170 , 370, 0);
insert into Skill values ( 370 , 'Corporate Finance');
insert into Has_skill values ( 170 , 412, 0);
insert into Skill values ( 412 , 'Financial Reporting');
insert into Has_skill values ( 170 , 375, 0);
insert into Skill values ( 375 , 'Accounting');
insert into Has_skill values ( 170 , 414, 0);
insert into Skill values ( 414 , 'Financial Accounting');
insert into Has_skill values ( 170 , 346, 0);
insert into Skill values ( 346 , 'Financial Modeling');
insert into Has_skill values ( 170 , 418, 0);
insert into Skill values ( 418 , 'Tax');
insert into Has_skill values ( 170 , 359, 0);
insert into Skill values ( 359 , 'Due Diligence');
insert into Has_skill values ( 170 , 349, 0);
insert into Skill values ( 349 , 'Valuation');
insert into Has_skill values ( 170 , 1306, 0);
insert into Skill values ( 1306 , 'Big 4');
insert into Has_skill values ( 170 , 542, 0);
insert into Skill values ( 542 , 'Sarbanes-Oxley Act');
insert into Has_skill values ( 170 , 1307, 0);
insert into Skill values ( 1307 , 'US GAAP');
insert into Has_skill values ( 170 , 413, 0);
insert into Skill values ( 413 , 'Business Valuation');
insert into Has_skill values ( 170 , 387, 0);
insert into Skill values ( 387 , 'Risk Management');
insert into Employer values ( 1036 , 'EY');
insert into Experience values ( 170 , 1036, '2011-04-01', '2014-12-15');
insert into Employer values ( 1037 , 'Deloitte');
insert into Experience values ( 170 , 1037, '2005-07-01', '2010-12-05');

insert into User values ( 171 , 'Carl' , 'OBrien', 234, 0, 'Accounting');
insert into Education values ( 171 , 288 , 202 , '', '2011 – 2015 (expected)', '2011 – 2015 (expected)');
insert into University values ( 288 , 'Institute of Chartered Accountants of Scotland (ICAS)');
insert into Education values ( 171 , 289 , 215 , 'Bachelors Degree', '2009 – 2013', '2009 – 2013');
insert into University values ( 289 , 'University of Bath');
insert into Education values ( 171 , 290 , 310 , 'A Levels, AS Levels and GCSEs', '2004 – 2009', '2004 – 2009');
insert into University values ( 290 , 'Corfe Hills School');
insert into Has_skill values ( 171 , 1304, 0);
insert into Skill values ( 1304 , 'Assurance');
insert into Has_skill values ( 171 , 1306, 0);
insert into Skill values ( 1306 , 'Big 4');
insert into Has_skill values ( 171 , 1308, 0);
insert into Skill values ( 1308 , 'UK GAAP');
insert into Has_skill values ( 171 , 1305, 0);
insert into Skill values ( 1305 , 'External Audit');
insert into Has_skill values ( 171 , 1303, 0);
insert into Skill values ( 1303 , 'IFRS');
insert into Has_skill values ( 171 , 566, 0);
insert into Skill values ( 566 , 'Internal Controls');
insert into Has_skill values ( 171 , 420, 0);
insert into Skill values ( 420 , 'Auditing');
insert into Has_skill values ( 171 , 412, 0);
insert into Skill values ( 412 , 'Financial Reporting');
insert into Has_skill values ( 171 , 375, 0);
insert into Skill values ( 375 , 'Accounting');
insert into Has_skill values ( 171 , 414, 0);
insert into Skill values ( 414 , 'Financial Accounting');
insert into Has_skill values ( 171 , 1309, 0);
insert into Skill values ( 1309 , 'Lifeguarding');
insert into Has_skill values ( 171 , 1310, 0);
insert into Skill values ( 1310 , 'Swimming');
insert into Has_skill values ( 171 , 1311, 0);
insert into Skill values ( 1311 , 'Mathematics');
insert into Has_skill values ( 171 , 1312, 0);
insert into Skill values ( 1312 , 'Sports Coaching');
insert into Has_skill values ( 171 , 1313, 0);
insert into Skill values ( 1313 , 'Financial Audits');
insert into Has_skill values ( 171 , 398, 0);
insert into Skill values ( 398 , 'Finance');
insert into Has_skill values ( 171 , 421, 0);
insert into Skill values ( 421 , 'Time Management');
insert into Has_skill values ( 171 , 713, 0);
insert into Skill values ( 713 , 'Banking');
insert into Has_skill values ( 171 , 1314, 0);
insert into Skill values ( 1314 , 'Financial Statements');
insert into Has_skill values ( 171 , 320, 0);
insert into Skill values ( 320 , 'Statistics');
insert into Has_skill values ( 171 , 1315, 0);
insert into Skill values ( 1315 , 'Management Accounting');
insert into Has_skill values ( 171 , 341, 0);
insert into Skill values ( 341 , 'Microsoft Excel');
insert into Has_skill values ( 171 , 1316, 0);
insert into Skill values ( 1316 , 'Transfer Pricing');
insert into Has_skill values ( 171 , 592, 0);
insert into Skill values ( 592 , 'Financial Services');
insert into Member_of values ( 171 , 946);
insert into Groups values ( 946 , 'Big Four Accounting Consulting - Deloitte, Ernst & Young, KPMG, PwC, Accenture, Capgemini (Big4.com)', 0);
insert into Member_of values ( 171 , 1013);
insert into Groups values ( 1013 , 'Ernst and Young Alumni', 0);
insert into Member_of values ( 171 , 960);
insert into Groups values ( 960 , 'Finance Club', 0);
insert into Member_of values ( 171 , 1014);
insert into Groups values ( 1014 , 'ICAS - Official Members Group', 0);
insert into Member_of values ( 171 , 1015);
insert into Groups values ( 1015 , 'Ernst & Young LLP - Current and Former Employees', 0);
insert into Member_of values ( 171 , 1016);
insert into Groups values ( 1016 , 'University of Bath Alumni Community', 0);
insert into Member_of values ( 171 , 479);
insert into Groups values ( 479 , 'EY', 0);
insert into Member_of values ( 171 , 1017);
insert into Groups values ( 1017 , 'EY Middle East & North Africa (MENA) Careers', 0);
insert into Member_of values ( 171 , 1018);
insert into Groups values ( 1018 , 'Ernst & Young Employees and Alumni', 0);
insert into Member_of values ( 171 , 1019);
insert into Groups values ( 1019 , 'Audit & Finance Careers Network: IIA/ACA/FCA/ACCA/FCCA/CFA/CA, Risk, Tax, Compliance, Banking jobs', 0);
insert into Member_of values ( 171 , 1020);
insert into Groups values ( 1020 , 'Big 4', 0);
insert into Member_of values ( 171 , 446);
insert into Groups values ( 446 , 'Banking Careers', 0);
insert into Knows_language values ( 171 , 501);
insert into Languages values ( 501 , 'English');
insert into Employer values ( 1036 , 'EY');
insert into Experience values ( 171 , 1036, '2013-09-01', '2014-12-15');
insert into Employer values ( 1038 , 'Ernst & Young');
insert into Experience values ( 171 , 1038, '2012-09-01', '2013-07-11');
insert into Employer values ( 1038 , 'Ernst & Young');
insert into Experience values ( 171 , 1038, '2011-07-01', '2012-07-01');
insert into Employer values ( 1039 , 'SLM Rossmore Leisure Centre');
insert into Experience values ( 171 , 1039, '2007-04-01', '2011-06-04');
insert into Employer values ( 1040 , 'Broadstone Leisure Centre');
insert into Experience values ( 171 , 1040, '2007-04-01', '2007-09-06');

insert into User values ( 172 , 'Fergus' , 'Payne', 500, 0, 'Accounting');
insert into Education values ( 172 , 291 , 202 , '', '2003 – 2008', '2003 – 2008');
insert into University values ( 291 , 'Uppingham School');
insert into Education values ( 172 , 292 , 311 , 'BSC', '2009 – 2013', '2009 – 2013');
insert into University values ( 292 , 'Loughborough University');
insert into Has_skill values ( 172 , 423, 0);
insert into Skill values ( 423 , 'Leadership');
insert into Has_skill values ( 172 , 432, 0);
insert into Skill values ( 432 , 'Communication');
insert into Has_skill values ( 172 , 1317, 0);
insert into Skill values ( 1317 , 'Team Organisation');
insert into Has_skill values ( 172 , 1318, 0);
insert into Skill values ( 1318 , 'Dedication to...');
insert into Has_skill values ( 172 , 1319, 0);
insert into Skill values ( 1319 , 'Sports');
insert into Has_skill values ( 172 , 1320, 0);
insert into Skill values ( 1320 , 'Outstanding time...');
insert into Has_skill values ( 172 , 1321, 0);
insert into Skill values ( 1321 , 'Friendly Personality');
insert into Has_skill values ( 172 , 1322, 0);
insert into Skill values ( 1322 , 'Open Minded');
insert into Has_skill values ( 172 , 1323, 0);
insert into Skill values ( 1323 , 'Creative Problem Solving');
insert into Has_skill values ( 172 , 375, 0);
insert into Skill values ( 375 , 'Accounting');
insert into Has_skill values ( 172 , 847, 0);
insert into Skill values ( 847 , 'Timely Decision Making');
insert into Has_skill values ( 172 , 1324, 0);
insert into Skill values ( 1324 , 'highly motivated');
insert into Has_skill values ( 172 , 336, 0);
insert into Skill values ( 336 , 'Microsoft Office');
insert into Has_skill values ( 172 , 1325, 0);
insert into Skill values ( 1325 , 'Close Attention to...');
insert into Has_skill values ( 172 , 1326, 0);
insert into Skill values ( 1326 , 'Written & Oral...');
insert into Has_skill values ( 172 , 1327, 0);
insert into Skill values ( 1327 , 'Building Relationships');
insert into Has_skill values ( 172 , 424, 0);
insert into Skill values ( 424 , 'Budgets');
insert into Has_skill values ( 172 , 379, 0);
insert into Skill values ( 379 , 'Business Development');
insert into Has_skill values ( 172 , 421, 0);
insert into Skill values ( 421 , 'Time Management');
insert into Has_skill values ( 172 , 1304, 0);
insert into Skill values ( 1304 , 'Assurance');
insert into Has_skill values ( 172 , 420, 0);
insert into Skill values ( 420 , 'Auditing');
insert into Has_skill values ( 172 , 498, 0);
insert into Skill values ( 498 , 'Project Planning');
insert into Member_of values ( 172 , 1021);
insert into Groups values ( 1021 , 'Loughborough Sporting Club', 0);
insert into Member_of values ( 172 , 1022);
insert into Groups values ( 1022 , 'Careers in Audit', 0);
insert into Member_of values ( 172 , 1023);
insert into Groups values ( 1023 , 'FF&P Next Gen Alumni', 0);
insert into Member_of values ( 172 , 1014);
insert into Groups values ( 1014 , 'ICAS - Official Members Group', 0);
insert into Member_of values ( 172 , 1020);
insert into Groups values ( 1020 , 'Big 4', 0);
insert into Member_of values ( 172 , 1024);
insert into Groups values ( 1024 , 'Loughborough Finance Society', 0);
insert into Member_of values ( 172 , 479);
insert into Groups values ( 479 , 'EY', 0);
insert into Member_of values ( 172 , 1025);
insert into Groups values ( 1025 , 'Loughborough University School of Business and Economics Alumni', 0);
insert into Member_of values ( 172 , 1026);
insert into Groups values ( 1026 , 'Loughborough University Alumni', 0);
insert into Member_of values ( 172 , 1019);
insert into Groups values ( 1019 , 'Audit & Finance Careers Network: IIA/ACA/FCA/ACCA/FCCA/CFA/CA, Risk, Tax, Compliance, Banking jobs', 0);
insert into Employer values ( 1036 , 'EY');
insert into Experience values ( 172 , 1036, '2013-09-01', '2014-12-15');
insert into Employer values ( 1041 , 'London 2012');
insert into Experience values ( 172 , 1041, '2012-06-01', '2012-09-04');
insert into Employer values ( 1038 , 'Ernst & Young');
insert into Experience values ( 172 , 1038, '2011-06-01', '2012-06-01');
insert into Employer values ( 1042 , 'Fleming Family & Partners Asset Management');
insert into Experience values ( 172 , 1042, '2011-06-01', '2011-06-01');
insert into Employer values ( 1043 , 'Loughborough Students Equestrian and Polo Club');
insert into Experience values ( 172 , 1043, '2010-04-01', '2011-05-01');

insert into User values ( 173 , 'Alasdair' , 'Stevens', 488, 0, 'Insurance');
insert into Education values ( 173 , 292 , 312 , 'BSc (Hons)', '2009 – 2013', '2009 – 2013');
insert into University values ( 292 , 'Loughborough University');
insert into Education values ( 173 , 293 , 202 , '', '1997 – 2008', '1997 – 2008');
insert into University values ( 293 , 'Stewarts Melville College');
insert into Education values ( 173 , 294 , 202 , '', '', '');
insert into University values ( 294 , 'Weston Middle School');
insert into Has_skill values ( 173 , 426, 0);
insert into Skill values ( 426 , 'Teamwork');
insert into Has_skill values ( 173 , 423, 0);
insert into Skill values ( 423 , 'Leadership');
insert into Has_skill values ( 173 , 833, 0);
insert into Skill values ( 833 , 'Problem Solving');
insert into Has_skill values ( 173 , 375, 0);
insert into Skill values ( 375 , 'Accounting');
insert into Has_skill values ( 173 , 341, 0);
insert into Skill values ( 341 , 'Microsoft Excel');
insert into Has_skill values ( 173 , 421, 0);
insert into Skill values ( 421 , 'Time Management');
insert into Has_skill values ( 173 , 336, 0);
insert into Skill values ( 336 , 'Microsoft Office');
insert into Has_skill values ( 173 , 459, 0);
insert into Skill values ( 459 , 'Event Management');
insert into Has_skill values ( 173 , 387, 0);
insert into Skill values ( 387 , 'Risk Management');
insert into Has_skill values ( 173 , 427, 0);
insert into Skill values ( 427 , 'Customer Service');
insert into Member_of values ( 173 , 1027);
insert into Groups values ( 1027 , 'Loughborough Students Rowing', 0);
insert into Member_of values ( 173 , 1021);
insert into Groups values ( 1021 , 'Loughborough Sporting Club', 0);
insert into Member_of values ( 173 , 1028);
insert into Groups values ( 1028 , 'L.S.R.L. Old Boys Society', 0);
insert into Member_of values ( 173 , 1026);
insert into Groups values ( 1026 , 'Loughborough University Alumni', 0);
insert into Member_of values ( 173 , 1029);
insert into Groups values ( 1029 , 'Edinburgh Young Professionals', 0);
insert into Member_of values ( 173 , 1030);
insert into Groups values ( 1030 , 'Kew Occasionals RFC', 0);
insert into Member_of values ( 173 , 1031);
insert into Groups values ( 1031 , 'Daniel Stewarts & Melville College', 0);
insert into Member_of values ( 173 , 1032);
insert into Groups values ( 1032 , 'McKinsey Quarterly', 0);
insert into Member_of values ( 173 , 1033);
insert into Groups values ( 1033 , 'The Chartered Insurance Institute', 0);
insert into Member_of values ( 173 , 1034);
insert into Groups values ( 1034 , 'Engage: Business Networking for ESMS', 0);
insert into Employer values ( 1044 , 'ArgoGlobal (Lloyds Syndicate 1200)');
insert into Experience values ( 173 , 1044, '2014-09-01', '2014-12-15');
insert into Employer values ( 1045 , 'BNY Mellon');
insert into Experience values ( 173 , 1045, '2013-11-01', '2014-08-10');
insert into Employer values ( 1046 , 'T. Rowe Price');
insert into Experience values ( 173 , 1046, '2014-07-01', '2014-07-01');
insert into Employer values ( 1047 , 'Tigerlily - Montpeliers Edinburgh Ltd.');
insert into Experience values ( 173 , 1047, '2013-08-01', '2014-04-09');
insert into Employer values ( 1038 , 'Ernst & Young');
insert into Experience values ( 173 , 1038, '2011-07-01', '2012-07-01');
insert into Employer values ( 1048 , 'Dakota Hotels');
insert into Experience values ( 173 , 1048, '2008-06-01', '2010-08-02');
insert into Employer values ( 1049 , 'Whistler Blackcomb');
insert into Experience values ( 173 , 1049, '2008-11-01', '-2008-04-06');

insert into User values ( 174 , 'Donna' , 'Howe', 180, 0, 'Insurance');
insert into Has_skill values ( 174 , 1328, 0);
insert into Skill values ( 1328 , 'General Insurance');
insert into Has_skill values ( 174 , 1329, 0);
insert into Skill values ( 1329 , 'Underwriting');
insert into Has_skill values ( 174 , 1330, 0);
insert into Skill values ( 1330 , 'Insurance');
insert into Member_of values ( 174 , 1035);
insert into Groups values ( 1035 , 'Binder Business Insurance in Lloyds of London', 0);
insert into Member_of values ( 174 , 1036);
insert into Groups values ( 1036 , 'Lloyds of London Insurance Market Group', 0);
insert into Member_of values ( 174 , 1037);
insert into Groups values ( 1037 , 'Jobs in Credit & Collections', 0);
insert into Member_of values ( 174 , 1038);
insert into Groups values ( 1038 , 'Insurance Professionals', 0);
insert into Member_of values ( 174 , 1039);
insert into Groups values ( 1039 , 'LLOYDS OF LONDON', 0);
insert into Member_of values ( 174 , 1040);
insert into Groups values ( 1040 , 'Credit Control & Administration', 0);
insert into Member_of values ( 174 , 1041);
insert into Groups values ( 1041 , 'Lawes Consulting Group - For the latest Insurance jobs & market opportunities, career advice & more', 0);
insert into Member_of values ( 174 , 1042);
insert into Groups values ( 1042 , 'CREDIT CONTROL', 0);
insert into Employer values ( 1050 , 'ArgoGlobal');
insert into Experience values ( 174 , 1050, '2013-05-01', '2014-12-15');
insert into Employer values ( 1051 , 'JMD Specialist Insurance Services');
insert into Experience values ( 174 , 1051, '2011-09-01', '2013-05-01');
insert into Employer values ( 1052 , 'Argo International');
insert into Experience values ( 174 , 1052, '2007-09-01', '2011-09-04');
insert into Employer values ( 1053 , 'Aon');
insert into Experience values ( 174 , 1053, '2000-01-01', '');

insert into User values ( 175 , 'Ashley' , 'Lawrence', 500, 0, 'Insurance');
insert into Has_skill values ( 175 , 1331, 0);
insert into Skill values ( 1331 , 'Reinsurance');
insert into Has_skill values ( 175 , 1330, 0);
insert into Skill values ( 1330 , 'Insurance');
insert into Has_skill values ( 175 , 585, 0);
insert into Skill values ( 585 , 'Financial Risk');
insert into Has_skill values ( 175 , 1328, 0);
insert into Skill values ( 1328 , 'General Insurance');
insert into Has_skill values ( 175 , 1332, 0);
insert into Skill values ( 1332 , 'Liability');
insert into Has_skill values ( 175 , 1333, 0);
insert into Skill values ( 1333 , 'Claims Management');
insert into Has_skill values ( 175 , 1334, 0);
insert into Skill values ( 1334 , 'Claim');
insert into Has_skill values ( 175 , 1329, 0);
insert into Skill values ( 1329 , 'Underwriting');
insert into Has_skill values ( 175 , 1335, 0);
insert into Skill values ( 1335 , 'Property Damage');
insert into Has_skill values ( 175 , 387, 0);
insert into Skill values ( 387 , 'Risk Management');
insert into Has_skill values ( 175 , 1031, 0);
insert into Skill values ( 1031 , 'Property & Casualty...');
insert into Has_skill values ( 175 , 1336, 0);
insert into Skill values ( 1336 , 'Commercial Insurance');
insert into Has_skill values ( 175 , 1337, 0);
insert into Skill values ( 1337 , 'Solvency II');
insert into Has_skill values ( 175 , 1338, 0);
insert into Skill values ( 1338 , 'Indemnity');
insert into Has_skill values ( 175 , 1339, 0);
insert into Skill values ( 1339 , 'Brokers');
insert into Has_skill values ( 175 , 1340, 0);
insert into Skill values ( 1340 , 'Claim Investigation');
insert into Has_skill values ( 175 , 1341, 0);
insert into Skill values ( 1341 , 'Marine Insurance');
insert into Has_skill values ( 175 , 1342, 0);
insert into Skill values ( 1342 , 'Subrogation');
insert into Has_skill values ( 175 , 1343, 0);
insert into Skill values ( 1343 , 'Legal Liability');
insert into Has_skill values ( 175 , 1344, 0);
insert into Skill values ( 1344 , 'Casualty');
insert into Has_skill values ( 175 , 1345, 0);
insert into Skill values ( 1345 , 'Professional Liability');
insert into Member_of values ( 175 , 1043);
insert into Groups values ( 1043 , 'Fine Art Forensics', 0);
insert into Member_of values ( 175 , 1044);
insert into Groups values ( 1044 , 'London Market QlikView users', 0);
insert into Member_of values ( 175 , 1045);
insert into Groups values ( 1045 , 'Londons Leading Underwriters 2012', 0);
insert into Member_of values ( 175 , 1039);
insert into Groups values ( 1039 , 'LLOYDS OF LONDON', 0);
insert into Member_of values ( 175 , 1046);
insert into Groups values ( 1046 , 'Claims Professionals, Insurance Industry', 0);
insert into Member_of values ( 175 , 1047);
insert into Groups values ( 1047 , 'Change Management UK', 0);
insert into Member_of values ( 175 , 1048);
insert into Groups values ( 1048 , 'Insurance Reinstatement - Essential knowledge and news for the UK Property and Home Insurance market', 0);
insert into Member_of values ( 175 , 1049);
insert into Groups values ( 1049 , 'Eight Members Club Network', 0);
insert into Employer values ( 1052 , 'Argo International');
insert into Experience values ( 175 , 1052, '2011-07-01', '2014-12-15');
insert into Employer values ( 1054 , 'R. J. Kiln & Co. Limited');
insert into Experience values ( 175 , 1054, '1984-08-01', '2011-03-26');

insert into User values ( 176 , 'Neil' , 'Riddington', 500, 0, 'Insurance');
insert into Education values ( 176 , 295 , 202 , '', '', '');
insert into University values ( 295 , 'Dartford Grammar School');
insert into Education values ( 176 , 296 , 313 , 'M.A. ( Hons )', '', '');
insert into University values ( 296 , 'Gonville & Caius College. University of Cambridge');
insert into Has_skill values ( 176 , 1333, 0);
insert into Skill values ( 1333 , 'Claims Management');
insert into Has_skill values ( 176 , 1332, 0);
insert into Skill values ( 1332 , 'Liability');
insert into Has_skill values ( 176 , 1331, 0);
insert into Skill values ( 1331 , 'Reinsurance');
insert into Has_skill values ( 176 , 1344, 0);
insert into Skill values ( 1344 , 'Casualty');
insert into Has_skill values ( 176 , 1346, 0);
insert into Skill values ( 1346 , 'Litigation Management');
insert into Has_skill values ( 176 , 1328, 0);
insert into Skill values ( 1328 , 'General Insurance');
insert into Has_skill values ( 176 , 1343, 0);
insert into Skill values ( 1343 , 'Legal Liability');
insert into Has_skill values ( 176 , 1334, 0);
insert into Skill values ( 1334 , 'Claim');
insert into Has_skill values ( 176 , 1345, 0);
insert into Skill values ( 1345 , 'Professional Liability');
insert into Has_skill values ( 176 , 1347, 0);
insert into Skill values ( 1347 , 'Product Liability');
insert into Has_skill values ( 176 , 1348, 0);
insert into Skill values ( 1348 , 'Personal Injury');
insert into Has_skill values ( 176 , 1349, 0);
insert into Skill values ( 1349 , 'Litigation');
insert into Has_skill values ( 176 , 1031, 0);
insert into Skill values ( 1031 , 'Property & Casualty...');
insert into Has_skill values ( 176 , 1350, 0);
insert into Skill values ( 1350 , 'Arbitration');
insert into Has_skill values ( 176 , 1351, 0);
insert into Skill values ( 1351 , 'Insurance Law');
insert into Has_skill values ( 176 , 1352, 0);
insert into Skill values ( 1352 , 'Claims Handling');
insert into Has_skill values ( 176 , 1338, 0);
insert into Skill values ( 1338 , 'Indemnity');
insert into Has_skill values ( 176 , 1340, 0);
insert into Skill values ( 1340 , 'Claim Investigation');
insert into Has_skill values ( 176 , 1342, 0);
insert into Skill values ( 1342 , 'Subrogation');
insert into Has_skill values ( 176 , 1336, 0);
insert into Skill values ( 1336 , 'Commercial Insurance');
insert into Has_skill values ( 176 , 1335, 0);
insert into Skill values ( 1335 , 'Property Damage');
insert into Has_skill values ( 176 , 1353, 0);
insert into Skill values ( 1353 , 'Property Claims');
insert into Has_skill values ( 176 , 1339, 0);
insert into Skill values ( 1339 , 'Brokers');
insert into Has_skill values ( 176 , 1330, 0);
insert into Skill values ( 1330 , 'Insurance');
insert into Has_skill values ( 176 , 1354, 0);
insert into Skill values ( 1354 , 'D&O');
insert into Has_skill values ( 176 , 1329, 0);
insert into Skill values ( 1329 , 'Underwriting');
insert into Has_skill values ( 176 , 1355, 0);
insert into Skill values ( 1355 , 'Commercial Lines');
insert into Has_skill values ( 176 , 1341, 0);
insert into Skill values ( 1341 , 'Marine Insurance');
insert into Has_skill values ( 176 , 1356, 0);
insert into Skill values ( 1356 , 'Liability Analysis');
insert into Has_skill values ( 176 , 1357, 0);
insert into Skill values ( 1357 , 'Claims Resolution');
insert into Has_skill values ( 176 , 1358, 0);
insert into Skill values ( 1358 , 'Accident');
insert into Has_skill values ( 176 , 1337, 0);
insert into Skill values ( 1337 , 'Solvency II');
insert into Has_skill values ( 176 , 1359, 0);
insert into Skill values ( 1359 , 'Employment Practices...');
insert into Has_skill values ( 176 , 1360, 0);
insert into Skill values ( 1360 , 'Casualty Insurance');
insert into Member_of values ( 176 , 1038);
insert into Groups values ( 1038 , 'Insurance Professionals', 0);
insert into Member_of values ( 176 , 1050);
insert into Groups values ( 1050 , 'International Association of Claim Professionals-Members Group', 0);
insert into Member_of values ( 176 , 1051);
insert into Groups values ( 1051 , 'HireInsurancePros.com', 0);
insert into Member_of values ( 176 , 1052);
insert into Groups values ( 1052 , 'Colfes Parents and Friends Association (PAFA)', 0);
insert into Member_of values ( 176 , 1053);
insert into Groups values ( 1053 , 'Claims (2061742)', 0);
insert into Member_of values ( 176 , 1054);
insert into Groups values ( 1054 , 'Insurance Journal - Property Casualty Insurance news & info', 0);
insert into Employer values ( 1055 , 'Atrium Underwriters Ltd');
insert into Experience values ( 176 , 1055, '2005-05-01', '2014-12-15');
insert into Employer values ( 1056 , 'Atrium Underwriting. Syndicate 570');
insert into Experience values ( 176 , 1056, '1999-01-01', '2005-05-06');
insert into Employer values ( 1057 , 'ACE London. Syndicate 47');
insert into Experience values ( 176 , 1057, '1997-10-01', '1998-12-01');
insert into Employer values ( 1058 , 'Methuen LUA ( Ariel/Rooper Claims )');
insert into Experience values ( 176 , 1058, '1988-02-01', '1997-10-09');

insert into User values ( 177 , 'Gemma' , 'Mills', 397, 0, 'Insurance');
insert into Member_of values ( 177 , 1055);
insert into Groups values ( 1055 , 'Claims management', 0);
insert into Member_of values ( 177 , 1056);
insert into Groups values ( 1056 , 'London Market Insurance Claims Group', 0);
insert into Member_of values ( 177 , 1039);
insert into Groups values ( 1039 , 'LLOYDS OF LONDON', 0);
insert into Member_of values ( 177 , 1057);
insert into Groups values ( 1057 , 'Insurance Claims Professionals', 0);
insert into Member_of values ( 177 , 1058);
insert into Groups values ( 1058 , 'Women In Claims', 0);
insert into Employer values ( 1059 , 'Amlin');
insert into Experience values ( 177 , 1059, '', '');

insert into User values ( 178 , 'Clark' , 'Hanness', 441, 0, 'Insurance');
insert into Has_skill values ( 178 , 1334, 0);
insert into Skill values ( 1334 , 'Claim');
insert into Has_skill values ( 178 , 1361, 0);
insert into Skill values ( 1361 , 'Civil Litigation');
insert into Has_skill values ( 178 , 1333, 0);
insert into Skill values ( 1333 , 'Claims Management');
insert into Has_skill values ( 178 , 1332, 0);
insert into Skill values ( 1332 , 'Liability');
insert into Has_skill values ( 178 , 1340, 0);
insert into Skill values ( 1340 , 'Claim Investigation');
insert into Has_skill values ( 178 , 1344, 0);
insert into Skill values ( 1344 , 'Casualty');
insert into Has_skill values ( 178 , 1328, 0);
insert into Skill values ( 1328 , 'General Insurance');
insert into Has_skill values ( 178 , 1330, 0);
insert into Skill values ( 1330 , 'Insurance');
insert into Has_skill values ( 178 , 1336, 0);
insert into Skill values ( 1336 , 'Commercial Insurance');
insert into Has_skill values ( 178 , 1346, 0);
insert into Skill values ( 1346 , 'Litigation Management');
insert into Has_skill values ( 178 , 1355, 0);
insert into Skill values ( 1355 , 'Commercial Lines');
insert into Has_skill values ( 178 , 1343, 0);
insert into Skill values ( 1343 , 'Legal Liability');
insert into Has_skill values ( 178 , 1331, 0);
insert into Skill values ( 1331 , 'Reinsurance');
insert into Has_skill values ( 178 , 1031, 0);
insert into Skill values ( 1031 , 'Property & Casualty...');
insert into Has_skill values ( 178 , 1345, 0);
insert into Skill values ( 1345 , 'Professional Liability');
insert into Has_skill values ( 178 , 1339, 0);
insert into Skill values ( 1339 , 'Brokers');
insert into Has_skill values ( 178 , 1349, 0);
insert into Skill values ( 1349 , 'Litigation');
insert into Has_skill values ( 178 , 1352, 0);
insert into Skill values ( 1352 , 'Claims Handling');
insert into Has_skill values ( 178 , 1335, 0);
insert into Skill values ( 1335 , 'Property Damage');
insert into Has_skill values ( 178 , 1338, 0);
insert into Skill values ( 1338 , 'Indemnity');
insert into Has_skill values ( 178 , 1353, 0);
insert into Skill values ( 1353 , 'Property Claims');
insert into Has_skill values ( 178 , 1356, 0);
insert into Skill values ( 1356 , 'Liability Analysis');
insert into Has_skill values ( 178 , 1354, 0);
insert into Skill values ( 1354 , 'D&O');
insert into Has_skill values ( 178 , 1342, 0);
insert into Skill values ( 1342 , 'Subrogation');
insert into Has_skill values ( 178 , 1362, 0);
insert into Skill values ( 1362 , 'Workers Compensation');
insert into Has_skill values ( 178 , 1329, 0);
insert into Skill values ( 1329 , 'Underwriting');
insert into Has_skill values ( 178 , 1360, 0);
insert into Skill values ( 1360 , 'Casualty Insurance');
insert into Member_of values ( 178 , 1059);
insert into Groups values ( 1059 , 'Insurance Jobs - Arthur Financial', 0);
insert into Member_of values ( 178 , 1060);
insert into Groups values ( 1060 , 'Arthur Financial Recruitment', 0);
insert into Member_of values ( 178 , 1061);
insert into Groups values ( 1061 , 'UK Insurance Jobs', 0);
insert into Employer values ( 1060 , 'Brit Insurance');
insert into Experience values ( 178 , 1060, '2004-08-01', '2014-12-10');

insert into User values ( 179 , 'David' , 'Pond', 271, 0, 'Insurance');
insert into Has_skill values ( 179 , 1339, 0);
insert into Skill values ( 1339 , 'Brokers');
insert into Has_skill values ( 179 , 1363, 0);
insert into Skill values ( 1363 , 'Adjusting');
insert into Has_skill values ( 179 , 1364, 0);
insert into Skill values ( 1364 , 'Insurance Claims');
insert into Has_skill values ( 179 , 1365, 0);
insert into Skill values ( 1365 , 'Adjustments');
insert into Has_skill values ( 179 , 1344, 0);
insert into Skill values ( 1344 , 'Casualty');
insert into Has_skill values ( 179 , 1334, 0);
insert into Skill values ( 1334 , 'Claim');
insert into Has_skill values ( 179 , 1333, 0);
insert into Skill values ( 1333 , 'Claims Management');
insert into Has_skill values ( 179 , 1336, 0);
insert into Skill values ( 1336 , 'Commercial Insurance');
insert into Has_skill values ( 179 , 1355, 0);
insert into Skill values ( 1355 , 'Commercial Lines');
insert into Has_skill values ( 179 , 1328, 0);
insert into Skill values ( 1328 , 'General Insurance');
insert into Has_skill values ( 179 , 1330, 0);
insert into Skill values ( 1330 , 'Insurance');
insert into Has_skill values ( 179 , 1343, 0);
insert into Skill values ( 1343 , 'Legal Liability');
insert into Has_skill values ( 179 , 1332, 0);
insert into Skill values ( 1332 , 'Liability');
insert into Has_skill values ( 179 , 1345, 0);
insert into Skill values ( 1345 , 'Professional Liability');
insert into Has_skill values ( 179 , 629, 0);
insert into Skill values ( 629 , 'Property');
insert into Member_of values ( 179 , 1035);
insert into Groups values ( 1035 , 'Binder Business Insurance in Lloyd's of London', 0);
insert into Member_of values ( 179 , 1039);
insert into Groups values ( 1039 , 'LLOYD'S OF LONDON', 0);
insert into Employer values ( 1061 , 'Liberty Syndicates');
insert into Experience values ( 179 , 1061, '2011-10-01', '2014-12-15');
insert into Employer values ( 1062 , 'Towers Watson');
insert into Experience values ( 179 , 1062, '2006-10-01', '2011-09-05');
insert into Employer values ( 1063 , 'Miller Insurance Services Limited');
insert into Experience values ( 179 , 1063, '2003-10-01', '2006-10-03');

insert into User values ( 180 , 'Ami' , 'Carter', 206, 0, 'Insurance');
insert into Education values ( 180 , 297 , 314 , 'A-Levels', '', '');
insert into University values ( 297 , 'Palmers College');
insert into Education values ( 180 , 298 , 315 , '10 GSCEs - Grades A-C', '', '');
insert into University values ( 298 , 'Woodlands School');
insert into Education values ( 180 , 299 , 202 , '', '', '');
insert into University values ( 299 , 'Lee chapel Primary');
insert into Has_skill values ( 180 , 1330, 0);
insert into Skill values ( 1330 , 'Insurance');
insert into Has_skill values ( 180 , 431, 0);
insert into Skill values ( 431 , 'English');
insert into Has_skill values ( 180 , 1334, 0);
insert into Skill values ( 1334 , 'Claim');
insert into Has_skill values ( 180 , 1329, 0);
insert into Skill values ( 1329 , 'Underwriting');
insert into Has_skill values ( 180 , 1328, 0);
insert into Skill values ( 1328 , 'General Insurance');
insert into Has_skill values ( 180 , 1333, 0);
insert into Skill values ( 1333 , 'Claims Management');
insert into Has_skill values ( 180 , 1332, 0);
insert into Skill values ( 1332 , 'Liability');
insert into Has_skill values ( 180 , 1347, 0);
insert into Skill values ( 1347 , 'Product Liability');
insert into Has_skill values ( 180 , 1348, 0);
insert into Skill values ( 1348 , 'Personal Injury');
insert into Has_skill values ( 180 , 1344, 0);
insert into Skill values ( 1344 , 'Casualty');
insert into Has_skill values ( 180 , 1345, 0);
insert into Skill values ( 1345 , 'Professional Liability');
insert into Has_skill values ( 180 , 1331, 0);
insert into Skill values ( 1331 , 'Reinsurance');
insert into Has_skill values ( 180 , 1343, 0);
insert into Skill values ( 1343 , 'Legal Liability');
insert into Has_skill values ( 180 , 1031, 0);
insert into Skill values ( 1031 , 'Property & Casualty...');
insert into Has_skill values ( 180 , 1352, 0);
insert into Skill values ( 1352 , 'Claims Handling');
insert into Has_skill values ( 180 , 1339, 0);
insert into Skill values ( 1339 , 'Brokers');
insert into Has_skill values ( 180 , 1336, 0);
insert into Skill values ( 1336 , 'Commercial Insurance');
insert into Has_skill values ( 180 , 1355, 0);
insert into Skill values ( 1355 , 'Commercial Lines');
insert into Has_skill values ( 180 , 1338, 0);
insert into Skill values ( 1338 , 'Indemnity');
insert into Member_of values ( 180 , 1038);
insert into Groups values ( 1038 , 'Insurance Professionals', 0);
insert into Member_of values ( 180 , 1051);
insert into Groups values ( 1051 , 'HireInsurancePros.com', 0);
insert into Member_of values ( 180 , 1058);
insert into Groups values ( 1058 , 'Women In Claims', 0);
insert into Knows_language values ( 180 , 501);
insert into Languages values ( 501 , 'English');
insert into Knows_language values ( 180 , 534);
insert into Languages values ( 534 , 'french');
insert into Employer values ( 1064 , 'Canopius Group');
insert into Experience values ( 180 , 1064, '2013-09-01', '2014-12-15');
insert into Employer values ( 1065 , 'Maxwell Claims Services');
insert into Experience values ( 180 , 1065, '2012-08-01', '2013-08-01');
insert into Employer values ( 1066 , 'Marketform');
insert into Experience values ( 180 , 1066, '2010-05-01', '2012-08-02');
insert into Employer values ( 1067 , 'Tysers');
insert into Experience values ( 180 , 1067, '2008-01-01', '2010-04-02');
insert into Employer values ( 1068 , 'Xchanging');
insert into Experience values ( 180 , 1068, '2006-01-01', '');
insert into Employer values ( 1069 , 'Dickson Manchester');
insert into Experience values ( 180 , 1069, '2004-01-01', '');

insert into User values ( 181 , 'Neiha' , 'Chohan', 326, 0, 'Insurance');
insert into Education values ( 181 , 300 , 316 , 'Legal Practice Course', '1999 – 2000', '1999 – 2000');
insert into University values ( 300 , 'College of Law, Guildford');
insert into Education values ( 181 , 301 , 220 , 'Bachelor of Arts (B.A.)', '1996 – 1999', '1996 – 1999');
insert into University values ( 301 , 'DeMontfort University, Leicester');
insert into Education values ( 181 , 302 , 202 , '', '1994 – 1996', '1994 – 1996');
insert into University values ( 302 , 'Northampton Community College');
insert into Education values ( 181 , 303 , 202 , '', '', '');
insert into University values ( 303 , 'Parkside Independent School, Northampton');
insert into Has_skill values ( 181 , 1031, 0);
insert into Skill values ( 1031 , 'Property & Casualty...');
insert into Has_skill values ( 181 , 1331, 0);
insert into Skill values ( 1331 , 'Reinsurance');
insert into Has_skill values ( 181 , 1345, 0);
insert into Skill values ( 1345 , 'Professional Liability');
insert into Has_skill values ( 181 , 1330, 0);
insert into Skill values ( 1330 , 'Insurance');
insert into Has_skill values ( 181 , 1332, 0);
insert into Skill values ( 1332 , 'Liability');
insert into Has_skill values ( 181 , 1334, 0);
insert into Skill values ( 1334 , 'Claim');
insert into Has_skill values ( 181 , 1344, 0);
insert into Skill values ( 1344 , 'Casualty');
insert into Has_skill values ( 181 , 1333, 0);
insert into Skill values ( 1333 , 'Claims Management');
insert into Has_skill values ( 181 , 1343, 0);
insert into Skill values ( 1343 , 'Legal Liability');
insert into Has_skill values ( 181 , 1336, 0);
insert into Skill values ( 1336 , 'Commercial Insurance');
insert into Has_skill values ( 181 , 1328, 0);
insert into Skill values ( 1328 , 'General Insurance');
insert into Has_skill values ( 181 , 1329, 0);
insert into Skill values ( 1329 , 'Underwriting');
insert into Member_of values ( 181 , 1039);
insert into Groups values ( 1039 , 'LLOYDS OF LONDON', 0);
insert into Member_of values ( 181 , 1062);
insert into Groups values ( 1062 , 'Professional Liability Underwriting Society', 0);
insert into Member_of values ( 181 , 1063);
insert into Groups values ( 1063 , 'CII New Generation Claims Group 2012/2013', 0);
insert into Member_of values ( 181 , 1064);
insert into Groups values ( 1064 , 'CII New Generation Groups', 0);
insert into Member_of values ( 181 , 1065);
insert into Groups values ( 1065 , 'P&C Claims Professionals', 0);
insert into Member_of values ( 181 , 1033);
insert into Groups values ( 1033 , 'The Chartered Insurance Institute', 0);
insert into Member_of values ( 181 , 1057);
insert into Groups values ( 1057 , 'Insurance Claims Professionals', 0);
insert into Member_of values ( 181 , 1058);
insert into Groups values ( 1058 , 'Women In Claims', 0);
insert into Employer values ( 1055 , 'Atrium Underwriters Ltd');
insert into Experience values ( 181 , 1055, '2002-08-01', '2014-12-12');
insert into Employer values ( 1055 , 'Atrium Underwriters Ltd');
insert into Experience values ( 181 , 1055, '2002-08-01', '2013-01-10');
insert into Employer values ( 1070 , 'Fishburns solicitors');
insert into Experience values ( 181 , 1070, '2000-07-01', '2002-08-02');

insert into User values ( 182 , 'Miles' , 'Robinson', 382, 0, 'Insurance');
insert into Education values ( 182 , 304 , 317 , 'A Levels', '1979 – 1986', '1979 – 1986');
insert into University values ( 304 , 'King Edwards School, Witley');
insert into Has_skill values ( 182 , 1334, 0);
insert into Skill values ( 1334 , 'Claim');
insert into Has_skill values ( 182 , 1333, 0);
insert into Skill values ( 1333 , 'Claims Management');
insert into Has_skill values ( 182 , 610, 0);
insert into Skill values ( 610 , 'Start-ups');
insert into Has_skill values ( 182 , 1352, 0);
insert into Skill values ( 1352 , 'Claims Handling');
insert into Has_skill values ( 182 , 1328, 0);
insert into Skill values ( 1328 , 'General Insurance');
insert into Has_skill values ( 182 , 1330, 0);
insert into Skill values ( 1330 , 'Insurance');
insert into Has_skill values ( 182 , 1031, 0);
insert into Skill values ( 1031 , 'Property & Casualty...');
insert into Has_skill values ( 182 , 1332, 0);
insert into Skill values ( 1332 , 'Liability');
insert into Has_skill values ( 182 , 1336, 0);
insert into Skill values ( 1336 , 'Commercial Insurance');
insert into Has_skill values ( 182 , 1331, 0);
insert into Skill values ( 1331 , 'Reinsurance');
insert into Has_skill values ( 182 , 1344, 0);
insert into Skill values ( 1344 , 'Casualty');
insert into Has_skill values ( 182 , 1339, 0);
insert into Skill values ( 1339 , 'Brokers');
insert into Has_skill values ( 182 , 1329, 0);
insert into Skill values ( 1329 , 'Underwriting');
insert into Has_skill values ( 182 , 650, 0);
insert into Skill values ( 650 , 'Negotiation');
insert into Has_skill values ( 182 , 778, 0);
insert into Skill values ( 778 , 'Change Management');
insert into Has_skill values ( 182 , 1343, 0);
insert into Skill values ( 1343 , 'Legal Liability');
insert into Has_skill values ( 182 , 1335, 0);
insert into Skill values ( 1335 , 'Property Damage');
insert into Has_skill values ( 182 , 1355, 0);
insert into Skill values ( 1355 , 'Commercial Lines');
insert into Has_skill values ( 182 , 1340, 0);
insert into Skill values ( 1340 , 'Claim Investigation');
insert into Has_skill values ( 182 , 1342, 0);
insert into Skill values ( 1342 , 'Subrogation');
insert into Has_skill values ( 182 , 1356, 0);
insert into Skill values ( 1356 , 'Liability Analysis');
insert into Has_skill values ( 182 , 1366, 0);
insert into Skill values ( 1366 , 'Excess');
insert into Has_skill values ( 182 , 1346, 0);
insert into Skill values ( 1346 , 'Litigation Management');
insert into Has_skill values ( 182 , 1345, 0);
insert into Skill values ( 1345 , 'Professional Liability');
insert into Has_skill values ( 182 , 1354, 0);
insert into Skill values ( 1354 , 'D&O');
insert into Has_skill values ( 182 , 1357, 0);
insert into Skill values ( 1357 , 'Claims Resolution');
insert into Has_skill values ( 182 , 1362, 0);
insert into Skill values ( 1362 , 'Workers Compensation');
insert into Has_skill values ( 182 , 1351, 0);
insert into Skill values ( 1351 , 'Insurance Law');
insert into Has_skill values ( 182 , 1367, 0);
insert into Skill values ( 1367 , 'Health Insurance');
insert into Has_skill values ( 182 , 1337, 0);
insert into Skill values ( 1337 , 'Solvency II');
insert into Has_skill values ( 182 , 1341, 0);
insert into Skill values ( 1341 , 'Marine Insurance');
insert into Has_skill values ( 182 , 1368, 0);
insert into Skill values ( 1368 , 'Actuarial Science');
insert into Has_skill values ( 182 , 1365, 0);
insert into Skill values ( 1365 , 'Adjustments');
insert into Has_skill values ( 182 , 585, 0);
insert into Skill values ( 585 , 'Financial Risk');
insert into Has_skill values ( 182 , 1360, 0);
insert into Skill values ( 1360 , 'Casualty Insurance');
insert into Member_of values ( 182 , 1057);
insert into Groups values ( 1057 , 'Insurance Claims Professionals', 0);
insert into Member_of values ( 182 , 1056);
insert into Groups values ( 1056 , 'London Market Insurance Claims Group', 0);
insert into Member_of values ( 182 , 1038);
insert into Groups values ( 1038 , 'Insurance Professionals', 0);
insert into Member_of values ( 182 , 1066);
insert into Groups values ( 1066 , 'The Insurance Insider', 0);
insert into Member_of values ( 182 , 1039);
insert into Groups values ( 1039 , 'LLOYDS OF LONDON', 0);
insert into Member_of values ( 182 , 1067);
insert into Groups values ( 1067 , 'Operations Manager', 0);
insert into Member_of values ( 182 , 1068);
insert into Groups values ( 1068 , 'Insurance Claim Professionals - Property and Casualty Claims', 0);
insert into Employer values ( 1071 , 'Travelers');
insert into Experience values ( 182 , 1071, '2013-06-01', '2014-12-15');
insert into Employer values ( 1072 , 'Travelers Syndicate Management Ltd');
insert into Experience values ( 182 , 1072, '2010-09-01', '2013-05-02');
insert into Employer values ( 1073 , 'Travelers Asia Pte Ltd');
insert into Experience values ( 182 , 1073, '2007-12-01', '2010-08-02');
insert into Employer values ( 1074 , 'Elliston');
insert into Experience values ( 182 , 1074, '2001-01-01', '');
insert into Employer values ( 1074 , 'Elliston');
insert into Experience values ( 182 , 1074, '2001-01-01', '');

insert into User values ( 183 , 'Andrew' , 'Hayward', 230, 0, 'Insurance');
insert into Education values ( 183 , 305 , 318 , 'Certificate', '1995 – 1997', '1995 – 1997');
insert into University values ( 305 , 'University of York');
insert into Education values ( 183 , 306 , 319 , 'AIC', '1984 – 1987', '1984 – 1987');
insert into University values ( 306 , 'Insurance Institute Of America');
insert into Has_skill values ( 183 , 1333, 0);
insert into Skill values ( 1333 , 'Claims Management');
insert into Has_skill values ( 183 , 1369, 0);
insert into Skill values ( 1369 , 'Claims');
insert into Has_skill values ( 183 , 1330, 0);
insert into Skill values ( 1330 , 'Insurance');
insert into Has_skill values ( 183 , 1031, 0);
insert into Skill values ( 1031 , 'Property & Casualty...');
insert into Has_skill values ( 183 , 1364, 0);
insert into Skill values ( 1364 , 'Insurance Claims');
insert into Has_skill values ( 183 , 1370, 0);
insert into Skill values ( 1370 , 'General Liability');
insert into Has_skill values ( 183 , 1332, 0);
insert into Skill values ( 1332 , 'Liability');
insert into Has_skill values ( 183 , 1328, 0);
insert into Skill values ( 1328 , 'General Insurance');
insert into Has_skill values ( 183 , 1343, 0);
insert into Skill values ( 1343 , 'Legal Liability');
insert into Has_skill values ( 183 , 1329, 0);
insert into Skill values ( 1329 , 'Underwriting');
insert into Has_skill values ( 183 , 1344, 0);
insert into Skill values ( 1344 , 'Casualty');
insert into Member_of values ( 183 , 1066);
insert into Groups values ( 1066 , 'The Insurance Insider', 0);
insert into Member_of values ( 183 , 1069);
insert into Groups values ( 1069 , 'The Insurance Network - United Kingdom', 0);
insert into Member_of values ( 183 , 1057);
insert into Groups values ( 1057 , 'Insurance Claims Professionals', 0);
insert into Member_of values ( 183 , 1039);
insert into Groups values ( 1039 , 'LLOYDS OF LONDON', 0);
insert into Member_of values ( 183 , 1056);
insert into Groups values ( 1056 , 'London Market Insurance Claims Group', 0);
insert into Employer values ( 1075 , 'Catalina Re (FKA Alea London)');
insert into Experience values ( 183 , 1075, '2006-10-01', '2014-12-15');
insert into Employer values ( 1076 , 'Alea London');
insert into Experience values ( 183 , 1076, '2001-01-01', '2006-10-05');

insert into User values ( 184 , 'Ian' , 'Harrison', 500, 0, 'Insurance');
insert into Education values ( 184 , 307 , 320 , 'MSc', '2001 – 2003', '2001 – 2003');
insert into University values ( 307 , 'City University (GB)');
insert into Has_skill values ( 184 , 1334, 0);
insert into Skill values ( 1334 , 'Claim');
insert into Has_skill values ( 184 , 1031, 0);
insert into Skill values ( 1031 , 'Property & Casualty...');
insert into Has_skill values ( 184 , 1333, 0);
insert into Skill values ( 1333 , 'Claims Management');
insert into Has_skill values ( 184 , 1332, 0);
insert into Skill values ( 1332 , 'Liability');
insert into Has_skill values ( 184 , 1331, 0);
insert into Skill values ( 1331 , 'Reinsurance');
insert into Has_skill values ( 184 , 1328, 0);
insert into Skill values ( 1328 , 'General Insurance');
insert into Has_skill values ( 184 , 1342, 0);
insert into Skill values ( 1342 , 'Subrogation');
insert into Has_skill values ( 184 , 1343, 0);
insert into Skill values ( 1343 , 'Legal Liability');
insert into Has_skill values ( 184 , 1335, 0);
insert into Skill values ( 1335 , 'Property Damage');
insert into Has_skill values ( 184 , 1345, 0);
insert into Skill values ( 1345 , 'Professional Liability');
insert into Has_skill values ( 184 , 1347, 0);
insert into Skill values ( 1347 , 'Product Liability');
insert into Has_skill values ( 184 , 1330, 0);
insert into Skill values ( 1330 , 'Insurance');
insert into Has_skill values ( 184 , 1329, 0);
insert into Skill values ( 1329 , 'Underwriting');
insert into Has_skill values ( 184 , 1356, 0);
insert into Skill values ( 1356 , 'Liability Analysis');
insert into Has_skill values ( 184 , 1344, 0);
insert into Skill values ( 1344 , 'Casualty');
insert into Has_skill values ( 184 , 1340, 0);
insert into Skill values ( 1340 , 'Claim Investigation');
insert into Has_skill values ( 184 , 1355, 0);
insert into Skill values ( 1355 , 'Commercial Lines');
insert into Has_skill values ( 184 , 1352, 0);
insert into Skill values ( 1352 , 'Claims Handling');
insert into Has_skill values ( 184 , 1336, 0);
insert into Skill values ( 1336 , 'Commercial Insurance');
insert into Has_skill values ( 184 , 1353, 0);
insert into Skill values ( 1353 , 'Property Claims');
insert into Has_skill values ( 184 , 1354, 0);
insert into Skill values ( 1354 , 'D&O');
insert into Has_skill values ( 184 , 1371, 0);
insert into Skill values ( 1371 , 'Inland Marine');
insert into Has_skill values ( 184 , 1366, 0);
insert into Skill values ( 1366 , 'Excess');
insert into Has_skill values ( 184 , 1339, 0);
insert into Skill values ( 1339 , 'Brokers');
insert into Has_skill values ( 184 , 1338, 0);
insert into Skill values ( 1338 , 'Indemnity');
insert into Has_skill values ( 184 , 1346, 0);
insert into Skill values ( 1346 , 'Litigation Management');
insert into Has_skill values ( 184 , 1359, 0);
insert into Skill values ( 1359 , 'Employment Practices...');
insert into Has_skill values ( 184 , 1351, 0);
insert into Skill values ( 1351 , 'Insurance Law');
insert into Has_skill values ( 184 , 1365, 0);
insert into Skill values ( 1365 , 'Adjustments');
insert into Has_skill values ( 184 , 1372, 0);
insert into Skill values ( 1372 , 'Adjusters');
insert into Has_skill values ( 184 , 1358, 0);
insert into Skill values ( 1358 , 'Accident');
insert into Has_skill values ( 184 , 1373, 0);
insert into Skill values ( 1373 , 'CPCU');
insert into Has_skill values ( 184 , 1374, 0);
insert into Skill values ( 1374 , 'Claims Investigations');
insert into Has_skill values ( 184 , 1362, 0);
insert into Skill values ( 1362 , 'Workers Compensation');
insert into Has_skill values ( 184 , 1375, 0);
insert into Skill values ( 1375 , 'Casualty Claims');
insert into Has_skill values ( 184 , 1360, 0);
insert into Skill values ( 1360 , 'Casualty Insurance');
insert into Member_of values ( 184 , 1056);
insert into Groups values ( 1056 , 'London Market Insurance Claims Group', 0);
insert into Member_of values ( 184 , 1070);
insert into Groups values ( 1070 , 'Reinsurance Professionals', 0);
insert into Member_of values ( 184 , 1036);
insert into Groups values ( 1036 , 'Lloyds of London Insurance Market Group', 0);
insert into Member_of values ( 184 , 1047);
insert into Groups values ( 1047 , 'Change Management UK', 0);
insert into Member_of values ( 184 , 1039);
insert into Groups values ( 1039 , 'LLOYDS OF LONDON', 0);
insert into Member_of values ( 184 , 1071);
insert into Groups values ( 1071 , 'Interstate - Complete Restoration, Construction, & Services', 0);
insert into Member_of values ( 184 , 1072);
insert into Groups values ( 1072 , 'Post Magazine Claims Club', 0);
insert into Member_of values ( 184 , 1038);
insert into Groups values ( 1038 , 'Insurance Professionals', 0);
insert into Member_of values ( 184 , 1057);
insert into Groups values ( 1057 , 'Insurance Claims Professionals', 0);
insert into Member_of values ( 184 , 1073);
insert into Groups values ( 1073 , 'INSURANCE CLAIM ADJUSTER', 0);
insert into Member_of values ( 184 , 1074);
insert into Groups values ( 1074 , 'EGA - Executive General Adjuster Network', 0);
insert into Member_of values ( 184 , 1075);
insert into Groups values ( 1075 , 'Global Insurance Professionals', 0);
insert into Member_of values ( 184 , 1076);
insert into Groups values ( 1076 , 'Insurance & Reinsurance Professionals', 0);
insert into Member_of values ( 184 , 1077);
insert into Groups values ( 1077 , 'ACII (Associate of Chartered insurance institute, UK)', 0);
insert into Member_of values ( 184 , 1069);
insert into Groups values ( 1069 , 'The Insurance Network - United Kingdom', 0);
insert into Member_of values ( 184 , 1078);
insert into Groups values ( 1078 , 'Members of the Chartered Insurance Institute UK', 0);
insert into Member_of values ( 184 , 1079);
insert into Groups values ( 1079 , 'Travelers Companies, Inc.', 0);
insert into Member_of values ( 184 , 1080);
insert into Groups values ( 1080 , 'Risk analysis & Claims handling', 0);
insert into Member_of values ( 184 , 1061);
insert into Groups values ( 1061 , 'UK Insurance Jobs', 0);
insert into Member_of values ( 184 , 1081);
insert into Groups values ( 1081 , 'NAPSLOs Next Generation', 0);
insert into Member_of values ( 184 , 1082);
insert into Groups values ( 1082 , 'Global Insurance Network', 0);
insert into Member_of values ( 184 , 1066);
insert into Groups values ( 1066 , 'The Insurance Insider', 0);
insert into Member_of values ( 184 , 1033);
insert into Groups values ( 1033 , 'The Chartered Insurance Institute', 0);
insert into Member_of values ( 184 , 1083);
insert into Groups values ( 1083 , 'Windstorm Insurance Network, Inc. (WIND) ®', 0);
insert into Member_of values ( 184 , 1084);
insert into Groups values ( 1084 , 'Reinsurance Insurance Professionals Worldwide', 0);
insert into Member_of values ( 184 , 1055);
insert into Groups values ( 1055 , 'Claims management', 0);
insert into Member_of values ( 184 , 1085);
insert into Groups values ( 1085 , 'Aon UK Limited', 0);
insert into Employer values ( 1071 , 'Travelers');
insert into Experience values ( 184 , 1071, '', '');
insert into Employer values ( 1077 , 'Equity Red Star');
insert into Experience values ( 184 , 1077, '1995-09-01', '1997-09-02');
insert into Employer values ( 1078 , 'Swinton Insurance');
insert into Experience values ( 184 , 1078, '1985-06-01', '1995-09-10');

insert into User values ( 185 , 'Nicholas' , 'Sargeant', 221, 0, 'Insurance');
insert into Has_skill values ( 185 , 1334, 0);
insert into Skill values ( 1334 , 'Claim');
insert into Has_skill values ( 185 , 629, 0);
insert into Skill values ( 629 , 'Property');
insert into Has_skill values ( 185 , 1344, 0);
insert into Skill values ( 1344 , 'Casualty');
insert into Has_skill values ( 185 , 1328, 0);
insert into Skill values ( 1328 , 'General Insurance');
insert into Has_skill values ( 185 , 1330, 0);
insert into Skill values ( 1330 , 'Insurance');
insert into Has_skill values ( 185 , 1333, 0);
insert into Skill values ( 1333 , 'Claims Management');
insert into Has_skill values ( 185 , 1336, 0);
insert into Skill values ( 1336 , 'Commercial Insurance');
insert into Has_skill values ( 185 , 1339, 0);
insert into Skill values ( 1339 , 'Brokers');
insert into Has_skill values ( 185 , 1335, 0);
insert into Skill values ( 1335 , 'Property Damage');
insert into Has_skill values ( 185 , 1352, 0);
insert into Skill values ( 1352 , 'Claims Handling');
insert into Has_skill values ( 185 , 1376, 0);
insert into Skill values ( 1376 , 'Energy');
insert into Has_skill values ( 185 , 1357, 0);
insert into Skill values ( 1357 , 'Claims Resolution');
insert into Has_skill values ( 185 , 1353, 0);
insert into Skill values ( 1353 , 'Property Claims');
insert into Has_skill values ( 185 , 1331, 0);
insert into Skill values ( 1331 , 'Reinsurance');
insert into Has_skill values ( 185 , 629, 0);
insert into Skill values ( 629 , 'Property');
insert into Has_skill values ( 185 , 1343, 0);
insert into Skill values ( 1343 , 'Legal Liability');
insert into Has_skill values ( 185 , 1360, 0);
insert into Skill values ( 1360 , 'Casualty Insurance');
insert into Has_skill values ( 185 , 1332, 0);
insert into Skill values ( 1332 , 'Liability');
insert into Employer values ( 1079 , 'Argenta Private Capital Limited');
insert into Experience values ( 185 , 1079, '2014-01-01', '');
insert into Employer values ( 1080 , 'Argo Group International Holdings, Ltd.');
insert into Experience values ( 185 , 1080, '2011-03-01', '2013-12-02');
insert into Employer values ( 1081 , 'Catlin');
insert into Experience values ( 185 , 1081, '2006-11-01', '2011-02-04');

insert into User values ( 186 , 'Shabnam' , 'Huq', 1, 0, 'Insurance');
insert into Employer values ( 1081 , 'Catlin');
insert into Experience values ( 186 , 1081, '', '');

insert into User values ( 187 , 'Matthew' , 'Cocklin', 143, 0, 'Insurance');
insert into Education values ( 187 , 308 , 202 , '', '1981 – 1988', '1981 – 1988');
insert into University values ( 308 , 'The London Oratory School');
insert into Has_skill values ( 187 , 1345, 0);
insert into Skill values ( 1345 , 'Professional Liability');
insert into Has_skill values ( 187 , 1332, 0);
insert into Skill values ( 1332 , 'Liability');
insert into Has_skill values ( 187 , 1343, 0);
insert into Skill values ( 1343 , 'Legal Liability');
insert into Has_skill values ( 187 , 1334, 0);
insert into Skill values ( 1334 , 'Claim');
insert into Has_skill values ( 187 , 1336, 0);
insert into Skill values ( 1336 , 'Commercial Insurance');
insert into Has_skill values ( 187 , 1333, 0);
insert into Skill values ( 1333 , 'Claims Management');
insert into Has_skill values ( 187 , 1031, 0);
insert into Skill values ( 1031 , 'Property & Casualty...');
insert into Has_skill values ( 187 , 1353, 0);
insert into Skill values ( 1353 , 'Property Claims');
insert into Has_skill values ( 187 , 1330, 0);
insert into Skill values ( 1330 , 'Insurance');
insert into Has_skill values ( 187 , 1328, 0);
insert into Skill values ( 1328 , 'General Insurance');
insert into Has_skill values ( 187 , 1354, 0);
insert into Skill values ( 1354 , 'D&O');
insert into Has_skill values ( 187 , 1331, 0);
insert into Skill values ( 1331 , 'Reinsurance');
insert into Has_skill values ( 187 , 1360, 0);
insert into Skill values ( 1360 , 'Casualty Insurance');
insert into Has_skill values ( 187 , 1339, 0);
insert into Skill values ( 1339 , 'Brokers');
insert into Member_of values ( 187 , 1086);
insert into Groups values ( 1086 , 'Property Claims Network', 0);
insert into Member_of values ( 187 , 1059);
insert into Groups values ( 1059 , 'Insurance Jobs - Arthur Financial', 0);
insert into Member_of values ( 187 , 1060);
insert into Groups values ( 1060 , 'Arthur Financial Recruitment', 0);
insert into Member_of values ( 187 , 1087);
insert into Groups values ( 1087 , 'Xactware', 0);
insert into Member_of values ( 187 , 1088);
insert into Groups values ( 1088 , 'Engle Martin & Associates, Inc.', 0);
insert into Member_of values ( 187 , 1089);
insert into Groups values ( 1089 , 'Claims Journal', 0);
insert into Employer values ( 1082 , 'Lloyd & Partners Limited');
insert into Experience values ( 187 , 1082, '2008-04-01', '2014-12-15');
insert into Employer values ( 1083 , 'R K Harrison Insurance Brokers');
insert into Experience values ( 187 , 1083, '2004-11-01', '2008-04-03');
insert into Employer values ( 1084 , 'Besso Ltd');
insert into Experience values ( 187 , 1084, '2000-01-01', '2004-11-04');
insert into Employer values ( 1085 , 'Moore Brown Barnes');
insert into Experience values ( 187 , 1085, '1997-01-01', '');
insert into Employer values ( 1086 , 'Byas Mosley Insurance Brokers');
insert into Experience values ( 187 , 1086, '1992-01-01', '');
insert into Employer values ( 1087 , 'Aldgate Group Brokers Ltd');
insert into Experience values ( 187 , 1087, '1989-12-01', '');

insert into User values ( 188 , 'Justin' , 'Palmer', 204, 0, 'Insurance');
insert into Employer values ( 1082 , 'Lloyd & Partners Limited');
insert into Experience values ( 188 , 1082, '2005-04-01', '2014-12-15');
insert into Employer values ( 1088 , 'R K Carvill');
insert into Experience values ( 188 , 1088, '1995-11-01', '2005-04-09');

insert into User values ( 189 , 'Nick' , 'Barclay', 78, 0, 'Furniture');
insert into Education values ( 189 , 309 , 202 , '', '1988 – 1993', '1988 – 1993');
insert into University values ( 309 , 'Strathallan school');
insert into Member_of values ( 189 , 1090);
insert into Groups values ( 1090 , 'Cabinet Maker Daily Furnishing News', 0);
insert into Employer values ( 1089 , 'Aristarchus Global Sourcing');
insert into Experience values ( 189 , 1089, '2008-09-01', '2014-12-15');

insert into User values ( 190 , 'jan' , 'carter', 84, 0, 'Design');
insert into Education values ( 190 , 310 , 321 , 'Bachelor of education', '', '');
insert into University values ( 310 , 'The Nottingham Trent University');
insert into Has_skill values ( 190 , 476, 0);
insert into Skill values ( 476 , 'Merchandising');
insert into Has_skill values ( 190 , 1377, 0);
insert into Skill values ( 1377 , 'Interior Design');
insert into Has_skill values ( 190 , 480, 0);
insert into Skill values ( 480 , 'Sales Management');
insert into Has_skill values ( 190 , 1378, 0);
insert into Skill values ( 1378 , 'Purchasing');
insert into Has_skill values ( 190 , 353, 0);
insert into Skill values ( 353 , 'Project Management');
insert into Has_skill values ( 190 , 336, 0);
insert into Skill values ( 336 , 'Microsoft Office');
insert into Has_skill values ( 190 , 417, 0);
insert into Skill values ( 417 , 'Management');
insert into Has_skill values ( 190 , 427, 0);
insert into Skill values ( 427 , 'Customer Service');
insert into Has_skill values ( 190 , 381, 0);
insert into Skill values ( 381 , 'Strategic Planning');
insert into Has_skill values ( 190 , 673, 0);
insert into Skill values ( 673 , 'New Business Development');
insert into Has_skill values ( 190 , 1379, 0);
insert into Skill values ( 1379 , 'Product Design');
insert into Has_skill values ( 190 , 466, 0);
insert into Skill values ( 466 , 'Sales');
insert into Has_skill values ( 190 , 1199, 0);
insert into Skill values ( 1199 , 'Retail Sales');
insert into Employer values ( 1090 , 'ObjetLuxe Ltd. (Formerly Ann Coston Ltd)');
insert into Experience values ( 190 , 1090, '2006-01-01', '');
insert into Employer values ( 1091 , 'Christopher Guy');
insert into Experience values ( 190 , 1091, '2010-05-01', '2012-09-02');
insert into Employer values ( 1092 , 'CHRISTOPHER GUY in HARRODS');
insert into Experience values ( 190 , 1092, '2010-05-01', '2012-09-02');
insert into Employer values ( 1093 , 'THEODORE ALEXANDER');
insert into Experience values ( 190 , 1093, '2001-01-01', '2003-07-02');
insert into Employer values ( 1094 , 'THE WADE FURNITURE GROUP');
insert into Experience values ( 190 , 1094, '1989-01-01', '2001-01-12');

insert into User values ( 191 , 'Billy' , 'McColl', 38, 0, 'Arts and Crafts');
insert into Education values ( 191 , 311 , 202 , '', '1973 – 1976', '1973 – 1976');
insert into University values ( 311 , 'Mountview Theatre School');
insert into Has_skill values ( 191 , 1380, 0);
insert into Skill values ( 1380 , 'Plays');
insert into Has_skill values ( 191 , 1381, 0);
insert into Skill values ( 1381 , 'Drama');
insert into Has_skill values ( 191 , 1382, 0);
insert into Skill values ( 1382 , 'Shakespeare');
insert into Has_skill values ( 191 , 1383, 0);
insert into Skill values ( 1383 , 'Theatre');
insert into Has_skill values ( 191 , 1384, 0);
insert into Skill values ( 1384 , 'Acting');
insert into Has_skill values ( 191 , 1385, 0);
insert into Skill values ( 1385 , 'Stage');
insert into Has_skill values ( 191 , 1386, 0);
insert into Skill values ( 1386 , 'Performing Arts');
insert into Has_skill values ( 191 , 1387, 0);
insert into Skill values ( 1387 , 'Stage Combat');
insert into Has_skill values ( 191 , 1388, 0);
insert into Skill values ( 1388 , 'Improvisation');
insert into Member_of values ( 191 , 1091);
insert into Groups values ( 1091 , 'Arts Funding Policy, Practice and Politics', 0);
insert into Employer values ( 1095 , 'Freelance Actor');
insert into Experience values ( 191 , 1095, '1975-11-01', '');

insert into User values ( 192 , 'Martin' , 'Kinsella', 500, 0, 'Medical Practice');
insert into Has_skill values ( 192 , 1389, 0);
insert into Skill values ( 1389 , 'Aesthetics');
insert into Has_skill values ( 192 , 321, 0);
insert into Skill values ( 321 , 'Clinical Research');
insert into Has_skill values ( 192 , 762, 0);
insert into Skill values ( 762 , 'Cosmetics');
insert into Has_skill values ( 192 , 1390, 0);
insert into Skill values ( 1390 , 'Dermatology');
insert into Has_skill values ( 192 , 1391, 0);
insert into Skill values ( 1391 , 'Fillers');
insert into Has_skill values ( 192 , 1036, 0);
insert into Skill values ( 1036 , 'Healthcare');
insert into Has_skill values ( 192 , 1115, 0);
insert into Skill values ( 1115 , 'Healthcare Management');
insert into Has_skill values ( 192 , 1040, 0);
insert into Skill values ( 1040 , 'Hospitals');
insert into Has_skill values ( 192 , 1392, 0);
insert into Skill values ( 1392 , 'Medical Devices');
insert into Has_skill values ( 192 , 1393, 0);
insert into Skill values ( 1393 , 'Laser Hair Removal');
insert into Has_skill values ( 192 , 1288, 0);
insert into Skill values ( 1288 , 'Medical Education');
insert into Has_skill values ( 192 , 1287, 0);
insert into Skill values ( 1287 , 'Medicine');
insert into Has_skill values ( 192 , 1394, 0);
insert into Skill values ( 1394 , 'Plastic Surgery');
insert into Has_skill values ( 192 , 1395, 0);
insert into Skill values ( 1395 , 'Skin Care');
insert into Has_skill values ( 192 , 547, 0);
insert into Skill values ( 547 , 'Surgery');
insert into Has_skill values ( 192 , 1396, 0);
insert into Skill values ( 1396 , 'Treatment');
insert into Employer values ( 1096 , 'Re-enhance skin and body clinic');
insert into Experience values ( 192 , 1096, '', '');

insert into User values ( 193 , 'Claudia' , 'McGloin', 500, 0, 'Hospital & Health Care');
insert into Has_skill values ( 193 , 1397, 0);
insert into Skill values ( 1397 , 'Chemical Peels');
insert into Has_skill values ( 193 , 1389, 0);
insert into Skill values ( 1389 , 'Aesthetics');
insert into Has_skill values ( 193 , 1398, 0);
insert into Skill values ( 1398 , 'Dermal Fillers');
insert into Has_skill values ( 193 , 1399, 0);
insert into Skill values ( 1399 , 'Surgeons');
insert into Has_skill values ( 193 , 1400, 0);
insert into Skill values ( 1400 , 'Neck');
insert into Has_skill values ( 193 , 1036, 0);
insert into Skill values ( 1036 , 'Healthcare');
insert into Has_skill values ( 193 , 547, 0);
insert into Skill values ( 547 , 'Surgery');
insert into Has_skill values ( 193 , 1392, 0);
insert into Skill values ( 1392 , 'Medical Devices');
insert into Has_skill values ( 193 , 1396, 0);
insert into Skill values ( 1396 , 'Treatment');
insert into Has_skill values ( 193 , 321, 0);
insert into Skill values ( 321 , 'Clinical Research');
insert into Has_skill values ( 193 , 1401, 0);
insert into Skill values ( 1401 , 'Nursing');
insert into Has_skill values ( 193 , 318, 0);
insert into Skill values ( 318 , 'Teaching');
insert into Has_skill values ( 193 , 762, 0);
insert into Skill values ( 762 , 'Cosmetics');
insert into Has_skill values ( 193 , 1402, 0);
insert into Skill values ( 1402 , 'Spine');
insert into Has_skill values ( 193 , 1403, 0);
insert into Skill values ( 1403 , 'Orthopedic');
insert into Has_skill values ( 193 , 1404, 0);
insert into Skill values ( 1404 , 'Patient Safety');
insert into Has_skill values ( 193 , 1115, 0);
insert into Skill values ( 1115 , 'Healthcare Management');
insert into Has_skill values ( 193 , 1395, 0);
insert into Skill values ( 1395 , 'Skin Care');
insert into Has_skill values ( 193 , 1405, 0);
insert into Skill values ( 1405 , 'Vascular');
insert into Has_skill values ( 193 , 1287, 0);
insert into Skill values ( 1287 , 'Medicine');
insert into Has_skill values ( 193 , 1390, 0);
insert into Skill values ( 1390 , 'Dermatology');
insert into Has_skill values ( 193 , 1394, 0);
insert into Skill values ( 1394 , 'Plastic Surgery');
insert into Has_skill values ( 193 , 1406, 0);
insert into Skill values ( 1406 , 'Juvederm');
insert into Has_skill values ( 193 , 1407, 0);
insert into Skill values ( 1407 , 'General Surgery');
insert into Has_skill values ( 193 , 546, 0);
insert into Skill values ( 546 , 'Wound Care');
insert into Has_skill values ( 193 , 1391, 0);
insert into Skill values ( 1391 , 'Fillers');
insert into Has_skill values ( 193 , 1288, 0);
insert into Skill values ( 1288 , 'Medical Education');
insert into Has_skill values ( 193 , 1040, 0);
insert into Skill values ( 1040 , 'Hospitals');
insert into Employer values ( 1097 , 'Claudia McGloin Clinic');
insert into Experience values ( 193 , 1097, '2011-12-01', '2014-12-15');
insert into Employer values ( 1098 , 'The Vein Clinic Ireland');
insert into Experience values ( 193 , 1098, '2011-12-01', '2014-12-15');
insert into Employer values ( 1099 , 'Medical Aesthetic Courses');
insert into Experience values ( 193 , 1099, '2011-12-01', '2014-12-15');

insert into User values ( 194 , 'Fiona' , 'Cowie', 500, 0, 'Health, Wellness and Fitness');
insert into Education values ( 194 , 312 , 322 , 'MB.ChB', '1980 – 1985', '1980 – 1985');
insert into University values ( 312 , 'The University of Sheffield');
insert into Education values ( 194 , 313 , 202 , '', '1969 – 1980', '1969 – 1980');
insert into University values ( 313 , 'Cheadle Hulme School');
insert into Has_skill values ( 194 , 1408, 0);
insert into Skill values ( 1408 , 'Laser');
insert into Has_skill values ( 194 , 1397, 0);
insert into Skill values ( 1397 , 'Chemical Peels');
insert into Has_skill values ( 194 , 1409, 0);
insert into Skill values ( 1409 , 'Botox');
insert into Has_skill values ( 194 , 1391, 0);
insert into Skill values ( 1391 , 'Fillers');
insert into Has_skill values ( 194 , 1410, 0);
insert into Skill values ( 1410 , 'Lip Augmentation');
insert into Has_skill values ( 194 , 1398, 0);
insert into Skill values ( 1398 , 'Dermal Fillers');
insert into Has_skill values ( 194 , 1411, 0);
insert into Skill values ( 1411 , 'Sculptra');
insert into Has_skill values ( 194 , 1412, 0);
insert into Skill values ( 1412 , 'Vampire Face Lift');
insert into Has_skill values ( 194 , 1413, 0);
insert into Skill values ( 1413 , 'Medical microneedling');
insert into Has_skill values ( 194 , 1414, 0);
insert into Skill values ( 1414 , 'Neck Lift');
insert into Has_skill values ( 194 , 1415, 0);
insert into Skill values ( 1415 , 'Y-Lifts');
insert into Has_skill values ( 194 , 1416, 0);
insert into Skill values ( 1416 , 'Microdermabrasion');
insert into Has_skill values ( 194 , 1417, 0);
insert into Skill values ( 1417 , 'Weight loss clinics');
insert into Has_skill values ( 194 , 1418, 0);
insert into Skill values ( 1418 , 'Private GP');
insert into Has_skill values ( 194 , 1419, 0);
insert into Skill values ( 1419 , 'Medical Skincare');
insert into Has_skill values ( 194 , 1420, 0);
insert into Skill values ( 1420 , 'General Practice');
insert into Has_skill values ( 194 , 318, 0);
insert into Skill values ( 318 , 'Teaching');
insert into Has_skill values ( 194 , 419, 0);
insert into Skill values ( 419 , 'Training');
insert into Has_skill values ( 194 , 1275, 0);
insert into Skill values ( 1275 , 'Lecturing');
insert into Has_skill values ( 194 , 1421, 0);
insert into Skill values ( 1421 , 'Facelift');
insert into Has_skill values ( 194 , 1422, 0);
insert into Skill values ( 1422 , 'Cosmetic Medicine');
insert into Has_skill values ( 194 , 1423, 0);
insert into Skill values ( 1423 , 'Radiesse');
insert into Has_skill values ( 194 , 1287, 0);
insert into Skill values ( 1287 , 'Medicine');
insert into Has_skill values ( 194 , 1424, 0);
insert into Skill values ( 1424 , 'Restylane');
insert into Has_skill values ( 194 , 1406, 0);
insert into Skill values ( 1406 , 'Juvederm');
insert into Has_skill values ( 194 , 1394, 0);
insert into Skill values ( 1394 , 'Plastic Surgery');
insert into Has_skill values ( 194 , 1425, 0);
insert into Skill values ( 1425 , 'Body Contouring');
insert into Has_skill values ( 194 , 762, 0);
insert into Skill values ( 762 , 'Cosmetics');
insert into Has_skill values ( 194 , 1396, 0);
insert into Skill values ( 1396 , 'Treatment');
insert into Has_skill values ( 194 , 1393, 0);
insert into Skill values ( 1393 , 'Laser Hair Removal');
insert into Has_skill values ( 194 , 1400, 0);
insert into Skill values ( 1400 , 'Neck');
insert into Has_skill values ( 194 , 1426, 0);
insert into Skill values ( 1426 , 'Liposuction');
insert into Has_skill values ( 194 , 1427, 0);
insert into Skill values ( 1427 , 'Botox Cosmetic');
insert into Has_skill values ( 194 , 1389, 0);
insert into Skill values ( 1389 , 'Aesthetics');
insert into Has_skill values ( 194 , 547, 0);
insert into Skill values ( 547 , 'Surgery');
insert into Has_skill values ( 194 , 1428, 0);
insert into Skill values ( 1428 , 'Laser Surgery');
insert into Has_skill values ( 194 , 1429, 0);
insert into Skill values ( 1429 , 'IPL');
insert into Has_skill values ( 194 , 1430, 0);
insert into Skill values ( 1430 , 'Tummy Tuck');
insert into Has_skill values ( 194 , 1431, 0);
insert into Skill values ( 1431 , 'Rhinoplasty');
insert into Has_skill values ( 194 , 1432, 0);
insert into Skill values ( 1432 , 'Breast Augmentation');
insert into Has_skill values ( 194 , 326, 0);
insert into Skill values ( 326 , 'Social Networking');
insert into Has_skill values ( 194 , 1390, 0);
insert into Skill values ( 1390 , 'Dermatology');
insert into Has_skill values ( 194 , 1433, 0);
insert into Skill values ( 1433 , 'Mesotherapy');
insert into Has_skill values ( 194 , 1434, 0);
insert into Skill values ( 1434 , 'Internal Medicine');
insert into Has_skill values ( 194 , 1435, 0);
insert into Skill values ( 1435 , 'Laser Resurfacing');
insert into Has_skill values ( 194 , 1436, 0);
insert into Skill values ( 1436 , 'Acne');
insert into Has_skill values ( 194 , 1437, 0);
insert into Skill values ( 1437 , 'Sclerotherapy');
insert into Has_skill values ( 194 , 1438, 0);
insert into Skill values ( 1438 , 'Reconstructive Surgery');
insert into Has_skill values ( 194 , 1439, 0);
insert into Skill values ( 1439 , 'Skin Cancer');
insert into Has_skill values ( 194 , 1440, 0);
insert into Skill values ( 1440 , 'Hair Removal');
insert into Member_of values ( 194 , 1092);
insert into Groups values ( 1092 , 'The Anti-Aging Professional Network', 0);
insert into Member_of values ( 194 , 1093);
insert into Groups values ( 1093 , 'Med Spa', 0);
insert into Member_of values ( 194 , 1094);
insert into Groups values ( 1094 , 'North West Networking Events', 0);
insert into Member_of values ( 194 , 1095);
insert into Groups values ( 1095 , 'Aesthetic, Age Management & Wellness Business Success', 0);
insert into Member_of values ( 194 , 1096);
insert into Groups values ( 1096 , 'COSMETICMED', 0);
insert into Member_of values ( 194 , 1097);
insert into Groups values ( 1097 , 'Aesthetic Medical Sales Specialists', 0);
insert into Member_of values ( 194 , 1098);
insert into Groups values ( 1098 , 'Lynton Workshops and Masterclasses', 0);
insert into Member_of values ( 194 , 1099);
insert into Groups values ( 1099 , 'Dermatologist Network', 0);
insert into Member_of values ( 194 , 1100);
insert into Groups values ( 1100 , 'Aesthetic Business Advice', 0);
insert into Member_of values ( 194 , 1101);
insert into Groups values ( 1101 , 'Dermal Fillers in Dubai', 0);
insert into Member_of values ( 194 , 1102);
insert into Groups values ( 1102 , 'Medical Spa MD', 0);
insert into Member_of values ( 194 , 1103);
insert into Groups values ( 1103 , 'PRIME International Journal of Aesthetic and Anti-Ageing Medicine', 0);
insert into Member_of values ( 194 , 1104);
insert into Groups values ( 1104 , 'Anti-Aging & Aesthetic Institute', 0);
insert into Member_of values ( 194 , 1105);
insert into Groups values ( 1105 , 'cosmetic surgery, laser body sculpting, and skin rejuvenation', 0);
insert into Member_of values ( 194 , 1106);
insert into Groups values ( 1106 , 'Middle East Healthcare Jobs', 0);
insert into Member_of values ( 194 , 1107);
insert into Groups values ( 1107 , 'Global Aesthetic Dermatology & Cosmetology Group', 0);
insert into Member_of values ( 194 , 1108);
insert into Groups values ( 1108 , 'Aesthetic Injectors', 0);
insert into Member_of values ( 194 , 1109);
insert into Groups values ( 1109 , 'American Academy of Anti-Aging Medicine', 0);
insert into Member_of values ( 194 , 1110);
insert into Groups values ( 1110 , 'Medical Spa Society', 0);
insert into Member_of values ( 194 , 1111);
insert into Groups values ( 1111 , 'ANTI-AGING MEDICINE WORLD CONGRESS', 0);
insert into Member_of values ( 194 , 1112);
insert into Groups values ( 1112 , 'Medical Insight Inc', 0);
insert into Member_of values ( 194 , 1113);
insert into Groups values ( 1113 , 'IAPAM - International Association for Physicians in Aesthetic Medicine', 0);
insert into Member_of values ( 194 , 1114);
insert into Groups values ( 1114 , 'IMCAS Congress', 0);
insert into Member_of values ( 194 , 1115);
insert into Groups values ( 1115 , 'UK Aesthetics Group', 0);
insert into Member_of values ( 194 , 1116);
insert into Groups values ( 1116 , 'H&H Skin Science', 0);
insert into Member_of values ( 194 , 1117);
insert into Groups values ( 1117 , 'FACE Ltd', 0);
insert into Member_of values ( 194 , 1118);
insert into Groups values ( 1118 , 'Marketing Aesthetics Online | Plastic Surgery | Cosmetic Surgery | Med Spas | Salons | Skin Care', 0);
insert into Member_of values ( 194 , 1119);
insert into Groups values ( 1119 , 'iOS Apps in Medicine: iPhone & iPad Uses', 0);
insert into Member_of values ( 194 , 1120);
insert into Groups values ( 1120 , 'Aesthetics & Beauty', 0);
insert into Member_of values ( 194 , 1121);
insert into Groups values ( 1121 , 'Network Cheshire Women In Business', 0);
insert into Member_of values ( 194 , 1122);
insert into Groups values ( 1122 , 'Aesthetic Laser UserGroup', 0);
insert into Member_of values ( 194 , 1123);
insert into Groups values ( 1123 , 'An Empowered Woman', 0);
insert into Member_of values ( 194 , 1124);
insert into Groups values ( 1124 , 'aesthetic surgery inc', 0);
insert into Member_of values ( 194 , 1125);
insert into Groups values ( 1125 , 'The Dermatologist', 0);
insert into Member_of values ( 194 , 1126);
insert into Groups values ( 1126 , 'Network Cheshire & North West', 0);
insert into Member_of values ( 194 , 1127);
insert into Groups values ( 1127 , 'Dubai Cosmetic Surgery', 0);
insert into Member_of values ( 194 , 1128);
insert into Groups values ( 1128 , 'Plastic & Cosmetic Surgery', 0);
insert into Member_of values ( 194 , 1129);
insert into Groups values ( 1129 , 'Cosmetic and Non-Surgical Network', 0);
insert into Member_of values ( 194 , 1130);
insert into Groups values ( 1130 , 'Aesthetic Professionals UK', 0);
insert into Member_of values ( 194 , 1131);
insert into Groups values ( 1131 , 'Hamilton Fraser Cosmetic Insurance', 0);
insert into Member_of values ( 194 , 1132);
insert into Groups values ( 1132 , 'Botox', 0);
insert into Employer values ( 1100 , 'Drs NIcolas and Asp');
insert into Experience values ( 194 , 1100, '2014-02-01', '2014-12-11');
insert into Employer values ( 1101 , 'Cheshire Contours Ltd');
insert into Experience values ( 194 , 1101, '2010-02-01', '2014-12-11');
insert into Employer values ( 1102 , 'Facial Contours');
insert into Experience values ( 194 , 1102, '2010-01-01', '');
insert into Employer values ( 1103 , 'TRANSFORM');
insert into Experience values ( 194 , 1103, '2006-04-01', '2008-01-01');
insert into Employer values ( 1104 , 'Surgicare');
insert into Experience values ( 194 , 1104, '2004-01-01', '');
insert into Employer values ( 1105 , 'MORETON MEDICAL CENTRE');
insert into Experience values ( 194 , 1105, '1990-01-01', '');

insert into User values ( 195 , 'Ruba' , 'Bahhady', 121, 0, 'Medical Practice');
insert into Education values ( 195 , 314 , 323 , 'Dermatology Residency', '2006 – 2010', '2006 – 2010');
insert into University values ( 314 , 'American University of Beirut Medical Center');
insert into Education values ( 195 , 315 , 324 , 'Doctor of Medicine (M.D.)', '2002 – 2006', '2002 – 2006');
insert into University values ( 315 , 'American University of Beirut');
insert into Education values ( 195 , 315 , 219 , 'Bachelor of Science (B.Sc.)', '1999 – 2002', '1999 – 2002');
insert into University values ( 315 , 'American University of Beirut');
insert into Education values ( 195 , 316 , 325 , 'International Baccalaureate', '1997 – 1999', '1997 – 1999');
insert into University values ( 316 , 'ICARDA International School of Aleppo');
insert into Education values ( 195 , 316 , 326 , 'International General Certificate of Secondary Education (IGCSE)', '1985 – 1999', '1985 – 1999');
insert into University values ( 316 , 'ICARDA International School of Aleppo');
insert into Has_skill values ( 195 , 1390, 0);
insert into Skill values ( 1390 , 'Dermatology');
insert into Has_skill values ( 195 , 1441, 0);
insert into Skill values ( 1441 , 'Skin Resurfacing');
insert into Has_skill values ( 195 , 1442, 0);
insert into Skill values ( 1442 , 'Skin Diseases');
insert into Has_skill values ( 195 , 1439, 0);
insert into Skill values ( 1439 , 'Skin Cancer');
insert into Has_skill values ( 195 , 1395, 0);
insert into Skill values ( 1395 , 'Skin Care');
insert into Has_skill values ( 195 , 1427, 0);
insert into Skill values ( 1427 , 'Botox Cosmetic');
insert into Has_skill values ( 195 , 1398, 0);
insert into Skill values ( 1398 , 'Dermal Fillers');
insert into Has_skill values ( 195 , 1408, 0);
insert into Skill values ( 1408 , 'Laser');
insert into Has_skill values ( 195 , 1393, 0);
insert into Skill values ( 1393 , 'Laser Hair Removal');
insert into Has_skill values ( 195 , 1406, 0);
insert into Skill values ( 1406 , 'Juvederm');
insert into Has_skill values ( 195 , 1391, 0);
insert into Skill values ( 1391 , 'Fillers');
insert into Has_skill values ( 195 , 1424, 0);
insert into Skill values ( 1424 , 'Restylane');
insert into Has_skill values ( 195 , 1397, 0);
insert into Skill values ( 1397 , 'Chemical Peels');
insert into Has_skill values ( 195 , 1443, 0);
insert into Skill values ( 1443 , 'Board Certified');
insert into Has_skill values ( 195 , 1428, 0);
insert into Skill values ( 1428 , 'Laser Surgery');
insert into Member_of values ( 195 , 1125);
insert into Groups values ( 1125 , 'The Dermatologist', 0);
insert into Member_of values ( 195 , 1108);
insert into Groups values ( 1108 , 'Aesthetic Injectors', 0);
insert into Member_of values ( 195 , 1133);
insert into Groups values ( 1133 , 'Journal of Drugs in Dermatology', 0);
insert into Member_of values ( 195 , 1111);
insert into Groups values ( 1111 , 'ANTI-AGING MEDICINE WORLD CONGRESS', 0);
insert into Member_of values ( 195 , 1099);
insert into Groups values ( 1099 , 'Dermatologist Network', 0);
insert into Knows_language values ( 195 , 535);
insert into Languages values ( 535 , 'Arabic');
insert into Knows_language values ( 195 , 501);
insert into Languages values ( 501 , 'English');
insert into Employer values ( 1106 , 'Harley Street Medical Centre - Abu Dhabi');
insert into Experience values ( 195 , 1106, '2013-06-01', '2014-03-07');
insert into Employer values ( 1107 , 'Cosmoderm Clinics');
insert into Experience values ( 195 , 1107, '2012-02-01', '2014-12-11');
insert into Employer values ( 1108 , 'International Medical Center - Jeddah');
insert into Experience values ( 195 , 1108, '2010-10-01', '2011-12-01');
insert into Employer values ( 1109 , 'American University of Beirut - Medical Center');
insert into Experience values ( 195 , 1109, '2006-06-01', '2010-06-04');

insert into User values ( 196 , 'Dr.' , 'Hina Shaikh Lal', 175, 0, 'Hospital & Health Care');
insert into Education values ( 196 , 317 , 324 , 'Doctor of Medicine (M.D.)', '1998 – 2001', '1998 – 2001');
insert into University values ( 317 , 'Goa Medical College');
insert into Education values ( 196 , 317 , 327 , 'Bachelor of Medicine, Bachelor of Surgery (M.B.B.S.)', '1992 – 1998', '1992 – 1998');
insert into University values ( 317 , 'Goa Medical College');
insert into Education values ( 196 , 318 , 328 , 'High school', '1986 – 1992', '1986 – 1992');
insert into University values ( 318 , 'Kendriya Vidhyalaya No.1, Vasco-da Gama, Goa, India');
insert into Has_skill values ( 196 , 1036, 0);
insert into Skill values ( 1036 , 'Healthcare');
insert into Has_skill values ( 196 , 1444, 0);
insert into Skill values ( 1444 , 'EMR');
insert into Has_skill values ( 196 , 321, 0);
insert into Skill values ( 321 , 'Clinical Research');
insert into Has_skill values ( 196 , 1040, 0);
insert into Skill values ( 1040 , 'Hospitals');
insert into Has_skill values ( 196 , 1396, 0);
insert into Skill values ( 1396 , 'Treatment');
insert into Has_skill values ( 196 , 1109, 0);
insert into Skill values ( 1109 , 'Healthcare Information...');
insert into Has_skill values ( 196 , 1115, 0);
insert into Skill values ( 1115 , 'Healthcare Management');
insert into Has_skill values ( 196 , 1390, 0);
insert into Skill values ( 1390 , 'Dermatology');
insert into Has_skill values ( 196 , 1397, 0);
insert into Skill values ( 1397 , 'Chemical Peels');
insert into Has_skill values ( 196 , 1433, 0);
insert into Skill values ( 1433 , 'Mesotherapy');
insert into Has_skill values ( 196 , 1288, 0);
insert into Skill values ( 1288 , 'Medical Education');
insert into Has_skill values ( 196 , 762, 0);
insert into Skill values ( 762 , 'Cosmetics');
insert into Has_skill values ( 196 , 1391, 0);
insert into Skill values ( 1391 , 'Fillers');
insert into Has_skill values ( 196 , 1287, 0);
insert into Skill values ( 1287 , 'Medicine');
insert into Has_skill values ( 196 , 1445, 0);
insert into Skill values ( 1445 , 'Cancer');
insert into Has_skill values ( 196 , 1393, 0);
insert into Skill values ( 1393 , 'Laser Hair Removal');
insert into Has_skill values ( 196 , 1436, 0);
insert into Skill values ( 1436 , 'Acne');
insert into Has_skill values ( 196 , 1416, 0);
insert into Skill values ( 1416 , 'Microdermabrasion');
insert into Has_skill values ( 196 , 554, 0);
insert into Skill values ( 554 , 'Pediatrics');
insert into Has_skill values ( 196 , 1446, 0);
insert into Skill values ( 1446 , 'Acne Treatment');
insert into Has_skill values ( 196 , 1408, 0);
insert into Skill values ( 1408 , 'Laser');
insert into Member_of values ( 196 , 1134);
insert into Groups values ( 1134 , 'HealthCare Professionals in Dubai/UAE', 0);
insert into Member_of values ( 196 , 1107);
insert into Groups values ( 1107 , 'Global Aesthetic Dermatology & Cosmetology Group', 0);
insert into Member_of values ( 196 , 1135);
insert into Groups values ( 1135 , 'Dermatology Careers Forum', 0);
insert into Member_of values ( 196 , 1136);
insert into Groups values ( 1136 , 'DOCTOR JOBS PORTAL', 0);
insert into Member_of values ( 196 , 1137);
insert into Groups values ( 1137 , 'Healthcare Professionals in United Arab Emirates', 0);
insert into Member_of values ( 196 , 1099);
insert into Groups values ( 1099 , 'Dermatologist Network', 0);
insert into Member_of values ( 196 , 1138);
insert into Groups values ( 1138 , 'Plastic Surgery and Dermatology Market Research', 0);
insert into Member_of values ( 196 , 1139);
insert into Groups values ( 1139 , 'Online Healthcare Group', 0);
insert into Knows_language values ( 196 , 501);
insert into Languages values ( 501 , 'English');
insert into Knows_language values ( 196 , 504);
insert into Languages values ( 504 , 'Hindi');
insert into Knows_language values ( 196 , 536);
insert into Languages values ( 536 , 'Konkani');
insert into Employer values ( 1110 , 'Al Zahrawi Hospital');
insert into Experience values ( 196 , 1110, '2013-10-01', '2014-12-15');
insert into Employer values ( 1111 , 'At Face-Value');
insert into Experience values ( 196 , 1111, '2012-10-01', '2013-09-01');
insert into Employer values ( 1112 , 'SMRC`s V.M. SALGAOCAR HOSPITAL');
insert into Experience values ( 196 , 1112, '2012-10-01', '2013-09-01');
insert into Employer values ( 1113 , 'Dr. Tariq Hospital, Bahrain');
insert into Experience values ( 196 , 1113, '2007-10-01', '2012-09-05');
insert into Employer values ( 1114 , 'Lotus Children’s Hospital,');
insert into Experience values ( 196 , 1114, '2006-11-01', '2007-08-10');
insert into Employer values ( 1115 , 'Kamneini Wockhardt Hospital');
insert into Experience values ( 196 , 1115, '2006-10-01', '2007-08-11');
insert into Employer values ( 1116 , 'Xinxiang Medical College');
insert into Experience values ( 196 , 1116, '2007-05-01', '2007-07-01');
insert into Employer values ( 1117 , 'Bhaskar general Hospital and Medical College');
insert into Experience values ( 196 , 1117, '2006-02-01', '2007-05-01');
insert into Employer values ( 1118 , 'Kaya Skin Clinic, Hyderabad, India');
insert into Experience values ( 196 , 1118, '2005-11-01', '2006-08-10');
insert into Employer values ( 1119 , 'Goa Medical College and Hospital, Goa, India');
insert into Experience values ( 196 , 1119, '2005-04-01', '2005-11-08');
insert into Employer values ( 1120 , 'Jaslok Hospital and Research Centre, Mumbai');
insert into Experience values ( 196 , 1120, '2004-12-01', '2005-03-04');
insert into Employer values ( 1121 , 'Kaya Skin Clinic, Mumbai, India');
insert into Experience values ( 196 , 1121, '2004-05-01', '2005-03-11');
insert into Employer values ( 1122 , 'Goa Medical College & Hospital, Bambolim, Goa, India.');
insert into Experience values ( 196 , 1122, '2001-03-01', '2004-03-03');
insert into Employer values ( 1123 , 'Goa Medical College & Hospital, Goa, India');
insert into Experience values ( 196 , 1123, '1998-03-01', '2001-03-03');

insert into User values ( 197 , 'Lamis' , 'Boushi', 232, 0, 'Hospital & Health Care');
insert into Education values ( 197 , 319 , 329 , 'Masters degree, Arab Board Degree, PhD degree in dermatology and laser sience.', '2001 – 2005', '2001 – 2005');
insert into University values ( 319 , 'dermatology department in Damascus University');
insert into Education values ( 197 , 320 , 330 , 'Bachelors degree of Medicine.', '1995 – 2001', '1995 – 2001');
insert into University values ( 320 , 'Damascus University');
insert into Has_skill values ( 197 , 1447, 0);
insert into Skill values ( 1447 , 'clinical dermatology,...');
insert into Has_skill values ( 197 , 1391, 0);
insert into Skill values ( 1391 , 'Fillers');
insert into Has_skill values ( 197 , 1389, 0);
insert into Skill values ( 1389 , 'Aesthetics');
insert into Has_skill values ( 197 , 1397, 0);
insert into Skill values ( 1397 , 'Chemical Peels');
insert into Has_skill values ( 197 , 1390, 0);
insert into Skill values ( 1390 , 'Dermatology');
insert into Has_skill values ( 197 , 1440, 0);
insert into Skill values ( 1440 , 'Hair Removal');
insert into Has_skill values ( 197 , 1408, 0);
insert into Skill values ( 1408 , 'Laser');
insert into Has_skill values ( 197 , 1448, 0);
insert into Skill values ( 1448 , 'Skin');
insert into Has_skill values ( 197 , 547, 0);
insert into Skill values ( 547 , 'Surgery');
insert into Has_skill values ( 197 , 1396, 0);
insert into Skill values ( 1396 , 'Treatment');
insert into Has_skill values ( 197 , 321, 0);
insert into Skill values ( 321 , 'Clinical Research');
insert into Has_skill values ( 197 , 1114, 0);
insert into Skill values ( 1114 , 'Physicians');
insert into Has_skill values ( 197 , 1433, 0);
insert into Skill values ( 1433 , 'Mesotherapy');
insert into Member_of values ( 197 , 1140);
insert into Groups values ( 1140 , 'Arabs Business Professionals', 0);
insert into Member_of values ( 197 , 1125);
insert into Groups values ( 1125 , 'The Dermatologist', 0);
insert into Knows_language values ( 197 , 537);
insert into Languages values ( 537 , 'Arabi, English.');
insert into Employer values ( 1124 , 'Oriana Hospital.');
insert into Experience values ( 197 , 1124, '2013-02-01', '2014-12-11');
insert into Employer values ( 1125 , 'Dr Lamis Boushi clinic');
insert into Experience values ( 197 , 1125, '2008-02-01', '2012-12-04');

insert into User values ( 198 , 'Hanieh' , 'Erdmann', 500, 0, 'Hospital & Health Care');
insert into Education values ( 198 , 321 , 331 , 'Dr. med.', '1993 – 1999', '1993 – 1999');
insert into University values ( 321 , 'Universitätsklinikum SH Lübeck-Germany');
insert into Education values ( 198 , 322 , 202 , '', '1991 – 1993', '1991 – 1993');
insert into University values ( 322 , 'Julius-Maximillian-Universität, Würzburg-Germany');
insert into Education values ( 198 , 323 , 202 , '', '1984 – 1989', '1984 – 1989');
insert into University values ( 323 , 'Theodor-Heuss-Gymnasium / Heilbronn-Germany');
insert into Has_skill values ( 198 , 321, 0);
insert into Skill values ( 321 , 'Clinical Research');
insert into Has_skill values ( 198 , 1390, 0);
insert into Skill values ( 1390 , 'Dermatology');
insert into Has_skill values ( 198 , 1036, 0);
insert into Skill values ( 1036 , 'Healthcare');
insert into Has_skill values ( 198 , 1443, 0);
insert into Skill values ( 1443 , 'Board Certified');
insert into Has_skill values ( 198 , 1396, 0);
insert into Skill values ( 1396 , 'Treatment');
insert into Has_skill values ( 198 , 1389, 0);
insert into Skill values ( 1389 , 'Aesthetics');
insert into Has_skill values ( 198 , 1287, 0);
insert into Skill values ( 1287 , 'Medicine');
insert into Has_skill values ( 198 , 1288, 0);
insert into Skill values ( 1288 , 'Medical Education');
insert into Has_skill values ( 198 , 547, 0);
insert into Skill values ( 547 , 'Surgery');
insert into Has_skill values ( 198 , 1115, 0);
insert into Skill values ( 1115 , 'Healthcare Management');
insert into Has_skill values ( 198 , 1449, 0);
insert into Skill values ( 1449 , 'Sun Protection');
insert into Has_skill values ( 198 , 1434, 0);
insert into Skill values ( 1434 , 'Internal Medicine');
insert into Member_of values ( 198 , 1141);
insert into Groups values ( 1141 , 'The Emotional Intelligence Network', 0);
insert into Member_of values ( 198 , 1142);
insert into Groups values ( 1142 , 'Dermatology Forum', 0);
insert into Member_of values ( 198 , 1143);
insert into Groups values ( 1143 , 'American Society for Dermatopathology (ASDP)', 0);
insert into Member_of values ( 198 , 1099);
insert into Groups values ( 1099 , 'Dermatologist Network', 0);
insert into Member_of values ( 198 , 1144);
insert into Groups values ( 1144 , 'Hair Loss Treatments', 0);
insert into Member_of values ( 198 , 1145);
insert into Groups values ( 1145 , 'Informa Healthcare: Dermatology & Reconstructive Surgery Research', 0);
insert into Employer values ( 1126 , 'Emirates Hospital / Cosmesurge Dubai');
insert into Experience values ( 198 , 1126, '2011-09-01', '2014-12-15');
insert into Employer values ( 1127 , 'Dermatology & Medical Spa (Kosmedklinik) Hamburg/Germany');
insert into Experience values ( 198 , 1127, '2010-08-01', '2011-08-01');
insert into Employer values ( 1128 , 'Klinik für Dermatologie , Allergologie und Venerologie');
insert into Experience values ( 198 , 1128, '2006-05-01', '2010-08-04');
insert into Employer values ( 1129 , 'Dermatology Praxis Klinik');
insert into Experience values ( 198 , 1129, '1999-01-01', '');

insert into User values ( 199 , 'Dania' , 'Tannir', 500, 0, 'Medical Practice');
insert into Education values ( 199 , 324 , 332 , 'Mohs surgery fellowship USA', '2000 – 2001', '2000 – 2001');
insert into University values ( 324 , 'Wake Forest University');
insert into Education values ( 199 , 315 , 333 , 'Dermatology', '1994 – 1998', '1994 – 1998');
insert into University values ( 315 , 'American University of Beirut');
insert into Education values ( 199 , 315 , 324 , 'Doctor of Medicine (M.D.)', '1990 – 1994', '1990 – 1994');
insert into University values ( 315 , 'American University of Beirut');
insert into Education values ( 199 , 315 , 214 , 'Bachelor of Science (BS)', '1987 – 1990', '1987 – 1990');
insert into University values ( 315 , 'American University of Beirut');
insert into Has_skill values ( 199 , 1427, 0);
insert into Skill values ( 1427 , 'Botox Cosmetic');
insert into Has_skill values ( 199 , 1398, 0);
insert into Skill values ( 1398 , 'Dermal Fillers');
insert into Has_skill values ( 199 , 1433, 0);
insert into Skill values ( 1433 , 'Mesotherapy');
insert into Has_skill values ( 199 , 1393, 0);
insert into Skill values ( 1393 , 'Laser Hair Removal');
insert into Has_skill values ( 199 , 1450, 0);
insert into Skill values ( 1450 , 'revlite');
insert into Has_skill values ( 199 , 1451, 0);
insert into Skill values ( 1451 , 'eC02 LASER');
insert into Has_skill values ( 199 , 1452, 0);
insert into Skill values ( 1452 , 'General Dermatology');
insert into Has_skill values ( 199 , 1453, 0);
insert into Skill values ( 1453 , 'liposuction');
insert into Has_skill values ( 199 , 1454, 0);
insert into Skill values ( 1454 , 'Hair Transplant');
insert into Has_skill values ( 199 , 1455, 0);
insert into Skill values ( 1455 , 'Mohs Surgery');
insert into Has_skill values ( 199 , 1456, 0);
insert into Skill values ( 1456 , 'Phlebology');
insert into Member_of values ( 199 , 1102);
insert into Groups values ( 1102 , 'Medical Spa MD', 0);
insert into Member_of values ( 199 , 1146);
insert into Groups values ( 1146 , 'Doxodus - A Social Network of Doctors with Nonclinical Careers', 0);
insert into Member_of values ( 199 , 1147);
insert into Groups values ( 1147 , 'Dermatology Professional Connection', 0);
insert into Member_of values ( 199 , 1148);
insert into Groups values ( 1148 , 'Private Label Skin Care Manufacturer - Cosmetic Solutions', 0);
insert into Member_of values ( 199 , 1136);
insert into Groups values ( 1136 , 'DOCTOR JOBS PORTAL', 0);
insert into Member_of values ( 199 , 1143);
insert into Groups values ( 1143 , 'American Society for Dermatopathology (ASDP)', 0);
insert into Member_of values ( 199 , 1149);
insert into Groups values ( 1149 , 'Dr. Sulaiman Al-Habib Medical Group (HMG)', 0);
insert into Member_of values ( 199 , 1107);
insert into Groups values ( 1107 , 'Global Aesthetic Dermatology & Cosmetology Group', 0);
insert into Member_of values ( 199 , 1150);
insert into Groups values ( 1150 , 'Cardiology Network and Forum', 0);
insert into Member_of values ( 199 , 1138);
insert into Groups values ( 1138 , 'Plastic Surgery and Dermatology Market Research', 0);
insert into Member_of values ( 199 , 1108);
insert into Groups values ( 1108 , 'Aesthetic Injectors', 0);
insert into Member_of values ( 199 , 1151);
insert into Groups values ( 1151 , 'Global Medical Careers', 0);
insert into Member_of values ( 199 , 1152);
insert into Groups values ( 1152 , 'Dialysis Networking Group', 0);
insert into Member_of values ( 199 , 1153);
insert into Groups values ( 1153 , 'Nanodermatology Society', 0);
insert into Member_of values ( 199 , 1154);
insert into Groups values ( 1154 , 'Kidney & Urology Foundation of America', 0);
insert into Member_of values ( 199 , 1113);
insert into Groups values ( 1113 , 'IAPAM - International Association for Physicians in Aesthetic Medicine', 0);
insert into Member_of values ( 199 , 1125);
insert into Groups values ( 1125 , 'The Dermatologist', 0);
insert into Member_of values ( 199 , 1155);
insert into Groups values ( 1155 , 'AUB Alumni', 0);
insert into Member_of values ( 199 , 1156);
insert into Groups values ( 1156 , 'American University of Beirut (AUB)', 0);
insert into Member_of values ( 199 , 1157);
insert into Groups values ( 1157 , 'Interventional Nephrology Networking', 0);
insert into Member_of values ( 199 , 1158);
insert into Groups values ( 1158 , 'Doctors Hangout', 0);
insert into Member_of values ( 199 , 1134);
insert into Groups values ( 1134 , 'HealthCare Professionals in Dubai/UAE', 0);
insert into Member_of values ( 199 , 1132);
insert into Groups values ( 1132 , 'Botox', 0);
insert into Member_of values ( 199 , 1159);
insert into Groups values ( 1159 , 'GCC Healthcare Network - Saudi -UAE, Dubai - Qatar - Bahrain ..', 0);
insert into Member_of values ( 199 , 1160);
insert into Groups values ( 1160 , 'Medical Lasers', 0);
insert into Member_of values ( 199 , 1161);
insert into Groups values ( 1161 , 'Cardiovascular Medical Devices Group', 0);
insert into Member_of values ( 199 , 1162);
insert into Groups values ( 1162 , 'Dubai Derma', 0);
insert into Member_of values ( 199 , 1133);
insert into Groups values ( 1133 , 'Journal of Drugs in Dermatology', 0);
insert into Member_of values ( 199 , 1163);
insert into Groups values ( 1163 , 'Dermatologists', 0);
insert into Member_of values ( 199 , 1164);
insert into Groups values ( 1164 , 'Nephrology Networking Group', 0);
insert into Member_of values ( 199 , 1165);
insert into Groups values ( 1165 , 'Medical Doctors (MD / DO) Group', 0);
insert into Member_of values ( 199 , 1114);
insert into Groups values ( 1114 , 'IMCAS Congress', 0);
insert into Member_of values ( 199 , 1105);
insert into Groups values ( 1105 , 'cosmetic surgery, laser body sculpting, and skin rejuvenation', 0);
insert into Member_of values ( 199 , 1166);
insert into Groups values ( 1166 , 'American University of Beirut', 0);
insert into Member_of values ( 199 , 1167);
insert into Groups values ( 1167 , 'Healthcare Cities UAE', 0);
insert into Member_of values ( 199 , 1168);
insert into Groups values ( 1168 , 'AUB', 0);
insert into Member_of values ( 199 , 1130);
insert into Groups values ( 1130 , 'Aesthetic Professionals UK', 0);
insert into Member_of values ( 199 , 1128);
insert into Groups values ( 1128 , 'Plastic & Cosmetic Surgery', 0);
insert into Member_of values ( 199 , 1099);
insert into Groups values ( 1099 , 'Dermatologist Network', 0);
insert into Member_of values ( 199 , 1169);
insert into Groups values ( 1169 , 'Medical Device Field - MDField', 0);
insert into Knows_language values ( 199 , 535);
insert into Languages values ( 535 , 'Arabic');
insert into Knows_language values ( 199 , 501);
insert into Languages values ( 501 , 'English');
insert into Knows_language values ( 199 , 509);
insert into Languages values ( 509 , 'French');
insert into Employer values ( 1130 , 'Cosmesurge and Emirates Hospital');
insert into Experience values ( 199 , 1130, '2011-05-01', '2013-04-02');
insert into Employer values ( 1131 , 'Kingdom Hospital');
insert into Experience values ( 199 , 1131, '2002-11-01', '2011-04-08');

insert into User values ( 200 , 'Hanna' , 'Raitio', 500, 0, 'Medical Practice');
insert into Education values ( 200 , 325 , 334 , 'MBA-studies', '2003 – 2004', '2003 – 2004');
insert into University values ( 325 , 'Helsinki School of Economics');
insert into Education values ( 200 , 326 , 335 , 'Docent (Adjunct Professor)', '1993 – 2000', '1993 – 2000');
insert into University values ( 326 , 'University of Helsinki Medical School');
insert into Education values ( 200 , 327 , 336 , 'Specialist in Dermatology & Venereology', '1993 – 1998', '1993 – 1998');
insert into University values ( 327 , 'University of Helsinki / Medical School');
insert into Education values ( 200 , 328 , 290 , 'Doctor of Philosophy (Ph.D.)', '1990 – 1993', '1990 – 1993');
insert into University values ( 328 , 'University of Tampere Medical School');
insert into Education values ( 200 , 329 , 337 , 'PhD', '1985 – 1993', '1985 – 1993');
insert into University values ( 329 , 'University of Tampere');
insert into Education values ( 200 , 329 , 281 , 'Doctor of Medicine (MD)', '1985 – 1990', '1985 – 1990');
insert into University values ( 329 , 'University of Tampere');
insert into Education values ( 200 , 330 , 338 , 'Matriculation examination', '1978 – 1981', '1978 – 1981');
insert into University values ( 330 , 'Tapiolan lukio');
insert into Has_skill values ( 200 , 1457, 0);
insert into Skill values ( 1457 , 'Dermatologist');
insert into Has_skill values ( 200 , 1458, 0);
insert into Skill values ( 1458 , 'Aesthetic dermatology');
insert into Has_skill values ( 200 , 1398, 0);
insert into Skill values ( 1398 , 'Dermal Fillers');
insert into Has_skill values ( 200 , 1409, 0);
insert into Skill values ( 1409 , 'Botox');
insert into Has_skill values ( 200 , 1423, 0);
insert into Skill values ( 1423 , 'Radiesse');
insert into Has_skill values ( 200 , 1459, 0);
insert into Skill values ( 1459 , 'Chemical peels');
insert into Has_skill values ( 200 , 1460, 0);
insert into Skill values ( 1460 , 'PRP-treatment');
insert into Has_skill values ( 200 , 1461, 0);
insert into Skill values ( 1461 , 'CIT');
insert into Has_skill values ( 200 , 1433, 0);
insert into Skill values ( 1433 , 'Mesotherapy');
insert into Has_skill values ( 200 , 1462, 0);
insert into Skill values ( 1462 , 'IPL2');
insert into Has_skill values ( 200 , 1463, 0);
insert into Skill values ( 1463 , 'Dermabrasion');
insert into Has_skill values ( 200 , 1464, 0);
insert into Skill values ( 1464 , 'Cognitive Therapy');
insert into Has_skill values ( 200 , 1390, 0);
insert into Skill values ( 1390 , 'Dermatology');
insert into Has_skill values ( 200 , 1389, 0);
insert into Skill values ( 1389 , 'Aesthetics');
insert into Has_skill values ( 200 , 1397, 0);
insert into Skill values ( 1397 , 'Chemical Peels');
insert into Has_skill values ( 200 , 762, 0);
insert into Skill values ( 762 , 'Cosmetics');
insert into Has_skill values ( 200 , 330, 0);
insert into Skill values ( 330 , 'Pharmaceutical Industry');
insert into Has_skill values ( 200 , 1036, 0);
insert into Skill values ( 1036 , 'Healthcare');
insert into Has_skill values ( 200 , 1396, 0);
insert into Skill values ( 1396 , 'Treatment');
insert into Has_skill values ( 200 , 1287, 0);
insert into Skill values ( 1287 , 'Medicine');
insert into Has_skill values ( 200 , 1391, 0);
insert into Skill values ( 1391 , 'Fillers');
insert into Has_skill values ( 200 , 1394, 0);
insert into Skill values ( 1394 , 'Plastic Surgery');
insert into Has_skill values ( 200 , 1434, 0);
insert into Skill values ( 1434 , 'Internal Medicine');
insert into Has_skill values ( 200 , 321, 0);
insert into Skill values ( 321 , 'Clinical Research');
insert into Has_skill values ( 200 , 1445, 0);
insert into Skill values ( 1445 , 'Cancer');
insert into Has_skill values ( 200 , 1288, 0);
insert into Skill values ( 1288 , 'Medical Education');
insert into Has_skill values ( 200 , 547, 0);
insert into Skill values ( 547 , 'Surgery');
insert into Has_skill values ( 200 , 1465, 0);
insert into Skill values ( 1465 , 'Clinical Trials');
insert into Member_of values ( 200 , 873);
insert into Groups values ( 873 , 'Medical Devices Group', 0);
insert into Member_of values ( 200 , 506);
insert into Groups values ( 506 , 'Harvard Business Review', 0);
insert into Member_of values ( 200 , 1170);
insert into Groups values ( 1170 , 'Expat Health', 0);
insert into Member_of values ( 200 , 1171);
insert into Groups values ( 1171 , 'Beauty Blogs', 0);
insert into Member_of values ( 200 , 1172);
insert into Groups values ( 1172 , 'Finnish Business Council UAE', 0);
insert into Member_of values ( 200 , 1147);
insert into Groups values ( 1147 , 'Dermatology Professional Connection', 0);
insert into Member_of values ( 200 , 1173);
insert into Groups values ( 1173 , 'Dermatology / Aesthetic / Plastic Surgery Sales or Marketing group', 0);
insert into Member_of values ( 200 , 1105);
insert into Groups values ( 1105 , 'cosmetic surgery, laser body sculpting, and skin rejuvenation', 0);
insert into Member_of values ( 200 , 1174);
insert into Groups values ( 1174 , 'Informa Healthcare: Obstetrics, Gynecological and Reproductive Medicine', 0);
insert into Member_of values ( 200 , 1175);
insert into Groups values ( 1175 , 'Cell Therapy Industry group', 0);
insert into Member_of values ( 200 , 1176);
insert into Groups values ( 1176 , 'Doctors in UAE', 0);
insert into Member_of values ( 200 , 1102);
insert into Groups values ( 1102 , 'Medical Spa MD', 0);
insert into Member_of values ( 200 , 1177);
insert into Groups values ( 1177 , 'Talent Pool Finland', 0);
insert into Member_of values ( 200 , 1178);
insert into Groups values ( 1178 , 'Acne Specialists', 0);
insert into Member_of values ( 200 , 1179);
insert into Groups values ( 1179 , 'Boehringer Ingelheim Alumni', 0);
insert into Member_of values ( 200 , 1162);
insert into Groups values ( 1162 , 'Dubai Derma', 0);
insert into Member_of values ( 200 , 1180);
insert into Groups values ( 1180 , 'Dubai Recruitment', 0);
insert into Member_of values ( 200 , 1181);
insert into Groups values ( 1181 , 'Cosmetics and Beauty Network', 0);
insert into Member_of values ( 200 , 1182);
insert into Groups values ( 1182 , 'Skin Cancer Doctors', 0);
insert into Member_of values ( 200 , 1136);
insert into Groups values ( 1136 , 'DOCTOR JOBS PORTAL', 0);
insert into Member_of values ( 200 , 1132);
insert into Groups values ( 1132 , 'Botox', 0);
insert into Member_of values ( 200 , 1183);
insert into Groups values ( 1183 , 'HEALTH BAY POLYCLINIC', 0);
insert into Member_of values ( 200 , 1107);
insert into Groups values ( 1107 , 'Global Aesthetic Dermatology & Cosmetology Group', 0);
insert into Member_of values ( 200 , 1125);
insert into Groups values ( 1125 , 'The Dermatologist', 0);
insert into Member_of values ( 200 , 1184);
insert into Groups values ( 1184 , 'Medical Healthcare Jobs UK & Ireland', 0);
insert into Member_of values ( 200 , 868);
insert into Groups values ( 868 , 'Society of Physician Entrepreneurs (SoPE)', 0);
insert into Member_of values ( 200 , 1099);
insert into Groups values ( 1099 , 'Dermatologist Network', 0);
insert into Member_of values ( 200 , 1185);
insert into Groups values ( 1185 , 'Pistor Mesotherapy', 0);
insert into Knows_language values ( 200 , 538);
insert into Languages values ( 538 , 'Finnish');
insert into Knows_language values ( 200 , 501);
insert into Languages values ( 501 , 'English');
insert into Knows_language values ( 200 , 539);
insert into Languages values ( 539 , 'Swedish');
insert into Knows_language values ( 200 , 540);
insert into Languages values ( 540 , 'Germany');
insert into Employer values ( 1132 , 'Adenova');
insert into Experience values ( 200 , 1132, '2013-07-01', '2014-12-15');
insert into Employer values ( 1133 , 'Dextra Plastic Surgery Hospital');
insert into Experience values ( 200 , 1133, '2010-11-01', '2014-12-15');
insert into Employer values ( 1134 , 'Avederma Finland Ltd');
insert into Experience values ( 200 , 1134, '2009-08-01', '2014-12-15');
insert into Employer values ( 1135 , 'Hospital District of Helsinki and Uusimaa (HUS)');
insert into Experience values ( 200 , 1135, '2000-01-01', '2014-12-14');
insert into Employer values ( 1136 , 'Lääkärikeskus Aava Tapiola');
insert into Experience values ( 200 , 1136, '2001-02-01', '2014-07-13');
insert into Employer values ( 1137 , 'Sairaala Eira / Eira Private Hospital');
insert into Experience values ( 200 , 1137, '2005-01-01', '');
insert into Employer values ( 1138 , 'Schering-Plough Finland');
insert into Experience values ( 200 , 1138, '2004-01-01', '');
insert into Employer values ( 1139 , 'Boehringer Ingelheim Finland');
insert into Experience values ( 200 , 1139, '2001-01-01', '');
insert into Employer values ( 1140 , 'Skin and Allergy Hospital, HUS');
insert into Experience values ( 200 , 1140, '1993-09-01', '2000-03-06');

insert into User values ( 201 , 'Juliana' , 'ghaben', 500, 0, 'Hospital & Health Care');
insert into Has_skill values ( 201 , 1424, 0);
insert into Skill values ( 1424 , 'Restylane');
insert into Has_skill values ( 201 , 1428, 0);
insert into Skill values ( 1428 , 'Laser Surgery');
insert into Has_skill values ( 201 , 1393, 0);
insert into Skill values ( 1393 , 'Laser Hair Removal');
insert into Has_skill values ( 201 , 1397, 0);
insert into Skill values ( 1397 , 'Chemical Peels');
insert into Has_skill values ( 201 , 1436, 0);
insert into Skill values ( 1436 , 'Acne');
insert into Has_skill values ( 201 , 1390, 0);
insert into Skill values ( 1390 , 'Dermatology');
insert into Has_skill values ( 201 , 1416, 0);
insert into Skill values ( 1416 , 'Microdermabrasion');
insert into Has_skill values ( 201 , 1395, 0);
insert into Skill values ( 1395 , 'Skin Care');
insert into Has_skill values ( 201 , 762, 0);
insert into Skill values ( 762 , 'Cosmetics');
insert into Has_skill values ( 201 , 1466, 0);
insert into Skill values ( 1466 , 'Spa');
insert into Has_skill values ( 201 , 1467, 0);
insert into Skill values ( 1467 , 'Health');
insert into Has_skill values ( 201 , 1118, 0);
insert into Skill values ( 1118 , 'Nutrition');
insert into Has_skill values ( 201 , 1391, 0);
insert into Skill values ( 1391 , 'Fillers');
insert into Has_skill values ( 201 , 1406, 0);
insert into Skill values ( 1406 , 'Juvederm');
insert into Has_skill values ( 201 , 1389, 0);
insert into Skill values ( 1389 , 'Aesthetics');
insert into Has_skill values ( 201 , 1396, 0);
insert into Skill values ( 1396 , 'Treatment');
insert into Has_skill values ( 201 , 1468, 0);
insert into Skill values ( 1468 , 'Allergy');
insert into Has_skill values ( 201 , 1392, 0);
insert into Skill values ( 1392 , 'Medical Devices');
insert into Has_skill values ( 201 , 1119, 0);
insert into Skill values ( 1119 , 'Wellness');
insert into Has_skill values ( 201 , 1469, 0);
insert into Skill values ( 1469 , 'Cosmetic Surgery');
insert into Has_skill values ( 201 , 1423, 0);
insert into Skill values ( 1423 , 'Radiesse');
insert into Has_skill values ( 201 , 1435, 0);
insert into Skill values ( 1435 , 'Laser Resurfacing');
insert into Has_skill values ( 201 , 1470, 0);
insert into Skill values ( 1470 , 'Tattoo Removal');
insert into Has_skill values ( 201 , 1422, 0);
insert into Skill values ( 1422 , 'Cosmetic Medicine');
insert into Has_skill values ( 201 , 1471, 0);
insert into Skill values ( 1471 , 'Contouring');
insert into Has_skill values ( 201 , 1472, 0);
insert into Skill values ( 1472 , 'Fraxel');
insert into Has_skill values ( 201 , 1441, 0);
insert into Skill values ( 1441 , 'Skin Resurfacing');
insert into Has_skill values ( 201 , 1446, 0);
insert into Skill values ( 1446 , 'Acne Treatment');
insert into Has_skill values ( 201 , 1473, 0);
insert into Skill values ( 1473 , 'Sun Damage');
insert into Has_skill values ( 201 , 1474, 0);
insert into Skill values ( 1474 , 'Hyperpigmentation');
insert into Has_skill values ( 201 , 1475, 0);
insert into Skill values ( 1475 , 'Wrinkles');
insert into Has_skill values ( 201 , 1476, 0);
insert into Skill values ( 1476 , 'Sensitive Skin');
insert into Has_skill values ( 201 , 1477, 0);
insert into Skill values ( 1477 , 'Eczema');
insert into Has_skill values ( 201 , 1478, 0);
insert into Skill values ( 1478 , 'SCAR');
insert into Has_skill values ( 201 , 1479, 0);
insert into Skill values ( 1479 , 'Cellulite');
insert into Has_skill values ( 201 , 1433, 0);
insert into Skill values ( 1433 , 'Mesotherapy');
insert into Has_skill values ( 201 , 1398, 0);
insert into Skill values ( 1398 , 'Dermal Fillers');
insert into Has_skill values ( 201 , 1427, 0);
insert into Skill values ( 1427 , 'Botox Cosmetic');
insert into Has_skill values ( 201 , 1448, 0);
insert into Skill values ( 1448 , 'Skin');
insert into Has_skill values ( 201 , 1425, 0);
insert into Skill values ( 1425 , 'Body Contouring');
insert into Has_skill values ( 201 , 1480, 0);
insert into Skill values ( 1480 , 'Perlane');
insert into Has_skill values ( 201 , 1481, 0);
insert into Skill values ( 1481 , 'Injectable Fillers');
insert into Has_skill values ( 201 , 1429, 0);
insert into Skill values ( 1429 , 'IPL');
insert into Has_skill values ( 201 , 1482, 0);
insert into Skill values ( 1482 , 'Rosacea');
insert into Has_skill values ( 201 , 1442, 0);
insert into Skill values ( 1442 , 'Skin Diseases');
insert into Has_skill values ( 201 , 1483, 0);
insert into Skill values ( 1483 , 'Medical Lasers');
insert into Has_skill values ( 201 , 1484, 0);
insert into Skill values ( 1484 , 'Cosmetology');
insert into Has_skill values ( 201 , 1485, 0);
insert into Skill values ( 1485 , 'Warts');
insert into Has_skill values ( 201 , 1421, 0);
insert into Skill values ( 1421 , 'Facelift');
insert into Has_skill values ( 201 , 1426, 0);
insert into Skill values ( 1426 , 'Liposuction');
insert into Member_of values ( 201 , 1178);
insert into Groups values ( 1178 , 'Acne Specialists', 0);
insert into Member_of values ( 201 , 1111);
insert into Groups values ( 1111 , 'ANTI-AGING MEDICINE WORLD CONGRESS', 0);
insert into Member_of values ( 201 , 1186);
insert into Groups values ( 1186 , 'Aesthetics Educators of America', 0);
insert into Member_of values ( 201 , 1187);
insert into Groups values ( 1187 , 'Stryker Ortho Medical Device Sales', 0);
insert into Member_of values ( 201 , 1188);
insert into Groups values ( 1188 , 'The Clinic Finder', 0);
insert into Member_of values ( 201 , 1103);
insert into Groups values ( 1103 , 'PRIME International Journal of Aesthetic and Anti-Ageing Medicine', 0);
insert into Member_of values ( 201 , 1189);
insert into Groups values ( 1189 , 'MEDICAL JOBS in GCC', 0);
insert into Member_of values ( 201 , 1190);
insert into Groups values ( 1190 , 'UK Medical Aesthetics Group', 0);
insert into Member_of values ( 201 , 1180);
insert into Groups values ( 1180 , 'Dubai Recruitment', 0);
insert into Member_of values ( 201 , 1191);
insert into Groups values ( 1191 , 'Aesthetic beauity machines sharing', 0);
insert into Member_of values ( 201 , 1181);
insert into Groups values ( 1181 , 'Cosmetics and Beauty Network', 0);
insert into Member_of values ( 201 , 1173);
insert into Groups values ( 1173 , 'Dermatology / Aesthetic / Plastic Surgery Sales or Marketing group', 0);
insert into Member_of values ( 201 , 1192);
insert into Groups values ( 1192 , 'Medical Tourism Worldwide', 0);
insert into Member_of values ( 201 , 1133);
insert into Groups values ( 1133 , 'Journal of Drugs in Dermatology', 0);
insert into Member_of values ( 201 , 1132);
insert into Groups values ( 1132 , 'Botox', 0);
insert into Member_of values ( 201 , 1099);
insert into Groups values ( 1099 , 'Dermatologist Network', 0);
insert into Member_of values ( 201 , 1160);
insert into Groups values ( 1160 , 'Medical Lasers', 0);
insert into Member_of values ( 201 , 1130);
insert into Groups values ( 1130 , 'Aesthetic Professionals UK', 0);
insert into Member_of values ( 201 , 1104);
insert into Groups values ( 1104 , 'Anti-Aging & Aesthetic Institute', 0);
insert into Member_of values ( 201 , 1193);
insert into Groups values ( 1193 , 'Hospital Build & Infrastructure', 0);
insert into Member_of values ( 201 , 1118);
insert into Groups values ( 1118 , 'Marketing Aesthetics Online | Plastic Surgery | Cosmetic Surgery | Med Spas | Salons | Skin Care', 0);
insert into Member_of values ( 201 , 873);
insert into Groups values ( 873 , 'Medical Devices Group', 0);
insert into Member_of values ( 201 , 1194);
insert into Groups values ( 1194 , 'The World Health Care Congress Middle East', 0);
insert into Member_of values ( 201 , 1195);
insert into Groups values ( 1195 , 'Beauty, Fashion and Wellness Professionals', 0);
insert into Member_of values ( 201 , 1107);
insert into Groups values ( 1107 , 'Global Aesthetic Dermatology & Cosmetology Group', 0);
insert into Member_of values ( 201 , 1196);
insert into Groups values ( 1196 , 'Health 2.0', 0);
insert into Member_of values ( 201 , 1197);
insert into Groups values ( 1197 , 'Associated Skin Care Professionals (ASCP)', 0);
insert into Member_of values ( 201 , 1198);
insert into Groups values ( 1198 , 'Informa Healthcare: Anti-Aging Research', 0);
insert into Member_of values ( 201 , 1199);
insert into Groups values ( 1199 , 'Social4Med', 0);
insert into Member_of values ( 201 , 1200);
insert into Groups values ( 1200 , 'IACSAM - International Academy Of Cosmetic Surgery And Aesthetic Medicine', 0);
insert into Member_of values ( 201 , 1201);
insert into Groups values ( 1201 , 'For Estheticians and Skin Professionals', 0);
insert into Member_of values ( 201 , 1108);
insert into Groups values ( 1108 , 'Aesthetic Injectors', 0);
insert into Member_of values ( 201 , 1092);
insert into Groups values ( 1092 , 'The Anti-Aging Professional Network', 0);
insert into Member_of values ( 201 , 1202);
insert into Groups values ( 1202 , 'Chinas beauty industry', 0);
insert into Member_of values ( 201 , 1095);
insert into Groups values ( 1095 , 'Aesthetic, Age Management & Wellness Business Success', 0);
insert into Member_of values ( 201 , 1125);
insert into Groups values ( 1125 , 'The Dermatologist', 0);
insert into Member_of values ( 201 , 1203);
insert into Groups values ( 1203 , 'Rc Medico - Assicurazione Professionale', 0);
insert into Member_of values ( 201 , 1096);
insert into Groups values ( 1096 , 'COSMETICMED', 0);
insert into Member_of values ( 201 , 1162);
insert into Groups values ( 1162 , 'Dubai Derma', 0);
insert into Member_of values ( 201 , 1138);
insert into Groups values ( 1138 , 'Plastic Surgery and Dermatology Market Research', 0);
insert into Member_of values ( 201 , 1105);
insert into Groups values ( 1105 , 'cosmetic surgery, laser body sculpting, and skin rejuvenation', 0);
insert into Member_of values ( 201 , 1122);
insert into Groups values ( 1122 , 'Aesthetic Laser UserGroup', 0);
insert into Member_of values ( 201 , 1204);
insert into Groups values ( 1204 , 'Dermatopathology Technical Experts', 0);
insert into Member_of values ( 201 , 1205);
insert into Groups values ( 1205 , 'Dubai Congress on Anti-Aging & Aesthetic Medicine 2010', 0);
insert into Employer values ( 1141 , 'private');
insert into Experience values ( 201 , 1141, '2013-05-01', '2014-12-15');
insert into Employer values ( 1142 , 'aesthetic and beauty center');
insert into Experience values ( 201 , 1142, '2011-01-01', '');

insert into User values ( 202 , 'Mohamad' , 'Alhomsi', 500, 0, 'Medical Practice');
insert into Education values ( 202 , 331 , 339 , 'implantology', '2010 – 2011', '2010 – 2011');
insert into University values ( 331 , 'University of Illinois at Chicago');
insert into Education values ( 202 , 332 , 340 , 'Westren Regional Board Examination', '2004 – 2006', '2004 – 2006');
insert into University values ( 332 , 'University of California, Los Angeles');
insert into Education values ( 202 , 333 , 341 , 'National Dental Board Examination', '2001 – 2005', '2001 – 2005');
insert into University values ( 333 , 'Medical Collage of Georgia');
insert into Has_skill values ( 202 , 1486, 0);
insert into Skill values ( 1486 , 'Dentistry');
insert into Has_skill values ( 202 , 1487, 0);
insert into Skill values ( 1487 , 'Cosmetic Dentistry');
insert into Has_skill values ( 202 , 1488, 0);
insert into Skill values ( 1488 , 'Restorative Dentistry');
insert into Has_skill values ( 202 , 1489, 0);
insert into Skill values ( 1489 , 'Pediatric Dentistry');
insert into Has_skill values ( 202 , 1490, 0);
insert into Skill values ( 1490 , 'Root Canal');
insert into Has_skill values ( 202 , 1491, 0);
insert into Skill values ( 1491 , 'E-Learning');
insert into Has_skill values ( 202 , 1492, 0);
insert into Skill values ( 1492 , 'Dental Surgery');
insert into Has_skill values ( 202 , 1493, 0);
insert into Skill values ( 1493 , 'Dental Care');
insert into Has_skill values ( 202 , 1494, 0);
insert into Skill values ( 1494 , 'Teeth Whitening');
insert into Has_skill values ( 202 , 1495, 0);
insert into Skill values ( 1495 , 'Oral Surgery');
insert into Has_skill values ( 202 , 1496, 0);
insert into Skill values ( 1496 , 'Dentists');
insert into Has_skill values ( 202 , 1497, 0);
insert into Skill values ( 1497 , 'Implantology');
insert into Member_of values ( 202 , 1134);
insert into Groups values ( 1134 , 'HealthCare Professionals in Dubai/UAE', 0);
insert into Member_of values ( 202 , 1206);
insert into Groups values ( 1206 , 'Middle East EVENT Show', 0);
insert into Member_of values ( 202 , 1207);
insert into Groups values ( 1207 , 'Dental Implant Professionals', 0);
insert into Member_of values ( 202 , 1208);
insert into Groups values ( 1208 , 'Dental Europe', 0);
insert into Member_of values ( 202 , 1209);
insert into Groups values ( 1209 , 'The Fulbright Program - Official Group', 0);
insert into Member_of values ( 202 , 1210);
insert into Groups values ( 1210 , 'TMJ/TMD Discussion Group', 0);
insert into Member_of values ( 202 , 1211);
insert into Groups values ( 1211 , 'Preferred Dental Marketing', 0);
insert into Member_of values ( 202 , 1212);
insert into Groups values ( 1212 , 'Networking for Business Professionals & Doctors', 0);
insert into Member_of values ( 202 , 1213);
insert into Groups values ( 1213 , 'Homeschooling Network', 0);
insert into Member_of values ( 202 , 1214);
insert into Groups values ( 1214 , 'Dubai Business Network', 0);
insert into Member_of values ( 202 , 1215);
insert into Groups values ( 1215 , 'Physician & Nursing Jobs in The Middle East', 0);
insert into Member_of values ( 202 , 1216);
insert into Groups values ( 1216 , 'Marketing For Dental Specialists', 0);
insert into Member_of values ( 202 , 1217);
insert into Groups values ( 1217 , 'Dental Speakers, Dental, Practice Management Consultants and Dental Educators', 0);
insert into Member_of values ( 202 , 1218);
insert into Groups values ( 1218 , 'Facial Makeover - Science & Art', 0);
insert into Member_of values ( 202 , 1219);
insert into Groups values ( 1219 , 'International Society for The Advancement of Dental Standards Worldwide', 0);
insert into Member_of values ( 202 , 1220);
insert into Groups values ( 1220 , 'Getting Things Done® - Network of GTD® Enthusiasts', 0);
insert into Member_of values ( 202 , 1221);
insert into Groups values ( 1221 , 'USA Healthcare Professionals', 0);
insert into Member_of values ( 202 , 1222);
insert into Groups values ( 1222 , 'Dubai Smile Dental Group', 0);
insert into Member_of values ( 202 , 1223);
insert into Groups values ( 1223 , 'Dubai Career', 0);
insert into Member_of values ( 202 , 1224);
insert into Groups values ( 1224 , 'Sports Performance & Physical Therapy Group', 0);
insert into Member_of values ( 202 , 1225);
insert into Groups values ( 1225 , 'Global Dentist Network', 0);
insert into Member_of values ( 202 , 1226);
insert into Groups values ( 1226 , 'Attorney Internet Marketing', 0);
insert into Member_of values ( 202 , 1227);
insert into Groups values ( 1227 , 'Invisalign', 0);
insert into Member_of values ( 202 , 1228);
insert into Groups values ( 1228 , 'American Academy of Cosmetic Dentistry', 0);
insert into Member_of values ( 202 , 1229);
insert into Groups values ( 1229 , 'Healthcare Management and Strategy', 0);
insert into Member_of values ( 202 , 1230);
insert into Groups values ( 1230 , 'Dubai Opportunities', 0);
insert into Member_of values ( 202 , 1231);
insert into Groups values ( 1231 , 'Job Opportunities in UAE', 0);
insert into Member_of values ( 202 , 1232);
insert into Groups values ( 1232 , 'HealthCare - IT Talents Hunt', 0);
insert into Member_of values ( 202 , 1233);
insert into Groups values ( 1233 , 'Healthcare Business Middle East', 0);
insert into Member_of values ( 202 , 1234);
insert into Groups values ( 1234 , 'Dubai Dental Clinic', 0);
insert into Member_of values ( 202 , 1235);
insert into Groups values ( 1235 , 'Dental jobs in DUBAI / DHA License discussion group', 0);
insert into Member_of values ( 202 , 1236);
insert into Groups values ( 1236 , 'AMERICAN ACADEMY FOR DENTAL EXCELLENCE', 0);
insert into Member_of values ( 202 , 1237);
insert into Groups values ( 1237 , 'European Dental Education Center', 0);
insert into Member_of values ( 202 , 1238);
insert into Groups values ( 1238 , 'DENTAL TECHNOLOGY', 0);
insert into Member_of values ( 202 , 1239);
insert into Groups values ( 1239 , 'Zygomatic Implants', 0);
insert into Member_of values ( 202 , 1240);
insert into Groups values ( 1240 , 'Oil and Gas People - Europe', 0);
insert into Knows_language values ( 202 , 501);
insert into Languages values ( 501 , 'English');
insert into Knows_language values ( 202 , 535);
insert into Languages values ( 535 , 'Arabic');
insert into Knows_language values ( 202 , 503);
insert into Languages values ( 503 , 'Spanish');
insert into Employer values ( 1143 , 'Drs. Nicolas & Asp dental clinic (European University College in Dubai)');
insert into Experience values ( 202 , 1143, '2014-06-01', '2014-12-15');
insert into Employer values ( 1144 , 'Dubai Healthcare City');
insert into Experience values ( 202 , 1144, '2011-01-01', '');
insert into Employer values ( 1145 , 'The Dental Emergency Room');
insert into Experience values ( 202 , 1145, '2009-06-01', '2014-12-15');
insert into Employer values ( 1146 , 'Bridgeway Academy');
insert into Experience values ( 202 , 1146, '2012-01-01', '');
insert into Employer values ( 1147 , 'Visual Memorization Academy');
insert into Experience values ( 202 , 1147, '2005-01-01', '2014-12-10');
insert into Employer values ( 1148 , 'French Dental Clinic');
insert into Experience values ( 202 , 1148, '2012-02-01', '2014-03-02');
insert into Employer values ( 1149 , 'The Smile Center Minnesota');
insert into Experience values ( 202 , 1149, '2007-05-01', '2011-01-03');
insert into Employer values ( 1150 , 'Augusta State University');
insert into Experience values ( 202 , 1150, '2001-12-01', '2014-08-02');

insert into User values ( 203 , 'Mahmoud' , 'M. Abu Rahma', 364, 0, 'Medical Practice');
insert into Knows_language values ( 203 , 535);
insert into Languages values ( 535 , 'Arabic');
insert into Knows_language values ( 203 , 501);
insert into Languages values ( 501 , 'English');
insert into Knows_language values ( 203 , 512);
insert into Languages values ( 512 , 'German');

insert into User values ( 204 , 'Mark' , 'M Roseman, DDS', 500, 0, 'Hospital & Health Care');
insert into Education values ( 204 , 334 , 342 , 'CAGS Certificate of Advanced Graduate Studies Pediatric Dentistry', '1968 – 1970', '1968 – 1970');
insert into University values ( 334 , 'Boston University');
insert into Education values ( 204 , 335 , 343 , 'DDS', '1963 – 1966', '1963 – 1966');
insert into University values ( 335 , 'Baltimore College of Dental Surgery University of Maryland');
insert into Education values ( 204 , 336 , 214 , 'Bachelor of Science (BS)', '1959 – 1962', '1959 – 1962');
insert into University values ( 336 , 'University of Maryland College Park');
insert into Has_skill values ( 204 , 1498, 0);
insert into Skill values ( 1498 , 'Department...');
insert into Has_skill values ( 204 , 1499, 0);
insert into Skill values ( 1499 , 'Curriculum Design');
insert into Has_skill values ( 204 , 318, 0);
insert into Skill values ( 318 , 'Teaching');
insert into Has_skill values ( 204 , 1500, 0);
insert into Skill values ( 1500 , 'Clinical Supervision');
insert into Has_skill values ( 204 , 321, 0);
insert into Skill values ( 321 , 'Clinical Research');
insert into Has_skill values ( 204 , 1501, 0);
insert into Skill values ( 1501 , 'Department Budgeting');
insert into Has_skill values ( 204 , 1502, 0);
insert into Skill values ( 1502 , 'Capital Budgeting');
insert into Has_skill values ( 204 , 1503, 0);
insert into Skill values ( 1503 , 'Capital Equipment');
insert into Has_skill values ( 204 , 1504, 0);
insert into Skill values ( 1504 , 'Child Advocacy');
insert into Has_skill values ( 204 , 353, 0);
insert into Skill values ( 353 , 'Project Management');
insert into Has_skill values ( 204 , 373, 0);
insert into Skill values ( 373 , 'PowerPoint');
insert into Has_skill values ( 204 , 425, 0);
insert into Skill values ( 425 , 'Microsoft Word');
insert into Has_skill values ( 204 , 1486, 0);
insert into Skill values ( 1486 , 'Dentistry');
insert into Has_skill values ( 204 , 1489, 0);
insert into Skill values ( 1489 , 'Pediatric Dentistry');
insert into Has_skill values ( 204 , 1495, 0);
insert into Skill values ( 1495 , 'Oral Surgery');
insert into Has_skill values ( 204 , 1505, 0);
insert into Skill values ( 1505 , 'Cpr Certified');
insert into Has_skill values ( 204 , 422, 0);
insert into Skill values ( 422 , 'Public Speaking');
insert into Has_skill values ( 204 , 554, 0);
insert into Skill values ( 554 , 'Pediatrics');
insert into Has_skill values ( 204 , 1506, 0);
insert into Skill values ( 1506 , 'Sleep Apnea');
insert into Has_skill values ( 204 , 1287, 0);
insert into Skill values ( 1287 , 'Medicine');
insert into Has_skill values ( 204 , 1037, 0);
insert into Skill values ( 1037 , 'Public Health');
insert into Has_skill values ( 204 , 1507, 0);
insert into Skill values ( 1507 , 'Sedation');
insert into Has_skill values ( 204 , 1115, 0);
insert into Skill values ( 1115 , 'Healthcare Management');
insert into Has_skill values ( 204 , 1488, 0);
insert into Skill values ( 1488 , 'Restorative Dentistry');
insert into Has_skill values ( 204 , 1508, 0);
insert into Skill values ( 1508 , 'Health Education');
insert into Has_skill values ( 204 , 1509, 0);
insert into Skill values ( 1509 , 'Crowns');
insert into Has_skill values ( 204 , 547, 0);
insert into Skill values ( 547 , 'Surgery');
insert into Has_skill values ( 204 , 1490, 0);
insert into Skill values ( 1490 , 'Root Canal');
insert into Has_skill values ( 204 , 1109, 0);
insert into Skill values ( 1109 , 'Healthcare Information...');
insert into Has_skill values ( 204 , 1510, 0);
insert into Skill values ( 1510 , 'Nitrous Oxide');
insert into Has_skill values ( 204 , 1511, 0);
insert into Skill values ( 1511 , 'Tooth Colored Fillings');
insert into Has_skill values ( 204 , 1512, 0);
insert into Skill values ( 1512 , 'Veneers');
insert into Has_skill values ( 204 , 1513, 0);
insert into Skill values ( 1513 , 'Patient Education');
insert into Has_skill values ( 204 , 1493, 0);
insert into Skill values ( 1493 , 'Dental Care');
insert into Has_skill values ( 204 , 1514, 0);
insert into Skill values ( 1514 , 'Periodontics');
insert into Has_skill values ( 204 , 1404, 0);
insert into Skill values ( 1404 , 'Patient Safety');
insert into Has_skill values ( 204 , 1389, 0);
insert into Skill values ( 1389 , 'Aesthetics');
insert into Has_skill values ( 204 , 1396, 0);
insert into Skill values ( 1396 , 'Treatment');
insert into Has_skill values ( 204 , 1492, 0);
insert into Skill values ( 1492 , 'Dental Surgery');
insert into Has_skill values ( 204 , 1515, 0);
insert into Skill values ( 1515 , 'Oral Care');
insert into Has_skill values ( 204 , 1516, 0);
insert into Skill values ( 1516 , 'Sedation Dentistry');
insert into Has_skill values ( 204 , 1494, 0);
insert into Skill values ( 1494 , 'Teeth Whitening');
insert into Has_skill values ( 204 , 1517, 0);
insert into Skill values ( 1517 , 'Orthodontics');
insert into Has_skill values ( 204 , 1518, 0);
insert into Skill values ( 1518 , 'Endodontics');
insert into Has_skill values ( 204 , 1497, 0);
insert into Skill values ( 1497 , 'Implantology');
insert into Has_skill values ( 204 , 1487, 0);
insert into Skill values ( 1487 , 'Cosmetic Dentistry');
insert into Has_skill values ( 204 , 1519, 0);
insert into Skill values ( 1519 , 'Invisalign');
insert into Has_skill values ( 204 , 1520, 0);
insert into Skill values ( 1520 , 'Dental Technology');
insert into Has_skill values ( 204 , 1521, 0);
insert into Skill values ( 1521 , 'TMJ dysfunction');
insert into Has_skill values ( 204 , 1289, 0);
insert into Skill values ( 1289 , 'CPR Certified');
insert into Member_of values ( 204 , 1212);
insert into Groups values ( 1212 , 'Networking for Business Professionals & Doctors', 0);
insert into Member_of values ( 204 , 1134);
insert into Groups values ( 1134 , 'HealthCare Professionals in Dubai/UAE', 0);
insert into Member_of values ( 204 , 867);
insert into Groups values ( 867 , 'Healthcare Executives Network', 0);
insert into Member_of values ( 204 , 1180);
insert into Groups values ( 1180 , 'Dubai Recruitment', 0);
insert into Member_of values ( 204 , 1136);
insert into Groups values ( 1136 , 'DOCTOR JOBS PORTAL', 0);
insert into Member_of values ( 204 , 1241);
insert into Groups values ( 1241 , 'Networking for Dentists', 0);
insert into Member_of values ( 204 , 1242);
insert into Groups values ( 1242 , 'Phoenix Faculty', 0);
insert into Member_of values ( 204 , 1217);
insert into Groups values ( 1217 , 'Dental Speakers, Dental, Practice Management Consultants and Dental Educators', 0);
insert into Employer values ( 1151 , 'Nicolas & Asp University College');
insert into Experience values ( 204 , 1151, '2010-04-01', '2014-12-15');
insert into Employer values ( 1152 , 'Nicolas & Asp Univ College Dubai');
insert into Experience values ( 204 , 1152, '2010-01-01', '');
insert into Employer values ( 1153 , 'Franciscan Hospital for Children');
insert into Experience values ( 204 , 1153, '1974-08-01', '2003-10-29');
insert into Employer values ( 1154 , 'Boston University School of Dentistry');
insert into Experience values ( 204 , 1154, '1974-01-01', '');

insert into User values ( 205 , 'Mirjam' , 'Escorche', 68, 0, 'Hospital & Health Care');
insert into Education values ( 205 , 337 , 344 , 'Bachelor of Dental Surgery BDS', '', '');
insert into University values ( 337 , 'Universidad Central de Venezuela');
insert into Has_skill values ( 205 , 1489, 0);
insert into Skill values ( 1489 , 'Pediatric Dentistry');
insert into Has_skill values ( 205 , 1486, 0);
insert into Skill values ( 1486 , 'Dentistry');
insert into Has_skill values ( 205 , 1488, 0);
insert into Skill values ( 1488 , 'Restorative Dentistry');
insert into Has_skill values ( 205 , 1036, 0);
insert into Skill values ( 1036 , 'Healthcare');
insert into Has_skill values ( 205 , 1512, 0);
insert into Skill values ( 1512 , 'Veneers');
insert into Has_skill values ( 205 , 1522, 0);
insert into Skill values ( 1522 , 'Dental Practice...');
insert into Has_skill values ( 205 , 459, 0);
insert into Skill values ( 459 , 'Event Management');
insert into Has_skill values ( 205 , 352, 0);
insert into Skill values ( 352 , 'Marketing');
insert into Has_skill values ( 205 , 336, 0);
insert into Skill values ( 336 , 'Microsoft Office');
insert into Has_skill values ( 205 , 424, 0);
insert into Skill values ( 424 , 'Budgets');
insert into Has_skill values ( 205 , 673, 0);
insert into Skill values ( 673 , 'New Business Development');
insert into Has_skill values ( 205 , 430, 0);
insert into Skill values ( 430 , 'Team Leadership');
insert into Has_skill values ( 205 , 764, 0);
insert into Skill values ( 764 , 'Public Relations');
insert into Has_skill values ( 205 , 347, 0);
insert into Skill values ( 347 , 'Business Strategy');
insert into Has_skill values ( 205 , 1513, 0);
insert into Skill values ( 1513 , 'Patient Education');
insert into Has_skill values ( 205 , 1523, 0);
insert into Skill values ( 1523 , 'Infection Control');
insert into Has_skill values ( 205 , 1524, 0);
insert into Skill values ( 1524 , 'Dentrix');
insert into Has_skill values ( 205 , 1525, 0);
insert into Skill values ( 1525 , 'Eaglesoft');
insert into Has_skill values ( 205 , 1526, 0);
insert into Skill values ( 1526 , 'Dentimax');
insert into Knows_language values ( 205 , 501);
insert into Languages values ( 501 , 'English');
insert into Knows_language values ( 205 , 503);
insert into Languages values ( 503 , 'Spanish');

insert into User values ( 206 , 'Dr.' , 'Angela Husung, PhD, MSc, DDS', 500, 0, 'Medical Practice');
insert into Education values ( 206 , 338 , 345 , 'Master of Science in Oral Surgery and Implantology (Passed "With Distinction")', '2010 – 2013', '2010 – 2013');
insert into University values ( 338 , 'DANUBE Private University, Krems/Austria, Bonn/Germany');
insert into Education values ( 206 , 339 , 346 , 'High Diploma of Implantology (Overall Grade "A")', '2007 – 2008', '2007 – 2008');
insert into University values ( 339 , 'Nicolas & Asp University College, Dubai/UAE, Gothenburg/Sweden');
insert into Education values ( 206 , 340 , 347 , 'PhD ("Magna cum laude")', '1996 – 1999', '1996 – 1999');
insert into University values ( 340 , 'Georg - August - University Goettingen, Germany');
insert into Education values ( 206 , 340 , 348 , 'Dentistry / State Exam (Result "Very Good")', '1993 – 1998', '1993 – 1998');
insert into University values ( 340 , 'Georg - August - University Goettingen, Germany');
insert into Has_skill values ( 206 , 1389, 0);
insert into Skill values ( 1389 , 'Aesthetics');
insert into Has_skill values ( 206 , 1467, 0);
insert into Skill values ( 1467 , 'Health');
insert into Has_skill values ( 206 , 1486, 0);
insert into Skill values ( 1486 , 'Dentistry');
insert into Has_skill values ( 206 , 1487, 0);
insert into Skill values ( 1487 , 'Cosmetic Dentistry');
insert into Has_skill values ( 206 , 1495, 0);
insert into Skill values ( 1495 , 'Oral Surgery');
insert into Has_skill values ( 206 , 1527, 0);
insert into Skill values ( 1527 , 'Restorative');
insert into Has_skill values ( 206 , 1494, 0);
insert into Skill values ( 1494 , 'Teeth Whitening');
insert into Has_skill values ( 206 , 1518, 0);
insert into Skill values ( 1518 , 'Endodontics');
insert into Has_skill values ( 206 , 1528, 0);
insert into Skill values ( 1528 , 'Prosthodontics');
insert into Has_skill values ( 206 , 1512, 0);
insert into Skill values ( 1512 , 'Veneers');
insert into Has_skill values ( 206 , 1529, 0);
insert into Skill values ( 1529 , 'Dentures');
insert into Has_skill values ( 206 , 1530, 0);
insert into Skill values ( 1530 , 'Dental');
insert into Has_skill values ( 206 , 1517, 0);
insert into Skill values ( 1517 , 'Orthodontics');
insert into Has_skill values ( 206 , 1514, 0);
insert into Skill values ( 1514 , 'Periodontics');
insert into Has_skill values ( 206 , 1531, 0);
insert into Skill values ( 1531 , 'Family Dentistry');
insert into Has_skill values ( 206 , 1532, 0);
insert into Skill values ( 1532 , 'Extractions');
insert into Has_skill values ( 206 , 1533, 0);
insert into Skill values ( 1533 , 'TMJ');
insert into Has_skill values ( 206 , 547, 0);
insert into Skill values ( 547 , 'Surgery');
insert into Has_skill values ( 206 , 1489, 0);
insert into Skill values ( 1489 , 'Pediatric Dentistry');
insert into Has_skill values ( 206 , 1519, 0);
insert into Skill values ( 1519 , 'Invisalign');
insert into Has_skill values ( 206 , 1506, 0);
insert into Skill values ( 1506 , 'Sleep Apnea');
insert into Has_skill values ( 206 , 1516, 0);
insert into Skill values ( 1516 , 'Sedation Dentistry');
insert into Has_skill values ( 206 , 1534, 0);
insert into Skill values ( 1534 , 'Sealants');
insert into Has_skill values ( 206 , 1535, 0);
insert into Skill values ( 1535 , 'Implants');
insert into Has_skill values ( 206 , 1536, 0);
insert into Skill values ( 1536 , 'Bone Augmentation');
insert into Has_skill values ( 206 , 1537, 0);
insert into Skill values ( 1537 , 'Sinus Lift');
insert into Has_skill values ( 206 , 1538, 0);
insert into Skill values ( 1538 , 'Bone Graft');
insert into Has_skill values ( 206 , 1539, 0);
insert into Skill values ( 1539 , 'Full Porcelain');
insert into Has_skill values ( 206 , 1540, 0);
insert into Skill values ( 1540 , 'Dentalphobia');
insert into Has_skill values ( 206 , 1399, 0);
insert into Skill values ( 1399 , 'Surgeons');
insert into Has_skill values ( 206 , 1036, 0);
insert into Skill values ( 1036 , 'Healthcare');
insert into Has_skill values ( 206 , 321, 0);
insert into Skill values ( 321 , 'Clinical Research');
insert into Has_skill values ( 206 , 1037, 0);
insert into Skill values ( 1037 , 'Public Health');
insert into Has_skill values ( 206 , 1040, 0);
insert into Skill values ( 1040 , 'Hospitals');
insert into Has_skill values ( 206 , 762, 0);
insert into Skill values ( 762 , 'Cosmetics');
insert into Has_skill values ( 206 , 1396, 0);
insert into Skill values ( 1396 , 'Treatment');
insert into Has_skill values ( 206 , 1541, 0);
insert into Skill values ( 1541 , 'Clinical');
insert into Has_skill values ( 206 , 1115, 0);
insert into Skill values ( 1115 , 'Healthcare Management');
insert into Has_skill values ( 206 , 1542, 0);
insert into Skill values ( 1542 , 'Pain');
insert into Has_skill values ( 206 , 1543, 0);
insert into Skill values ( 1543 , 'Hospital Operations');
insert into Has_skill values ( 206 , 1465, 0);
insert into Skill values ( 1465 , 'Clinical Trials');
insert into Has_skill values ( 206 , 1544, 0);
insert into Skill values ( 1544 , 'Medical Tourism');
insert into Has_skill values ( 206 , 1545, 0);
insert into Skill values ( 1545 , 'Migraine');
insert into Has_skill values ( 206 , 1546, 0);
insert into Skill values ( 1546 , 'International Health');
insert into Has_skill values ( 206 , 1547, 0);
insert into Skill values ( 1547 , 'Global Health');
insert into Has_skill values ( 206 , 1548, 0);
insert into Skill values ( 1548 , 'Diagnostics');
insert into Has_skill values ( 206 , 1549, 0);
insert into Skill values ( 1549 , 'Sinus');
insert into Has_skill values ( 206 , 1497, 0);
insert into Skill values ( 1497 , 'Implantology');
insert into Has_skill values ( 206 , 1550, 0);
insert into Skill values ( 1550 , 'Wisdom Teeth');
insert into Has_skill values ( 206 , 1551, 0);
insert into Skill values ( 1551 , 'Bone Grafting');
insert into Member_of values ( 206 , 1217);
insert into Groups values ( 1217 , 'Dental Speakers, Dental, Practice Management Consultants and Dental Educators', 0);
insert into Member_of values ( 206 , 1239);
insert into Groups values ( 1239 , 'Zygomatic Implants', 0);
insert into Member_of values ( 206 , 1134);
insert into Groups values ( 1134 , 'HealthCare Professionals in Dubai/UAE', 0);
insert into Member_of values ( 206 , 1225);
insert into Groups values ( 1225 , 'Global Dentist Network', 0);
insert into Member_of values ( 206 , 1243);
insert into Groups values ( 1243 , 'Dubai Autism Center', 0);
insert into Member_of values ( 206 , 1244);
insert into Groups values ( 1244 , 'IhON People Recruitment', 0);
insert into Member_of values ( 206 , 1245);
insert into Groups values ( 1245 , 'Dubai Hiring Department', 0);
insert into Member_of values ( 206 , 1246);
insert into Groups values ( 1246 , 'IADR: International Association for Dental Research', 0);
insert into Member_of values ( 206 , 1207);
insert into Groups values ( 1207 , 'Dental Implant Professionals', 0);
insert into Member_of values ( 206 , 1247);
insert into Groups values ( 1247 , 'Sleep Apnea', 0);
insert into Member_of values ( 206 , 1248);
insert into Groups values ( 1248 , 'Academy of General Dentistry', 0);
insert into Member_of values ( 206 , 1208);
insert into Groups values ( 1208 , 'Dental Europe', 0);
insert into Member_of values ( 206 , 1249);
insert into Groups values ( 1249 , 'ASAS HUMAN RESOURCES L.L.C', 0);
insert into Member_of values ( 206 , 1250);
insert into Groups values ( 1250 , 'British Dental Association', 0);
insert into Member_of values ( 206 , 1251);
insert into Groups values ( 1251 , 'AMERIONE Business Club', 0);
insert into Knows_language values ( 206 , 512);
insert into Languages values ( 512 , 'German');
insert into Knows_language values ( 206 , 501);
insert into Languages values ( 501 , 'English');
insert into Knows_language values ( 206 , 503);
insert into Languages values ( 503 , 'Spanish');
insert into Employer values ( 1155 , 'Dr. Joy Dental Clinic');
insert into Experience values ( 206 , 1155, '2014-11-01', '2014-12-15');
insert into Employer values ( 1156 , 'Belhoul European Hospital');
insert into Experience values ( 206 , 1156, '2006-01-01', '');
insert into Employer values ( 1157 , 'Park Dental Center');
insert into Experience values ( 206 , 1157, '2013-08-01', '2014-09-01');
insert into Employer values ( 1158 , 'Cocoona - Centre for Aesthetic Transformation');
insert into Experience values ( 206 , 1158, '2011-01-01', '');
insert into Employer values ( 1159 , 'German Dental Clinic');
insert into Experience values ( 206 , 1159, '2005-01-01', '');

insert into User values ( 207 , 'Dr.Mercede' , 'Ghorbani Rad', 500, 0, 'Medical Practice');
insert into Education values ( 207 , 341 , 318 , 'Certificate', '2010 – 2010', '2010 – 2010');
insert into University values ( 341 , 'Dental Implant Learning Center-NJ');
insert into Education values ( 207 , 342 , 318 , 'Certificate', '2008 – 2008', '2008 – 2008');
insert into University values ( 342 , 'Academie Internationale dImplantologie Orale');
insert into Education values ( 207 , 343 , 343 , 'DDS', '2000 – 2007', '2000 – 2007');
insert into University values ( 343 , 'Shiraz University of Medical Sciences');
insert into Has_skill values ( 207 , 1518, 0);
insert into Skill values ( 1518 , 'Endodontics');
insert into Has_skill values ( 207 , 1389, 0);
insert into Skill values ( 1389 , 'Aesthetics');
insert into Has_skill values ( 207 , 1487, 0);
insert into Skill values ( 1487 , 'Cosmetic Dentistry');
insert into Has_skill values ( 207 , 1512, 0);
insert into Skill values ( 1512 , 'Veneers');
insert into Has_skill values ( 207 , 1488, 0);
insert into Skill values ( 1488 , 'Restorative Dentistry');
insert into Has_skill values ( 207 , 1552, 0);
insert into Skill values ( 1552 , 'Dental Implants');
insert into Has_skill values ( 207 , 1553, 0);
insert into Skill values ( 1553 , 'lumineers');
insert into Has_skill values ( 207 , 1554, 0);
insert into Skill values ( 1554 , 'pedodontics');
insert into Has_skill values ( 207 , 1509, 0);
insert into Skill values ( 1509 , 'Crowns');
insert into Has_skill values ( 207 , 1489, 0);
insert into Skill values ( 1489 , 'Pediatric Dentistry');
insert into Has_skill values ( 207 , 1494, 0);
insert into Skill values ( 1494 , 'Teeth Whitening');
insert into Has_skill values ( 207 , 1529, 0);
insert into Skill values ( 1529 , 'Dentures');
insert into Has_skill values ( 207 , 1514, 0);
insert into Skill values ( 1514 , 'Periodontics');
insert into Has_skill values ( 207 , 1516, 0);
insert into Skill values ( 1516 , 'Sedation Dentistry');
insert into Has_skill values ( 207 , 1495, 0);
insert into Skill values ( 1495 , 'Oral Surgery');
insert into Has_skill values ( 207 , 1511, 0);
insert into Skill values ( 1511 , 'Tooth Colored Fillings');
insert into Has_skill values ( 207 , 1528, 0);
insert into Skill values ( 1528 , 'Prosthodontics');
insert into Has_skill values ( 207 , 1497, 0);
insert into Skill values ( 1497 , 'Implantology');
insert into Has_skill values ( 207 , 1490, 0);
insert into Skill values ( 1490 , 'Root Canal');
insert into Has_skill values ( 207 , 547, 0);
insert into Skill values ( 547 , 'Surgery');
insert into Has_skill values ( 207 , 1486, 0);
insert into Skill values ( 1486 , 'Dentistry');
insert into Member_of values ( 207 , 1225);
insert into Groups values ( 1225 , 'Global Dentist Network', 0);
insert into Member_of values ( 207 , 1252);
insert into Groups values ( 1252 , 'IMCAN International Management Conference of Al Noor Hospital', 0);
insert into Member_of values ( 207 , 1253);
insert into Groups values ( 1253 , 'Orthodontic Discussion Group', 0);
insert into Member_of values ( 207 , 1254);
insert into Groups values ( 1254 , 'Dental Marketing Mastermind', 0);
insert into Member_of values ( 207 , 1210);
insert into Groups values ( 1210 , 'TMJ/TMD Discussion Group', 0);
insert into Member_of values ( 207 , 1255);
insert into Groups values ( 1255 , 'IDCAN International Dental Conference of Al Noor in collaboration with New York University, USA', 0);
insert into Knows_language values ( 207 , 501);
insert into Languages values ( 501 , 'English');
insert into Knows_language values ( 207 , 541);
insert into Languages values ( 541 , 'Persian');
insert into Knows_language values ( 207 , 542);
insert into Languages values ( 542 , 'Danish');
insert into Employer values ( 1160 , 'CHPC Dental Clinic');
insert into Experience values ( 207 , 1160, '2012-06-01', '2014-12-15');
insert into Employer values ( 1161 , 'CHPC Dental');
insert into Experience values ( 207 , 1161, '2012-01-01', '2014-06-02');
insert into Employer values ( 1162 , 'Private Dental Practice');
insert into Experience values ( 207 , 1162, '2008-04-01', '2011-06-03');
insert into Employer values ( 1163 , 'Private practice');
insert into Experience values ( 207 , 1163, '2008-04-01', '2011-06-03');

insert into User values ( 208 , 'Dr.' , 'Tuba Buyukozer, DDS, PhD', 500, 0, 'Hospital & Health Care');
insert into Education values ( 208 , 344 , 337 , 'PhD', '2005 – 2009', '2005 – 2009');
insert into University values ( 344 , 'Selcuk University, Turkey');
insert into Education values ( 208 , 345 , 287 , 'Doctor of Philosophy (PhD)', '2006 – 2007', '2006 – 2007');
insert into University values ( 345 , 'Oulun yliopisto / University of Oulu');
insert into Has_skill values ( 208 , 1487, 0);
insert into Skill values ( 1487 , 'Cosmetic Dentistry');
insert into Has_skill values ( 208 , 1555, 0);
insert into Skill values ( 1555 , 'Laser Dentistry');
insert into Has_skill values ( 208 , 1512, 0);
insert into Skill values ( 1512 , 'Veneers');
insert into Has_skill values ( 208 , 1518, 0);
insert into Skill values ( 1518 , 'Endodontics');
insert into Has_skill values ( 208 , 1529, 0);
insert into Skill values ( 1529 , 'Dentures');
insert into Has_skill values ( 208 , 1535, 0);
insert into Skill values ( 1535 , 'Implants');
insert into Has_skill values ( 208 , 1556, 0);
insert into Skill values ( 1556 , 'CAD/CAM');
insert into Has_skill values ( 208 , 1488, 0);
insert into Skill values ( 1488 , 'Restorative Dentistry');
insert into Has_skill values ( 208 , 1557, 0);
insert into Skill values ( 1557 , 'Fiber Reinforced...');
insert into Has_skill values ( 208 , 1486, 0);
insert into Skill values ( 1486 , 'Dentistry');
insert into Has_skill values ( 208 , 1389, 0);
insert into Skill values ( 1389 , 'Aesthetics');
insert into Has_skill values ( 208 , 554, 0);
insert into Skill values ( 554 , 'Pediatrics');
insert into Has_skill values ( 208 , 1396, 0);
insert into Skill values ( 1396 , 'Treatment');
insert into Has_skill values ( 208 , 1517, 0);
insert into Skill values ( 1517 , 'Orthodontics');
insert into Has_skill values ( 208 , 1558, 0);
insert into Skill values ( 1558 , 'Hardware Diagnostics');
insert into Has_skill values ( 208 , 1495, 0);
insert into Skill values ( 1495 , 'Oral Surgery');
insert into Has_skill values ( 208 , 547, 0);
insert into Skill values ( 547 , 'Surgery');
insert into Has_skill values ( 208 , 1287, 0);
insert into Skill values ( 1287 , 'Medicine');
insert into Has_skill values ( 208 , 1528, 0);
insert into Skill values ( 1528 , 'Prosthodontics');
insert into Has_skill values ( 208 , 553, 0);
insert into Skill values ( 553 , 'Pain Management');
insert into Has_skill values ( 208 , 1036, 0);
insert into Skill values ( 1036 , 'Healthcare');
insert into Has_skill values ( 208 , 1037, 0);
insert into Skill values ( 1037 , 'Public Health');
insert into Has_skill values ( 208 , 321, 0);
insert into Skill values ( 321 , 'Clinical Research');
insert into Has_skill values ( 208 , 1559, 0);
insert into Skill values ( 1559 , 'Dental Restoration');
insert into Has_skill values ( 208 , 1513, 0);
insert into Skill values ( 1513 , 'Patient Education');
insert into Has_skill values ( 208 , 1560, 0);
insert into Skill values ( 1560 , 'Prevention');
insert into Has_skill values ( 208 , 1281, 0);
insert into Skill values ( 1281 , 'DNA extraction');
insert into Has_skill values ( 208 , 1115, 0);
insert into Skill values ( 1115 , 'Healthcare Management');
insert into Has_skill values ( 208 , 1508, 0);
insert into Skill values ( 1508 , 'Health Education');
insert into Has_skill values ( 208 , 1040, 0);
insert into Skill values ( 1040 , 'Hospitals');
insert into Has_skill values ( 208 , 1561, 0);
insert into Skill values ( 1561 , 'Radiology');
insert into Has_skill values ( 208 , 1496, 0);
insert into Skill values ( 1496 , 'Dentists');
insert into Has_skill values ( 208 , 1403, 0);
insert into Skill values ( 1403 , 'Orthopedic');
insert into Has_skill values ( 208 , 1562, 0);
insert into Skill values ( 1562 , 'Rehabilitation');
insert into Has_skill values ( 208 , 1563, 0);
insert into Skill values ( 1563 , 'Emergency Medicine');
insert into Has_skill values ( 208 , 1109, 0);
insert into Skill values ( 1109 , 'Healthcare Information...');
insert into Has_skill values ( 208 , 1434, 0);
insert into Skill values ( 1434 , 'Internal Medicine');
insert into Has_skill values ( 208 , 1564, 0);
insert into Skill values ( 1564 , 'Plannning');
insert into Has_skill values ( 208 , 316, 0);
insert into Skill values ( 316 , 'Research');
insert into Has_skill values ( 208 , 1565, 0);
insert into Skill values ( 1565 , 'Preventive Medicine');
insert into Has_skill values ( 208 , 1278, 0);
insert into Skill values ( 1278 , 'Epidemiology');
insert into Has_skill values ( 208 , 1445, 0);
insert into Skill values ( 1445 , 'Cancer');
insert into Has_skill values ( 208 , 1288, 0);
insert into Skill values ( 1288 , 'Medical Education');
insert into Has_skill values ( 208 , 1392, 0);
insert into Skill values ( 1392 , 'Medical Devices');
insert into Has_skill values ( 208 , 1404, 0);
insert into Skill values ( 1404 , 'Patient Safety');
insert into Has_skill values ( 208 , 1566, 0);
insert into Skill values ( 1566 , 'Healthcare Consulting');
insert into Has_skill values ( 208 , 1275, 0);
insert into Skill values ( 1275 , 'Lecturing');
insert into Has_skill values ( 208 , 1465, 0);
insert into Skill values ( 1465 , 'Clinical Trials');
insert into Has_skill values ( 208 , 1443, 0);
insert into Skill values ( 1443 , 'Board Certified');
insert into Has_skill values ( 208 , 1567, 0);
insert into Skill values ( 1567 , 'Practice Management');
insert into Member_of values ( 208 , 1256);
insert into Groups values ( 1256 , 'Turks in Dubai UAE', 0);
insert into Member_of values ( 208 , 1254);
insert into Groups values ( 1254 , 'Dental Marketing Mastermind', 0);
insert into Member_of values ( 208 , 1257);
insert into Groups values ( 1257 , 'Dental Marketing', 0);
insert into Member_of values ( 208 , 1258);
insert into Groups values ( 1258 , 'Laser Dentistry', 0);
insert into Member_of values ( 208 , 1207);
insert into Groups values ( 1207 , 'Dental Implant Professionals', 0);
insert into Member_of values ( 208 , 1215);
insert into Groups values ( 1215 , 'Physician & Nursing Jobs in The Middle East', 0);
insert into Member_of values ( 208 , 1259);
insert into Groups values ( 1259 , 'Dental Practice Success', 0);
insert into Member_of values ( 208 , 1260);
insert into Groups values ( 1260 , 'ProDentalCPD', 0);
insert into Member_of values ( 208 , 1246);
insert into Groups values ( 1246 , 'IADR: International Association for Dental Research', 0);
insert into Member_of values ( 208 , 1134);
insert into Groups values ( 1134 , 'HealthCare Professionals in Dubai/UAE', 0);
insert into Member_of values ( 208 , 1261);
insert into Groups values ( 1261 , 'Healthy Heart Dentistry', 0);
insert into Member_of values ( 208 , 1262);
insert into Groups values ( 1262 , 'Reed Health & Life Sciences - Middle East', 0);
insert into Member_of values ( 208 , 1216);
insert into Groups values ( 1216 , 'Marketing For Dental Specialists', 0);
insert into Member_of values ( 208 , 1263);
insert into Groups values ( 1263 , 'TURKISH BUSINESS NETWORK', 0);
insert into Member_of values ( 208 , 1264);
insert into Groups values ( 1264 , 'Dental Geeks', 0);
insert into Member_of values ( 208 , 1255);
insert into Groups values ( 1255 , 'IDCAN International Dental Conference of Al Noor in collaboration with New York University, USA', 0);
insert into Member_of values ( 208 , 1228);
insert into Groups values ( 1228 , 'American Academy of Cosmetic Dentistry', 0);
insert into Member_of values ( 208 , 1265);
insert into Groups values ( 1265 , 'Turkish Business Professionals in UAE', 0);
insert into Member_of values ( 208 , 1266);
insert into Groups values ( 1266 , 'Dental Sleep Medicine', 0);
insert into Member_of values ( 208 , 1267);
insert into Groups values ( 1267 , 'AEEDC Dubai', 0);
insert into Member_of values ( 208 , 1268);
insert into Groups values ( 1268 , 'FDI World Dental Federation', 0);
insert into Member_of values ( 208 , 1269);
insert into Groups values ( 1269 , 'For Doctors', 0);
insert into Member_of values ( 208 , 1270);
insert into Groups values ( 1270 , 'DentalPro', 0);
insert into Member_of values ( 208 , 722);
insert into Groups values ( 722 , 'Job Openings, Job Leads and Job Connections!', 0);
insert into Member_of values ( 208 , 1271);
insert into Groups values ( 1271 , 'Dental Implants', 0);
insert into Member_of values ( 208 , 1219);
insert into Groups values ( 1219 , 'International Society for The Advancement of Dental Standards Worldwide', 0);
insert into Member_of values ( 208 , 1272);
insert into Groups values ( 1272 , 'Giemni Clinical Ltd -- Supplying Healthcare', 0);
insert into Member_of values ( 208 , 1208);
insert into Groups values ( 1208 , 'Dental Europe', 0);
insert into Member_of values ( 208 , 1273);
insert into Groups values ( 1273 , '7th CAD/CAM & Computerized Dentistry International Conference', 0);
insert into Member_of values ( 208 , 1274);
insert into Groups values ( 1274 , 'Wealth Partner', 0);
insert into Member_of values ( 208 , 1275);
insert into Groups values ( 1275 , 'Wealth Partner- Dentist', 0);
insert into Member_of values ( 208 , 1276);
insert into Groups values ( 1276 , 'ESTETİK DİŞHEKİMLERİ AKADEMİSİ DERNEĞİ', 0);
insert into Member_of values ( 208 , 1277);
insert into Groups values ( 1277 , 'Professional Speaker, Writers & Practice Management Consultants in Dentistry', 0);
insert into Member_of values ( 208 , 1239);
insert into Groups values ( 1239 , 'Zygomatic Implants', 0);
insert into Member_of values ( 208 , 1278);
insert into Groups values ( 1278 , 'Dentistry Jobs & Practice Sales', 0);
insert into Member_of values ( 208 , 1279);
insert into Groups values ( 1279 , 'Bin Arab Dental Centre', 0);
insert into Member_of values ( 208 , 1280);
insert into Groups values ( 1280 , 'Dental Veneers Network®', 0);
insert into Member_of values ( 208 , 1281);
insert into Groups values ( 1281 , 'Online Marketing Helps for Small Business Owners Sponsored by SEOBulldog', 0);
insert into Member_of values ( 208 , 1282);
insert into Groups values ( 1282 , 'Alumni of Oulu University', 0);
insert into Member_of values ( 208 , 1212);
insert into Groups values ( 1212 , 'Networking for Business Professionals & Doctors', 0);
insert into Member_of values ( 208 , 1283);
insert into Groups values ( 1283 , 'Sleep Group Solutions', 0);
insert into Member_of values ( 208 , 1284);
insert into Groups values ( 1284 , 'WORLD DENTIST FINDER', 0);
insert into Member_of values ( 208 , 1285);
insert into Groups values ( 1285 , 'AADR: American Association for Dental Research', 0);
insert into Member_of values ( 208 , 1286);
insert into Groups values ( 1286 , 'Dentist Network', 0);
insert into Member_of values ( 208 , 1287);
insert into Groups values ( 1287 , 'DENTAL CADCAM', 0);
insert into Member_of values ( 208 , 1288);
insert into Groups values ( 1288 , 'Dental Pros Sharing Knowledge', 0);
insert into Member_of values ( 208 , 1289);
insert into Groups values ( 1289 , 'UAE | Dubai', 0);
insert into Employer values ( 1164 , 'University Hospital Sharjah');
insert into Experience values ( 208 , 1164, '2013-03-01', '2014-12-10');
insert into Employer values ( 1165 , 'Bin Arab Dental Centre');
insert into Experience values ( 208 , 1165, '2010-01-01', '');
insert into Employer values ( 1166 , 'Selcuk University');
insert into Experience values ( 208 , 1166, '2005-09-01', '2009-11-04');
insert into Employer values ( 1166 , 'Selcuk University');
insert into Experience values ( 208 , 1166, '2005-09-01', '2009-11-04');
insert into Employer values ( 1166 , 'Selcuk University');
insert into Experience values ( 208 , 1166, '2005-09-01', '2009-11-04');
insert into Employer values ( 1167 , 'University of Oulu, Finland');
insert into Experience values ( 208 , 1167, '2006-01-01', '');

insert into User values ( 209 , 'Leila' , 'Hariri', 281, 0, 'Medical Practice');
insert into Education values ( 209 , 346 , 343 , 'DDS', '1997 – 2001', '1997 – 2001');
insert into University values ( 346 , 'Univ of Calif San Francisco');
insert into Education values ( 209 , 181 , 349 , 'Zoology', '1993 – 1997', '1993 – 1997');
insert into University values ( 181 , 'University of Washington');
insert into Has_skill values ( 209 , 1487, 0);
insert into Skill values ( 1487 , 'Cosmetic Dentistry');
insert into Has_skill values ( 209 , 1512, 0);
insert into Skill values ( 1512 , 'Veneers');
insert into Has_skill values ( 209 , 1527, 0);
insert into Skill values ( 1527 , 'Restorative');
insert into Has_skill values ( 209 , 1519, 0);
insert into Skill values ( 1519 , 'Invisalign');
insert into Has_skill values ( 209 , 1531, 0);
insert into Skill values ( 1531 , 'Family Dentistry');
insert into Has_skill values ( 209 , 1528, 0);
insert into Skill values ( 1528 , 'Prosthodontics');
insert into Has_skill values ( 209 , 1494, 0);
insert into Skill values ( 1494 , 'Teeth Whitening');
insert into Has_skill values ( 209 , 1489, 0);
insert into Skill values ( 1489 , 'Pediatric Dentistry');
insert into Has_skill values ( 209 , 1486, 0);
insert into Skill values ( 1486 , 'Dentistry');
insert into Has_skill values ( 209 , 1488, 0);
insert into Skill values ( 1488 , 'Restorative Dentistry');
insert into Has_skill values ( 209 , 1495, 0);
insert into Skill values ( 1495 , 'Oral Surgery');
insert into Has_skill values ( 209 , 1389, 0);
insert into Skill values ( 1389 , 'Aesthetics');
insert into Has_skill values ( 209 , 1529, 0);
insert into Skill values ( 1529 , 'Dentures');
insert into Has_skill values ( 209 , 1568, 0);
insert into Skill values ( 1568 , 'Invisible Braces');
insert into Has_skill values ( 209 , 1497, 0);
insert into Skill values ( 1497 , 'Implantology');
insert into Has_skill values ( 209 , 547, 0);
insert into Skill values ( 547 , 'Surgery');
insert into Has_skill values ( 209 , 1518, 0);
insert into Skill values ( 1518 , 'Endodontics');
insert into Has_skill values ( 209 , 1509, 0);
insert into Skill values ( 1509 , 'Crowns');
insert into Has_skill values ( 209 , 1490, 0);
insert into Skill values ( 1490 , 'Root Canal');
insert into Has_skill values ( 209 , 1516, 0);
insert into Skill values ( 1516 , 'Sedation Dentistry');
insert into Has_skill values ( 209 , 1511, 0);
insert into Skill values ( 1511 , 'Tooth Colored Fillings');
insert into Has_skill values ( 209 , 1521, 0);
insert into Skill values ( 1521 , 'TMJ dysfunction');
insert into Has_skill values ( 209 , 1492, 0);
insert into Skill values ( 1492 , 'Dental Surgery');
insert into Has_skill values ( 209 , 1569, 0);
insert into Skill values ( 1569 , 'CEREC');
insert into Has_skill values ( 209 , 1514, 0);
insert into Skill values ( 1514 , 'Periodontics');
insert into Member_of values ( 209 , 1228);
insert into Groups values ( 1228 , 'American Academy of Cosmetic Dentistry', 0);
insert into Member_of values ( 209 , 1290);
insert into Groups values ( 1290 , 'Dental Resources', 0);
insert into Member_of values ( 209 , 1219);
insert into Groups values ( 1219 , 'International Society for The Advancement of Dental Standards Worldwide', 0);
insert into Member_of values ( 209 , 1248);
insert into Groups values ( 1248 , 'Academy of General Dentistry', 0);
insert into Member_of values ( 209 , 1280);
insert into Groups values ( 1280 , 'Dental Veneers Network®', 0);
insert into Member_of values ( 209 , 1214);
insert into Groups values ( 1214 , 'Dubai Business Network', 0);
insert into Member_of values ( 209 , 1291);
insert into Groups values ( 1291 , 'Periodontal Therapy', 0);
insert into Member_of values ( 209 , 1238);
insert into Groups values ( 1238 , 'DENTAL TECHNOLOGY', 0);
insert into Employer values ( 1168 , 'Jumeira Beach Dental Center');
insert into Experience values ( 209 , 1168, '2004-07-01', '2014-12-10');
insert into Employer values ( 1169 , 'Robert Matkovich Dental Center');
insert into Experience values ( 209 , 1169, '2001-01-01', '2004-03-03');

insert into User values ( 210 , 'Rafif' , 'Tayara', 500, 0, 'Hospital & Health Care');
insert into Education values ( 210 , 347 , 350 , 'Pediatric Oral Sedation Certificate', '2012 – 2012', '2012 – 2012');
insert into University values ( 347 , 'University of Southern California');
insert into Education values ( 210 , 348 , 351 , 'C.E.S', '2008 – 2010', '2008 – 2010');
insert into University values ( 348 , 'St-Joseph University');
insert into Education values ( 210 , 349 , 352 , 'PALS plus', '2007 – 2007', '2007 – 2007');
insert into University values ( 349 , 'Université de Montréal');
insert into Education values ( 210 , 348 , 353 , 'D.D.S', '2000 – 2005', '2000 – 2005');
insert into University values ( 348 , 'St-Joseph University');
insert into Education values ( 210 , 350 , 202 , '', '1997 – 2000', '1997 – 2000');
insert into University values ( 350 , 'Carmel St-Joseph');
insert into Education values ( 210 , 350 , 354 , 'French Baccalaureat', '', '');
insert into University values ( 350 , 'Carmel St-Joseph');
insert into Has_skill values ( 210 , 1489, 0);
insert into Skill values ( 1489 , 'Pediatric Dentistry');
insert into Has_skill values ( 210 , 1036, 0);
insert into Skill values ( 1036 , 'Healthcare');
insert into Has_skill values ( 210 , 1516, 0);
insert into Skill values ( 1516 , 'Sedation Dentistry');
insert into Has_skill values ( 210 , 1517, 0);
insert into Skill values ( 1517 , 'Orthodontics');
insert into Has_skill values ( 210 , 1040, 0);
insert into Skill values ( 1040 , 'Hospitals');
insert into Has_skill values ( 210 , 1570, 0);
insert into Skill values ( 1570 , 'Conscious Sedation');
insert into Has_skill values ( 210 , 1037, 0);
insert into Skill values ( 1037 , 'Public Health');
insert into Has_skill values ( 210 , 1571, 0);
insert into Skill values ( 1571 , 'General Anesthesia');
insert into Has_skill values ( 210 , 1510, 0);
insert into Skill values ( 1510 , 'Nitrous Oxide');
insert into Has_skill values ( 210 , 1389, 0);
insert into Skill values ( 1389 , 'Aesthetics');
insert into Has_skill values ( 210 , 1505, 0);
insert into Skill values ( 1505 , 'Cpr Certified');
insert into Has_skill values ( 210 , 1572, 0);
insert into Skill values ( 1572 , 'Oral Sedation');
insert into Has_skill values ( 210 , 1486, 0);
insert into Skill values ( 1486 , 'Dentistry');
insert into Has_skill values ( 210 , 1487, 0);
insert into Skill values ( 1487 , 'Cosmetic Dentistry');
insert into Has_skill values ( 210 , 1488, 0);
insert into Skill values ( 1488 , 'Restorative Dentistry');
insert into Has_skill values ( 210 , 547, 0);
insert into Skill values ( 547 , 'Surgery');
insert into Has_skill values ( 210 , 554, 0);
insert into Skill values ( 554 , 'Pediatrics');
insert into Has_skill values ( 210 , 1495, 0);
insert into Skill values ( 1495 , 'Oral Surgery');
insert into Has_skill values ( 210 , 1508, 0);
insert into Skill values ( 1508 , 'Health Education');
insert into Has_skill values ( 210 , 1494, 0);
insert into Skill values ( 1494 , 'Teeth Whitening');
insert into Has_skill values ( 210 , 321, 0);
insert into Skill values ( 321 , 'Clinical Research');
insert into Has_skill values ( 210 , 1507, 0);
insert into Skill values ( 1507 , 'Sedation');
insert into Has_skill values ( 210 , 1511, 0);
insert into Skill values ( 1511 , 'Tooth Colored Fillings');
insert into Has_skill values ( 210 , 1396, 0);
insert into Skill values ( 1396 , 'Treatment');
insert into Has_skill values ( 210 , 1518, 0);
insert into Skill values ( 1518 , 'Endodontics');
insert into Has_skill values ( 210 , 1493, 0);
insert into Skill values ( 1493 , 'Dental Care');
insert into Has_skill values ( 210 , 1115, 0);
insert into Skill values ( 1115 , 'Healthcare Management');
insert into Member_of values ( 210 , 1292);
insert into Groups values ( 1292 , 'Lebanese Business Connection - Lebanon and abroad', 0);
insert into Member_of values ( 210 , 1293);
insert into Groups values ( 1293 , 'UNIVERSITE SAINT-JOSEPH', 0);
insert into Member_of values ( 210 , 1217);
insert into Groups values ( 1217 , 'Dental Speakers, Dental, Practice Management Consultants and Dental Educators', 0);
insert into Member_of values ( 210 , 1294);
insert into Groups values ( 1294 , 'Biotech & Pharma Professionals Network', 0);
insert into Member_of values ( 210 , 1295);
insert into Groups values ( 1295 , 'Qatar Business and Professional Network', 0);
insert into Member_of values ( 210 , 1277);
insert into Groups values ( 1277 , 'Professional Speaker, Writers & Practice Management Consultants in Dentistry', 0);
insert into Member_of values ( 210 , 1296);
insert into Groups values ( 1296 , 'World-Class Korean Products', 0);
insert into Member_of values ( 210 , 1297);
insert into Groups values ( 1297 , 'Women in Leadership', 0);
insert into Member_of values ( 210 , 1219);
insert into Groups values ( 1219 , 'International Society for The Advancement of Dental Standards Worldwide', 0);
insert into Member_of values ( 210 , 1298);
insert into Groups values ( 1298 , 'World´s Pediatric Dentistry', 0);
insert into Member_of values ( 210 , 1286);
insert into Groups values ( 1286 , 'Dentist Network', 0);
insert into Member_of values ( 210 , 722);
insert into Groups values ( 722 , 'Job Openings, Job Leads and Job Connections!', 0);
insert into Member_of values ( 210 , 1267);
insert into Groups values ( 1267 , 'AEEDC Dubai', 0);
insert into Member_of values ( 210 , 1299);
insert into Groups values ( 1299 , 'USJ Alumni- Qatar', 0);
insert into Member_of values ( 210 , 1300);
insert into Groups values ( 1300 , 'Qatar Professional Womens Network', 0);
insert into Member_of values ( 210 , 1301);
insert into Groups values ( 1301 , 'Ostrow School of Dentistry of USC', 0);
insert into Member_of values ( 210 , 1260);
insert into Groups values ( 1260 , 'ProDentalCPD', 0);
insert into Member_of values ( 210 , 1302);
insert into Groups values ( 1302 , 'ADNG (Abu Dhabi Networking Group)', 0);
insert into Member_of values ( 210 , 1303);
insert into Groups values ( 1303 , 'Qatar Foundation', 0);
insert into Member_of values ( 210 , 1304);
insert into Groups values ( 1304 , 'Sedation Dentistry', 0);
insert into Member_of values ( 210 , 1305);
insert into Groups values ( 1305 , 'Marketing That Is Good For Dentistry', 0);
insert into Member_of values ( 210 , 1306);
insert into Groups values ( 1306 , 'DBA - Dental Business Administration Mastership Course by AALZ', 0);
insert into Member_of values ( 210 , 1134);
insert into Groups values ( 1134 , 'HealthCare Professionals in Dubai/UAE', 0);
insert into Member_of values ( 210 , 1307);
insert into Groups values ( 1307 , 'SME Middle East', 0);
insert into Member_of values ( 210 , 1268);
insert into Groups values ( 1268 , 'FDI World Dental Federation', 0);
insert into Member_of values ( 210 , 1136);
insert into Groups values ( 1136 , 'DOCTOR JOBS PORTAL', 0);
insert into Member_of values ( 210 , 1308);
insert into Groups values ( 1308 , 'Amicale des Anciens de Lusj AbuDabi', 0);
insert into Member_of values ( 210 , 1309);
insert into Groups values ( 1309 , 'Health Care, Bio, Pharma and Life Sciences', 0);
insert into Member_of values ( 210 , 1310);
insert into Groups values ( 1310 , 'Asia Jobs: China, Singapore, Hong Kong, Pakistan, Japan, Korea, Indonesia, Australia … New Zealand', 0);
insert into Member_of values ( 210 , 1311);
insert into Groups values ( 1311 , 'The Dentistry Show Network', 0);
insert into Member_of values ( 210 , 1264);
insert into Groups values ( 1264 , 'Dental Geeks', 0);
insert into Member_of values ( 210 , 1312);
insert into Groups values ( 1312 , 'Medical Connexions', 0);
insert into Member_of values ( 210 , 1313);
insert into Groups values ( 1313 , 'British Dental Health Foundation', 0);
insert into Member_of values ( 210 , 1314);
insert into Groups values ( 1314 , 'USJ Alumni - Faculte de Medecine Dentaire', 0);
insert into Member_of values ( 210 , 1315);
insert into Groups values ( 1315 , 'UKs No 1 Dental Networking Group', 0);
insert into Member_of values ( 210 , 1316);
insert into Groups values ( 1316 , 'CPD Dubai', 0);
insert into Member_of values ( 210 , 1317);
insert into Groups values ( 1317 , 'Pediatric Surgery', 0);
insert into Member_of values ( 210 , 1246);
insert into Groups values ( 1246 , 'IADR: International Association for Dental Research', 0);
insert into Member_of values ( 210 , 1284);
insert into Groups values ( 1284 , 'WORLD DENTIST FINDER', 0);
insert into Member_of values ( 210 , 1318);
insert into Groups values ( 1318 , 'Qatar Opportunities', 0);
insert into Member_of values ( 210 , 1319);
insert into Groups values ( 1319 , 'Dental Health Imaging Hub', 0);
insert into Member_of values ( 210 , 1320);
insert into Groups values ( 1320 , 'Middle East Opportunities', 0);
insert into Member_of values ( 210 , 1321);
insert into Groups values ( 1321 , 'DohaCareers', 0);
insert into Member_of values ( 210 , 1322);
insert into Groups values ( 1322 , 'Postgraduate Online Diploma', 0);
insert into Member_of values ( 210 , 1323);
insert into Groups values ( 1323 , 'Public Health Dentistry', 0);
insert into Knows_language values ( 210 , 501);
insert into Languages values ( 501 , 'English');
insert into Knows_language values ( 210 , 509);
insert into Languages values ( 509 , 'French');
insert into Knows_language values ( 210 , 535);
insert into Languages values ( 535 , 'Arabic');
insert into Employer values ( 1170 , 'Dental Kingdom- Cedars Dental Center');
insert into Experience values ( 210 , 1170, '2013-04-01', '2014-12-15');
insert into Employer values ( 1171 , 'American Dental Clinic');
insert into Experience values ( 210 , 1171, '2011-04-01', '2014-12-15');
insert into Employer values ( 1172 , 'Sheikh Khalifa Medical City');
insert into Experience values ( 210 , 1172, '2011-01-01', '2011-03-03');
insert into Employer values ( 1173 , 'Clinique Dentaire');
insert into Experience values ( 210 , 1173, '2010-01-01', '2010-07-07');
insert into Employer values ( 1174 , 'Hotel-Dieu de France Hospital');
insert into Experience values ( 210 , 1174, '2010-03-01', '2010-06-04');
insert into Employer values ( 1175 , 'El khoury Dental Clinic');
insert into Experience values ( 210 , 1175, '2009-05-01', '2010-05-01');
insert into Employer values ( 1176 , 'Universite St-Joseph');
insert into Experience values ( 210 , 1176, '2008-01-01', '');
insert into Employer values ( 1177 , 'Lumident');
insert into Experience values ( 210 , 1177, '2008-01-01', '2009-04-01');

insert into User values ( 211 , 'Dr' , 'Noor Al-Aswad', 500, 0, 'Medical Practice');
insert into Employer values ( 1178 , 'Ajman University of Science and Technology (AUST)');
insert into Experience values ( 211 , 1178, '2014-09-01', '2014-12-15');
insert into Employer values ( 1179 , 'Qualident Dental Lab');
insert into Experience values ( 211 , 1179, '2013-02-01', '2014-12-11');

insert into User values ( 212 , 'Hala' , 'Abu Shawareb', 73, 0, 'Medical Practice');
insert into Education values ( 212 , 320 , 355 , 'Bachelor degree', '2001 – 2006', '2001 – 2006');
insert into University values ( 320 , 'Damascus University');
insert into Has_skill values ( 212 , 1486, 0);
insert into Skill values ( 1486 , 'Dentistry');
insert into Has_skill values ( 212 , 321, 0);
insert into Skill values ( 321 , 'Clinical Research');
insert into Has_skill values ( 212 , 1514, 0);
insert into Skill values ( 1514 , 'Periodontics');
insert into Has_skill values ( 212 , 1518, 0);
insert into Skill values ( 1518 , 'Endodontics');
insert into Has_skill values ( 212 , 1488, 0);
insert into Skill values ( 1488 , 'Restorative Dentistry');
insert into Has_skill values ( 212 , 1509, 0);
insert into Skill values ( 1509 , 'Crowns');
insert into Has_skill values ( 212 , 1517, 0);
insert into Skill values ( 1517 , 'Orthodontics');
insert into Has_skill values ( 212 , 1490, 0);
insert into Skill values ( 1490 , 'Root Canal');
insert into Has_skill values ( 212 , 1529, 0);
insert into Skill values ( 1529 , 'Dentures');
insert into Has_skill values ( 212 , 1489, 0);
insert into Skill values ( 1489 , 'Pediatric Dentistry');
insert into Has_skill values ( 212 , 547, 0);
insert into Skill values ( 547 , 'Surgery');
insert into Has_skill values ( 212 , 1511, 0);
insert into Skill values ( 1511 , 'Tooth Colored Fillings');
insert into Has_skill values ( 212 , 1396, 0);
insert into Skill values ( 1396 , 'Treatment');
insert into Has_skill values ( 212 , 1573, 0);
insert into Skill values ( 1573 , 'Local Anesthesia');
insert into Member_of values ( 212 , 1286);
insert into Groups values ( 1286 , 'Dentist Network', 0);
insert into Member_of values ( 212 , 1284);
insert into Groups values ( 1284 , 'WORLD DENTIST FINDER', 0);
insert into Knows_language values ( 212 , 535);
insert into Languages values ( 535 , 'Arabic');
insert into Knows_language values ( 212 , 501);
insert into Languages values ( 501 , 'English');
insert into Knows_language values ( 212 , 503);
insert into Languages values ( 503 , 'Spanish');
insert into Employer values ( 1180 , 'AUST');
insert into Experience values ( 212 , 1180, '2012-09-01', '2014-12-15');
insert into Employer values ( 1180 , 'AUST');
insert into Experience values ( 212 , 1180, '2010-09-01', '2011-09-01');
insert into Employer values ( 1181 , 'Dr. Dia Shahroor Clinic');
insert into Experience values ( 212 , 1181, '2005-09-01', '2006-05-09');

insert into User values ( 213 , 'Nazanin' , 'Hashemi', 500, 0, 'Medical Practice');
insert into Education values ( 213 , 351 , 318 , 'Certificate', '2012 – 2012', '2012 – 2012');
insert into University values ( 351 , 'UBC');
insert into Education values ( 213 , 352 , 320 , 'MSc', '2005 – 2007', '2005 – 2007');
insert into University values ( 352 , 'Shahid Beheshti University of Medical Sciences and Health Services');
insert into Education values ( 213 , 352 , 343 , 'DDS', '1992 – 1998', '1992 – 1998');
insert into University values ( 352 , 'Shahid Beheshti University of Medical Sciences and Health Services');
insert into Education values ( 213 , 353 , 318 , 'Certificate', '2012', '2012');
insert into University values ( 353 , 'Invisalign');
insert into Has_skill values ( 213 , 1530, 0);
insert into Skill values ( 1530 , 'Dental');
insert into Has_skill values ( 213 , 1036, 0);
insert into Skill values ( 1036 , 'Healthcare');
insert into Has_skill values ( 213 , 1486, 0);
insert into Skill values ( 1486 , 'Dentistry');
insert into Has_skill values ( 213 , 1489, 0);
insert into Skill values ( 1489 , 'Pediatric Dentistry');
insert into Has_skill values ( 213 , 1574, 0);
insert into Skill values ( 1574 , 'Hospital Pediatric...');
insert into Has_skill values ( 213 , 1040, 0);
insert into Skill values ( 1040 , 'Hospitals');
insert into Has_skill values ( 213 , 1529, 0);
insert into Skill values ( 1529 , 'Dentures');
insert into Has_skill values ( 213 , 1519, 0);
insert into Skill values ( 1519 , 'Invisalign');
insert into Has_skill values ( 213 , 1572, 0);
insert into Skill values ( 1572 , 'Oral Sedation');
insert into Has_skill values ( 213 , 1389, 0);
insert into Skill values ( 1389 , 'Aesthetics');
insert into Has_skill values ( 213 , 1288, 0);
insert into Skill values ( 1288 , 'Medical Education');
insert into Has_skill values ( 213 , 1115, 0);
insert into Skill values ( 1115 , 'Healthcare Management');
insert into Has_skill values ( 213 , 554, 0);
insert into Skill values ( 554 , 'Pediatrics');
insert into Has_skill values ( 213 , 1495, 0);
insert into Skill values ( 1495 , 'Oral Surgery');
insert into Has_skill values ( 213 , 1516, 0);
insert into Skill values ( 1516 , 'Sedation Dentistry');
insert into Has_skill values ( 213 , 1534, 0);
insert into Skill values ( 1534 , 'Sealants');
insert into Has_skill values ( 213 , 1396, 0);
insert into Skill values ( 1396 , 'Treatment');
insert into Has_skill values ( 213 , 1037, 0);
insert into Skill values ( 1037 , 'Public Health');
insert into Has_skill values ( 213 , 1512, 0);
insert into Skill values ( 1512 , 'Veneers');
insert into Has_skill values ( 213 , 1517, 0);
insert into Skill values ( 1517 , 'Orthodontics');
insert into Has_skill values ( 213 , 1287, 0);
insert into Skill values ( 1287 , 'Medicine');
insert into Has_skill values ( 213 , 1518, 0);
insert into Skill values ( 1518 , 'Endodontics');
insert into Has_skill values ( 213 , 1494, 0);
insert into Skill values ( 1494 , 'Teeth Whitening');
insert into Has_skill values ( 213 , 547, 0);
insert into Skill values ( 547 , 'Surgery');
insert into Has_skill values ( 213 , 1490, 0);
insert into Skill values ( 1490 , 'Root Canal');
insert into Has_skill values ( 213 , 1488, 0);
insert into Skill values ( 1488 , 'Restorative Dentistry');
insert into Has_skill values ( 213 , 1403, 0);
insert into Skill values ( 1403 , 'Orthopedic');
insert into Has_skill values ( 213 , 321, 0);
insert into Skill values ( 321 , 'Clinical Research');
insert into Has_skill values ( 213 , 1392, 0);
insert into Skill values ( 1392 , 'Medical Devices');
insert into Has_skill values ( 213 , 1487, 0);
insert into Skill values ( 1487 , 'Cosmetic Dentistry');
insert into Has_skill values ( 213 , 1281, 0);
insert into Skill values ( 1281 , 'DNA extraction');
insert into Has_skill values ( 213 , 1555, 0);
insert into Skill values ( 1555 , 'Laser Dentistry');
insert into Has_skill values ( 213 , 1511, 0);
insert into Skill values ( 1511 , 'Tooth Colored Fillings');
insert into Has_skill values ( 213 , 1575, 0);
insert into Skill values ( 1575 , 'Anesthesia');
insert into Has_skill values ( 213 , 1576, 0);
insert into Skill values ( 1576 , 'Dental Education');
insert into Has_skill values ( 213 , 1570, 0);
insert into Skill values ( 1570 , 'Conscious Sedation');
insert into Has_skill values ( 213 , 1492, 0);
insert into Skill values ( 1492 , 'Dental Surgery');
insert into Has_skill values ( 213 , 1507, 0);
insert into Skill values ( 1507 , 'Sedation');
insert into Has_skill values ( 213 , 1567, 0);
insert into Skill values ( 1567 , 'Practice Management');
insert into Has_skill values ( 213 , 1528, 0);
insert into Skill values ( 1528 , 'Prosthodontics');
insert into Has_skill values ( 213 , 1577, 0);
insert into Skill values ( 1577 , 'Braces');
insert into Has_skill values ( 213 , 1509, 0);
insert into Skill values ( 1509 , 'Crowns');
insert into Has_skill values ( 213 , 1513, 0);
insert into Skill values ( 1513 , 'Patient Education');
insert into Has_skill values ( 213 , 1568, 0);
insert into Skill values ( 1568 , 'Invisible Braces');
insert into Has_skill values ( 213 , 1493, 0);
insert into Skill values ( 1493 , 'Dental Care');
insert into Has_skill values ( 213 , 1521, 0);
insert into Skill values ( 1521 , 'TMJ dysfunction');
insert into Has_skill values ( 213 , 1514, 0);
insert into Skill values ( 1514 , 'Periodontics');
insert into Has_skill values ( 213 , 1506, 0);
insert into Skill values ( 1506 , 'Sleep Apnea');
insert into Has_skill values ( 213 , 1551, 0);
insert into Skill values ( 1551 , 'Bone Grafting');
insert into Has_skill values ( 213 , 1497, 0);
insert into Skill values ( 1497 , 'Implantology');
insert into Member_of values ( 213 , 1324);
insert into Groups values ( 1324 , 'CME -CONFERENCE UAE', 0);
insert into Member_of values ( 213 , 1325);
insert into Groups values ( 1325 , 'Next Generation Dental', 0);
insert into Member_of values ( 213 , 1225);
insert into Groups values ( 1225 , 'Global Dentist Network', 0);
insert into Member_of values ( 213 , 1326);
insert into Groups values ( 1326 , 'Dentalnomics', 0);
insert into Member_of values ( 213 , 1327);
insert into Groups values ( 1327 , 'Orthodontic and dental technology', 0);
insert into Member_of values ( 213 , 1268);
insert into Groups values ( 1268 , 'FDI World Dental Federation', 0);
insert into Employer values ( 1182 , 'Dubai Sky Clinic');
insert into Experience values ( 213 , 1182, '2013-12-01', '2014-12-15');
insert into Employer values ( 1183 , 'Alabama Dental Center');
insert into Experience values ( 213 , 1183, '2011-08-01', '2013-11-02');
insert into Employer values ( 1184 , '3M Health Care');
insert into Experience values ( 213 , 1184, '2008-07-01', '2011-05-02');
insert into Employer values ( 1185 , 'Akhtar Hospital');
insert into Experience values ( 213 , 1185, '2004-10-01', '2008-06-03');
insert into Employer values ( 1185 , 'Akhtar Hospital');
insert into Experience values ( 213 , 1185, '2001-01-01', '2004-10-03');
insert into Employer values ( 1186 , 'Iran University of Medical Sciences');
insert into Experience values ( 213 , 1186, '1998-12-01', '2000-11-02');

insert into User values ( 214 , 'Homaira' , 'Mateen', 500, 0, 'Hospital & Health Care');
insert into Education values ( 214 , 354 , 202 , '', '1997 – 2001', '1997 – 2001');
insert into University values ( 354 , 'James Logan High School');
insert into Education values ( 214 , 355 , 280 , 'Bachelor of Business Administration (BBA)', '', '');
insert into University values ( 355 , 'Chabot College');
insert into Has_skill values ( 214 , 1036, 0);
insert into Skill values ( 1036 , 'Healthcare');
insert into Has_skill values ( 214 , 1040, 0);
insert into Skill values ( 1040 , 'Hospitals');
insert into Has_skill values ( 214 , 381, 0);
insert into Skill values ( 381 , 'Strategic Planning');
insert into Has_skill values ( 214 , 1109, 0);
insert into Skill values ( 1109 , 'Healthcare Information...');
insert into Has_skill values ( 214 , 1115, 0);
insert into Skill values ( 1115 , 'Healthcare Management');
insert into Has_skill values ( 214 , 1578, 0);
insert into Skill values ( 1578 , 'Educational Leadership');
insert into Has_skill values ( 214 , 1576, 0);
insert into Skill values ( 1576 , 'Dental Education');
insert into Has_skill values ( 214 , 1579, 0);
insert into Skill values ( 1579 , 'Dental Marketing');
insert into Has_skill values ( 214 , 1580, 0);
insert into Skill values ( 1580 , 'Dental Insurance');
insert into Has_skill values ( 214 , 775, 0);
insert into Skill values ( 775 , 'Team Building');
insert into Has_skill values ( 214 , 1486, 0);
insert into Skill values ( 1486 , 'Dentistry');
insert into Has_skill values ( 214 , 1561, 0);
insert into Skill values ( 1561 , 'Radiology');
insert into Has_skill values ( 214 , 427, 0);
insert into Skill values ( 427 , 'Customer Service');
insert into Has_skill values ( 214 , 1111, 0);
insert into Skill values ( 1111 , 'HIPAA');
insert into Has_skill values ( 214 , 419, 0);
insert into Skill values ( 419 , 'Training');
insert into Has_skill values ( 214 , 840, 0);
insert into Skill values ( 840 , 'Software Documentation');
insert into Has_skill values ( 214 , 1287, 0);
insert into Skill values ( 1287 , 'Medicine');
insert into Has_skill values ( 214 , 547, 0);
insert into Skill values ( 547 , 'Surgery');
insert into Has_skill values ( 214 , 1392, 0);
insert into Skill values ( 1392 , 'Medical Devices');
insert into Has_skill values ( 214 , 321, 0);
insert into Skill values ( 321 , 'Clinical Research');
insert into Has_skill values ( 214 , 1487, 0);
insert into Skill values ( 1487 , 'Cosmetic Dentistry');
insert into Has_skill values ( 214 , 1512, 0);
insert into Skill values ( 1512 , 'Veneers');
insert into Has_skill values ( 214 , 1488, 0);
insert into Skill values ( 1488 , 'Restorative Dentistry');
insert into Has_skill values ( 214 , 1404, 0);
insert into Skill values ( 1404 , 'Patient Safety');
insert into Has_skill values ( 214 , 1288, 0);
insert into Skill values ( 1288 , 'Medical Education');
insert into Has_skill values ( 214 , 1581, 0);
insert into Skill values ( 1581 , 'PACS');
insert into Has_skill values ( 214 , 1582, 0);
insert into Skill values ( 1582 , 'Informatics');
insert into Has_skill values ( 214 , 1566, 0);
insert into Skill values ( 1566 , 'Healthcare Consulting');
insert into Has_skill values ( 214 , 1037, 0);
insert into Skill values ( 1037 , 'Public Health');
insert into Has_skill values ( 214 , 1396, 0);
insert into Skill values ( 1396 , 'Treatment');
insert into Has_skill values ( 214 , 1583, 0);
insert into Skill values ( 1583 , 'Quality Improvement');
insert into Has_skill values ( 214 , 1389, 0);
insert into Skill values ( 1389 , 'Aesthetics');
insert into Has_skill values ( 214 , 1114, 0);
insert into Skill values ( 1114 , 'Physicians');
insert into Has_skill values ( 214 , 1401, 0);
insert into Skill values ( 1401 , 'Nursing');
insert into Has_skill values ( 214 , 1584, 0);
insert into Skill values ( 1584 , 'Physician Relations');
insert into Has_skill values ( 214 , 1558, 0);
insert into Skill values ( 1558 , 'Hardware Diagnostics');
insert into Has_skill values ( 214 , 1290, 0);
insert into Skill values ( 1290 , 'Medical Terminology');
insert into Has_skill values ( 214 , 1513, 0);
insert into Skill values ( 1513 , 'Patient Education');
insert into Has_skill values ( 214 , 1585, 0);
insert into Skill values ( 1585 , 'Critical Care');
insert into Has_skill values ( 214 , 1586, 0);
insert into Skill values ( 1586 , 'Medical Imaging');
insert into Has_skill values ( 214 , 1587, 0);
insert into Skill values ( 1587 , 'EHR');
insert into Has_skill values ( 214 , 1495, 0);
insert into Skill values ( 1495 , 'Oral Surgery');
insert into Has_skill values ( 214 , 1508, 0);
insert into Skill values ( 1508 , 'Health Education');
insert into Has_skill values ( 214 , 1444, 0);
insert into Skill values ( 1444 , 'EMR');
insert into Has_skill values ( 214 , 554, 0);
insert into Skill values ( 554 , 'Pediatrics');
insert into Has_skill values ( 214 , 1588, 0);
insert into Skill values ( 1588 , 'Inpatient');
insert into Has_skill values ( 214 , 1563, 0);
insert into Skill values ( 1563 , 'Emergency Medicine');
insert into Has_skill values ( 214 , 1403, 0);
insert into Skill values ( 1403 , 'Orthopedic');
insert into Has_skill values ( 214 , 1589, 0);
insert into Skill values ( 1589 , 'Accreditation');
insert into Member_of values ( 214 , 1328);
insert into Groups values ( 1328 , 'The Healthcare Marketing Community', 0);
insert into Knows_language values ( 214 , 501);
insert into Languages values ( 501 , 'English');
insert into Knows_language values ( 214 , 543);
insert into Languages values ( 543 , 'Farsi');
insert into Employer values ( 1187 , 'European Dental Education Center');
insert into Experience values ( 214 , 1187, '2010-02-01', '2014-12-11');
insert into Employer values ( 1188 , 'German Dental Oasis');
insert into Experience values ( 214 , 1188, '2009-02-01', '2014-12-11');
insert into Employer values ( 1189 , 'Smile Care Dental');
insert into Experience values ( 214 , 1189, '2000-01-01', '');

insert into User values ( 215 , 'Dr' , 'Zainab abbas', 318, 0, 'Hospital & Health Care');
insert into Has_skill values ( 215 , 1590, 0);
insert into Skill values ( 1590 , 'GP DENTIST');
insert into Has_skill values ( 215 , 1488, 0);
insert into Skill values ( 1488 , 'Restorative Dentistry');
insert into Has_skill values ( 215 , 1487, 0);
insert into Skill values ( 1487 , 'Cosmetic Dentistry');
insert into Has_skill values ( 215 , 1512, 0);
insert into Skill values ( 1512 , 'Veneers');
insert into Has_skill values ( 215 , 1494, 0);
insert into Skill values ( 1494 , 'Teeth Whitening');
insert into Has_skill values ( 215 , 1486, 0);
insert into Skill values ( 1486 , 'Dentistry');
insert into Has_skill values ( 215 , 1529, 0);
insert into Skill values ( 1529 , 'Dentures');
insert into Has_skill values ( 215 , 1518, 0);
insert into Skill values ( 1518 , 'Endodontics');
insert into Has_skill values ( 215 , 1521, 0);
insert into Skill values ( 1521 , 'TMJ dysfunction');
insert into Has_skill values ( 215 , 1514, 0);
insert into Skill values ( 1514 , 'Periodontics');
insert into Has_skill values ( 215 , 1528, 0);
insert into Skill values ( 1528 , 'Prosthodontics');
insert into Has_skill values ( 215 , 1519, 0);
insert into Skill values ( 1519 , 'Invisalign');
insert into Has_skill values ( 215 , 1495, 0);
insert into Skill values ( 1495 , 'Oral Surgery');
insert into Has_skill values ( 215 , 1389, 0);
insert into Skill values ( 1389 , 'Aesthetics');
insert into Has_skill values ( 215 , 1287, 0);
insert into Skill values ( 1287 , 'Medicine');
insert into Has_skill values ( 215 , 1036, 0);
insert into Skill values ( 1036 , 'Healthcare');
insert into Has_skill values ( 215 , 321, 0);
insert into Skill values ( 321 , 'Clinical Research');
insert into Has_skill values ( 215 , 1551, 0);
insert into Skill values ( 1551 , 'Bone Grafting');
insert into Has_skill values ( 215 , 547, 0);
insert into Skill values ( 547 , 'Surgery');
insert into Has_skill values ( 215 , 1517, 0);
insert into Skill values ( 1517 , 'Orthodontics');
insert into Has_skill values ( 215 , 1396, 0);
insert into Skill values ( 1396 , 'Treatment');
insert into Member_of values ( 215 , 1260);
insert into Groups values ( 1260 , 'ProDentalCPD', 0);
insert into Member_of values ( 215 , 1267);
insert into Groups values ( 1267 , 'AEEDC Dubai', 0);
insert into Member_of values ( 215 , 1328);
insert into Groups values ( 1328 , 'The Healthcare Marketing Community', 0);
insert into Member_of values ( 215 , 1258);
insert into Groups values ( 1258 , 'Laser Dentistry', 0);
insert into Member_of values ( 215 , 1288);
insert into Groups values ( 1288 , 'Dental Pros Sharing Knowledge', 0);
insert into Member_of values ( 215 , 1329);
insert into Groups values ( 1329 , 'Recruitment Consultants and Staffing Professionals', 0);
insert into Member_of values ( 215 , 1278);
insert into Groups values ( 1278 , 'Dentistry Jobs & Practice Sales', 0);
insert into Member_of values ( 215 , 1330);
insert into Groups values ( 1330 , 'i DENTAL HUB', 0);
insert into Member_of values ( 215 , 1261);
insert into Groups values ( 1261 , 'Healthy Heart Dentistry', 0);
insert into Member_of values ( 215 , 1331);
insert into Groups values ( 1331 , 'Dental Study Club', 0);
insert into Member_of values ( 215 , 1227);
insert into Groups values ( 1227 , 'Invisalign', 0);
insert into Member_of values ( 215 , 1332);
insert into Groups values ( 1332 , 'Evidence Based Dentistry EBD', 0);
insert into Member_of values ( 215 , 1316);
insert into Groups values ( 1316 , 'CPD Dubai', 0);
insert into Member_of values ( 215 , 1333);
insert into Groups values ( 1333 , 'Medical MCQs (PLAB, MRCP, USMLE, FRCR, MRCS, GRE , all with answers )', 0);
insert into Member_of values ( 215 , 1334);
insert into Groups values ( 1334 , 'Doctors in Dubai', 0);
insert into Member_of values ( 215 , 1180);
insert into Groups values ( 1180 , 'Dubai Recruitment', 0);
insert into Knows_language values ( 215 , 501);
insert into Languages values ( 501 , 'English');
insert into Knows_language values ( 215 , 544);
insert into Languages values ( 544 , 'Urdu');
insert into Employer values ( 1190 , 'GCMC Medical centre');
insert into Experience values ( 215 , 1190, '2012-11-01', '2014-12-15');
insert into Employer values ( 1191 , 'Fatima Memorial Hospital (FMH) College of Medicine & Dentistry');
insert into Experience values ( 215 , 1191, '2009-05-01', '2011-04-02');
insert into Employer values ( 1192 , 'FATIMA MEMORIAL HOSPITAL');
insert into Experience values ( 215 , 1192, '2008-03-01', '2011-04-03');
insert into Employer values ( 1193 , 'HOUSE JOB');
insert into Experience values ( 215 , 1193, '2008-03-01', '2009-04-01');

insert into User values ( 216 , 'Danielle' , 'Stephenson', 416, 0, 'Hospital & Health Care');

insert into User values ( 217 , 'Alaa' , 'Bahloul', 353, 0, 'Medical Practice');
insert into Education values ( 217 , 356 , 202 , '', '2007 – 2012', '2007 – 2012');
insert into University values ( 356 , 'Ajman University of Science and Technology');
insert into Education values ( 217 , 357 , 356 , 'Senior high school', '2001 – 2007', '2001 – 2007');
insert into University values ( 357 , 'Al Shola Private School');
insert into Education values ( 217 , 358 , 357 , 'Junior School', '1994 – 2001', '1994 – 2001');
insert into University values ( 358 , 'Al Sharjah Private School');
insert into Has_skill values ( 217 , 1486, 0);
insert into Skill values ( 1486 , 'Dentistry');
insert into Has_skill values ( 217 , 1495, 0);
insert into Skill values ( 1495 , 'Oral Surgery');
insert into Has_skill values ( 217 , 1514, 0);
insert into Skill values ( 1514 , 'Periodontics');
insert into Has_skill values ( 217 , 1389, 0);
insert into Skill values ( 1389 , 'Aesthetics');
insert into Has_skill values ( 217 , 1518, 0);
insert into Skill values ( 1518 , 'Endodontics');
insert into Has_skill values ( 217 , 554, 0);
insert into Skill values ( 554 , 'Pediatrics');
insert into Has_skill values ( 217 , 1512, 0);
insert into Skill values ( 1512 , 'Veneers');
insert into Has_skill values ( 217 , 1036, 0);
insert into Skill values ( 1036 , 'Healthcare');
insert into Has_skill values ( 217 , 1528, 0);
insert into Skill values ( 1528 , 'Prosthodontics');
insert into Has_skill values ( 217 , 1517, 0);
insert into Skill values ( 1517 , 'Orthodontics');
insert into Has_skill values ( 217 , 1591, 0);
insert into Skill values ( 1591 , 'Emergency');
insert into Member_of values ( 217 , 1228);
insert into Groups values ( 1228 , 'American Academy of Cosmetic Dentistry', 0);
insert into Member_of values ( 217 , 1335);
insert into Groups values ( 1335 , 'American Dental Implant Association', 0);
insert into Member_of values ( 217 , 1169);
insert into Groups values ( 1169 , 'Medical Device Field - MDField', 0);
insert into Member_of values ( 217 , 1327);
insert into Groups values ( 1327 , 'Orthodontic and dental technology', 0);
insert into Member_of values ( 217 , 1225);
insert into Groups values ( 1225 , 'Global Dentist Network', 0);
insert into Member_of values ( 217 , 1336);
insert into Groups values ( 1336 , 'Endodontists', 0);
insert into Member_of values ( 217 , 1337);
insert into Groups values ( 1337 , 'The Future of Dental Care', 0);
insert into Member_of values ( 217 , 1338);
insert into Groups values ( 1338 , 'Doctor and Dentist Service Providers and Vendors', 0);
insert into Member_of values ( 217 , 1339);
insert into Groups values ( 1339 , 'Dental World Connected', 0);
insert into Member_of values ( 217 , 1340);
insert into Groups values ( 1340 , 'Oral & Maxillo-Facial Surgeons', 0);
insert into Member_of values ( 217 , 1341);
insert into Groups values ( 1341 , 'Advanced Endodontics with Dr. Cliff Ruddle', 0);
insert into Member_of values ( 217 , 1239);
insert into Groups values ( 1239 , 'Zygomatic Implants', 0);
insert into Member_of values ( 217 , 1273);
insert into Groups values ( 1273 , '7th CAD/CAM & Computerized Dentistry International Conference', 0);
insert into Member_of values ( 217 , 1268);
insert into Groups values ( 1268 , 'FDI World Dental Federation', 0);
insert into Member_of values ( 217 , 1342);
insert into Groups values ( 1342 , 'Dental Professionals UK', 0);
insert into Member_of values ( 217 , 1286);
insert into Groups values ( 1286 , 'Dentist Network', 0);
insert into Member_of values ( 217 , 1217);
insert into Groups values ( 1217 , 'Dental Speakers, Dental, Practice Management Consultants and Dental Educators', 0);
insert into Member_of values ( 217 , 1261);
insert into Groups values ( 1261 , 'Healthy Heart Dentistry', 0);
insert into Member_of values ( 217 , 1285);
insert into Groups values ( 1285 , 'AADR: American Association for Dental Research', 0);
insert into Member_of values ( 217 , 1304);
insert into Groups values ( 1304 , 'Sedation Dentistry', 0);
insert into Member_of values ( 217 , 1343);
insert into Groups values ( 1343 , 'Dental Surgery Inc', 0);
insert into Member_of values ( 217 , 1344);
insert into Groups values ( 1344 , 'The Dental Hygienist', 0);
insert into Member_of values ( 217 , 1278);
insert into Groups values ( 1278 , 'Dentistry Jobs & Practice Sales', 0);
insert into Member_of values ( 217 , 1345);
insert into Groups values ( 1345 , 'Dental Implantology & Bone Augmentation in UAE', 0);
insert into Member_of values ( 217 , 1258);
insert into Groups values ( 1258 , 'Laser Dentistry', 0);
insert into Member_of values ( 217 , 1247);
insert into Groups values ( 1247 , 'Sleep Apnea', 0);
insert into Member_of values ( 217 , 1267);
insert into Groups values ( 1267 , 'AEEDC Dubai', 0);
insert into Employer values ( 1178 , 'Ajman University of Science and Technology (AUST)');
insert into Experience values ( 217 , 1178, '2013-09-01', '2014-12-15');
insert into Employer values ( 1178 , 'Ajman University of Science and Technology (AUST)');
insert into Experience values ( 217 , 1178, '2013-01-01', '');
insert into Employer values ( 1178 , 'Ajman University of Science and Technology (AUST)');
insert into Experience values ( 217 , 1178, '2012-01-01', '');
insert into Employer values ( 1178 , 'Ajman University of Science and Technology (AUST)');
insert into Experience values ( 217 , 1178, '2007-09-01', '');
insert into Employer values ( 1194 , 'Al Shola Private School');
insert into Experience values ( 217 , 1194, '2004-09-01', '2006-06-01');


insert into User values ( 218 , 'Volker' , 'Fitzpatrick Colling', 1, 0, '');

insert into User values ( 219 , 'monica' , 'clinton', 12, 0, 'International Trade and Development');
insert into Employer values ( 909 , 'Self-employed');
insert into Experience values ( 219 , 909, '2012-02-01', '2014-12-11');

insert into User values ( 220 , 'Tony' , 'Coffin', 12, 0, 'Construction');

insert into User values ( 221 , 'Keith' , 'Butler', 122, 0, 'Construction');
insert into Has_skill values ( 221 , 669, 0);
insert into Skill values ( 669 , 'Construction Management');
insert into Has_skill values ( 221 , 670, 0);
insert into Skill values ( 670 , 'Contract Management');
insert into Has_skill values ( 221 , 353, 0);
insert into Skill values ( 353 , 'Project Management');
insert into Has_skill values ( 221 , 381, 0);
insert into Skill values ( 381 , 'Strategic Planning');
insert into Has_skill values ( 221 , 498, 0);
insert into Skill values ( 498 , 'Project Planning');
insert into Has_skill values ( 221 , 712, 0);
insert into Skill values ( 712 , 'Procurement');
insert into Has_skill values ( 221 , 634, 0);
insert into Skill values ( 634 , 'Feasibility Studies');
insert into Has_skill values ( 221 , 1592, 0);
insert into Skill values ( 1592 , 'Subcontracting');
insert into Has_skill values ( 221 , 1593, 0);
insert into Skill values ( 1593 , 'Project Estimation');
insert into Has_skill values ( 221 , 1594, 0);
insert into Skill values ( 1594 , 'Cost Management');
insert into Has_skill values ( 221 , 1595, 0);
insert into Skill values ( 1595 , 'Engineering');
insert into Employer values ( 1195 , 'Mercer Holdings');
insert into Experience values ( 221 , 1195, '2001-09-01', '2014-03-04');

insert into User values ( 222 , 'Sarju' , 'Tailor', 177, 0, 'Electrical/Electronic Manufacturing');
insert into Has_skill values ( 222 , 1596, 0);
insert into Skill values ( 1596 , 'UPS systems');
insert into Has_skill values ( 222 , 480, 0);
insert into Skill values ( 480 , 'Sales Management');
insert into Has_skill values ( 222 , 1597, 0);
insert into Skill values ( 1597 , 'Electrical Engineering');
insert into Has_skill values ( 222 , 467, 0);
insert into Skill values ( 467 , 'Key Account Management');
insert into Has_skill values ( 222 , 1598, 0);
insert into Skill values ( 1598 , 'Electricians');
insert into Has_skill values ( 222 , 1376, 0);
insert into Skill values ( 1376 , 'Energy');
insert into Has_skill values ( 222 , 479, 0);
insert into Skill values ( 479 , 'Account Management');
insert into Has_skill values ( 222 , 1210, 0);
insert into Skill values ( 1210 , 'International Sales');
insert into Has_skill values ( 222 , 1024, 0);
insert into Skill values ( 1024 , 'Solution Selling');
insert into Has_skill values ( 222 , 805, 0);
insert into Skill values ( 805 , 'Data Center');
insert into Has_skill values ( 222 , 1599, 0);
insert into Skill values ( 1599 , 'Electronics');
insert into Has_skill values ( 222 , 1600, 0);
insert into Skill values ( 1600 , 'Switchgear');
insert into Has_skill values ( 222 , 1601, 0);
insert into Skill values ( 1601 , 'Power Distribution');
insert into Has_skill values ( 222 , 673, 0);
insert into Skill values ( 673 , 'New Business Development');
insert into Has_skill values ( 222 , 377, 0);
insert into Skill values ( 377 , 'Product Management');
insert into Has_skill values ( 222 , 1602, 0);
insert into Skill values ( 1602 , 'Power Systems');
insert into Has_skill values ( 222 , 492, 0);
insert into Skill values ( 492 , 'Product Marketing');
insert into Has_skill values ( 222 , 1211, 0);
insert into Skill values ( 1211 , 'Channel Partners');
insert into Has_skill values ( 222 , 379, 0);
insert into Skill values ( 379 , 'Business Development');
insert into Employer values ( 1196 , 'GE Digital Energy');
insert into Experience values ( 222 , 1196, '', '');

insert into User values ( 223 , 'Lisa' , 'Moore', 472, 0, 'Semiconductors');
insert into Has_skill values ( 223 , 378, 0);
insert into Skill values ( 378 , 'Cross-functional Team...');
insert into Has_skill values ( 223 , 497, 0);
insert into Skill values ( 497 , 'Visio');
insert into Has_skill values ( 223 , 1603, 0);
insert into Skill values ( 1603 , 'SAP');
insert into Has_skill values ( 223 , 1604, 0);
insert into Skill values ( 1604 , 'Semiconductors');
insert into Has_skill values ( 223 , 1605, 0);
insert into Skill values ( 1605 , 'IC');
insert into Has_skill values ( 223 , 837, 0);
insert into Skill values ( 837 , 'Business Process');
insert into Has_skill values ( 223 , 840, 0);
insert into Skill values ( 840 , 'Software Documentation');
insert into Has_skill values ( 223 , 464, 0);
insert into Skill values ( 464 , 'Business Intelligence');
insert into Has_skill values ( 223 , 501, 0);
insert into Skill values ( 501 , 'MS Project');
insert into Has_skill values ( 223 , 541, 0);
insert into Skill values ( 541 , 'Process Improvement');
insert into Has_skill values ( 223 , 832, 0);
insert into Skill values ( 832 , 'Testing');
insert into Has_skill values ( 223 , 1606, 0);
insert into Skill values ( 1606 , 'ASIC');
insert into Has_skill values ( 223 , 372, 0);
insert into Skill values ( 372 , 'Data Analysis');
insert into Has_skill values ( 223 , 778, 0);
insert into Skill values ( 778 , 'Change Management');
insert into Has_skill values ( 223 , 498, 0);
insert into Skill values ( 498 , 'Project Planning');
insert into Has_skill values ( 223 , 383, 0);
insert into Skill values ( 383 , 'Business Analysis');
insert into Has_skill values ( 223 , 801, 0);
insert into Skill values ( 801 , 'ERP');
insert into Has_skill values ( 223 , 376, 0);
insert into Skill values ( 376 , 'Program Management');

insert into User values ( 224 , 'Narayanan' , 'Unnikrishnan', 233, 0, 'Semiconductors');
insert into Has_skill values ( 224 , 1607, 0);
insert into Skill values ( 1607 , 'ASIC Implementation');
insert into Has_skill values ( 224 , 1608, 0);
insert into Skill values ( 1608 , 'RTL to GDS');
insert into Has_skill values ( 224 , 1609, 0);
insert into Skill values ( 1609 , 'Floorplanning');
insert into Has_skill values ( 224 , 1610, 0);
insert into Skill values ( 1610 , 'Clock Tree Synthesis');
insert into Has_skill values ( 224 , 1611, 0);
insert into Skill values ( 1611 , 'Timing Closure');
insert into Has_skill values ( 224 , 1612, 0);
insert into Skill values ( 1612 , 'Physical Design');
insert into Has_skill values ( 224 , 1604, 0);
insert into Skill values ( 1604 , 'Semiconductors');
insert into Has_skill values ( 224 , 1613, 0);
insert into Skill values ( 1613 , 'SoC');
insert into Has_skill values ( 224 , 1614, 0);
insert into Skill values ( 1614 , 'VLSI');
insert into Has_skill values ( 224 , 1615, 0);
insert into Skill values ( 1615 , 'Static Timing Analysis');
insert into Has_skill values ( 224 , 1595, 0);
insert into Skill values ( 1595 , 'Engineering');
insert into Has_skill values ( 224 , 1616, 0);
insert into Skill values ( 1616 , 'Formal Verification');
insert into Has_skill values ( 224 , 1617, 0);
insert into Skill values ( 1617 , 'SERDES');
insert into Has_skill values ( 224 , 1618, 0);
insert into Skill values ( 1618 , 'Synopsys Primetime');
insert into Has_skill values ( 224 , 1619, 0);
insert into Skill values ( 1619 , 'Synopsys tools');
insert into Has_skill values ( 224 , 1620, 0);
insert into Skill values ( 1620 , 'Low Power');
insert into Has_skill values ( 224 , 1621, 0);
insert into Skill values ( 1621 , 'Hierarchical Timing');
insert into Has_skill values ( 224 , 930, 0);
insert into Skill values ( 930 , 'Ethernet');
insert into Has_skill values ( 224 , 1622, 0);
insert into Skill values ( 1622 , 'DFT');
insert into Has_skill values ( 224 , 1623, 0);
insert into Skill values ( 1623 , 'Place & Route');
insert into Has_skill values ( 224 , 1624, 0);
insert into Skill values ( 1624 , 'Debugging');
insert into Has_skill values ( 224 , 1625, 0);
insert into Skill values ( 1625 , 'Parasitic Extraction');
insert into Has_skill values ( 224 , 1606, 0);
insert into Skill values ( 1606 , 'ASIC');
insert into Has_skill values ( 224 , 1626, 0);
insert into Skill values ( 1626 , 'Verilog');
insert into Has_skill values ( 224 , 1627, 0);
insert into Skill values ( 1627 , 'EDA');
insert into Has_skill values ( 224 , 1605, 0);
insert into Skill values ( 1605 , 'IC');

insert into User values ( 225 , 'Manisha' , 'Patel', 156, 0, 'Semiconductors');
insert into Has_skill values ( 225 , 1606, 0);
insert into Skill values ( 1606 , 'ASIC');
insert into Has_skill values ( 225 , 1613, 0);
insert into Skill values ( 1613 , 'SoC');
insert into Has_skill values ( 225 , 1615, 0);
insert into Skill values ( 1615 , 'Static Timing Analysis');
insert into Has_skill values ( 225 , 1627, 0);
insert into Skill values ( 1627 , 'EDA');
insert into Has_skill values ( 225 , 1605, 0);
insert into Skill values ( 1605 , 'IC');
insert into Has_skill values ( 225 , 1626, 0);
insert into Skill values ( 1626 , 'Verilog');
insert into Has_skill values ( 225 , 1628, 0);
insert into Skill values ( 1628 , 'RTL design');
insert into Has_skill values ( 225 , 1611, 0);
insert into Skill values ( 1611 , 'Timing Closure');
insert into Has_skill values ( 225 , 1614, 0);
insert into Skill values ( 1614 , 'VLSI');
insert into Has_skill values ( 225 , 1612, 0);
insert into Skill values ( 1612 , 'Physical Design');
insert into Has_skill values ( 225 , 1604, 0);
insert into Skill values ( 1604 , 'Semiconductors');
insert into Has_skill values ( 225 , 1629, 0);
insert into Skill values ( 1629 , 'Primetime');
insert into Has_skill values ( 225 , 1630, 0);
insert into Skill values ( 1630 , 'FPGA');
insert into Has_skill values ( 225 , 1631, 0);
insert into Skill values ( 1631 , 'Mixed Signal');
insert into Has_skill values ( 225 , 1632, 0);
insert into Skill values ( 1632 , 'TCL');
insert into Has_skill values ( 225 , 1622, 0);
insert into Skill values ( 1622 , 'DFT');
insert into Has_skill values ( 225 , 1633, 0);
insert into Skill values ( 1633 , 'SystemVerilog');
insert into Has_skill values ( 225 , 1634, 0);
insert into Skill values ( 1634 , 'Logic Design');
insert into Has_skill values ( 225 , 1635, 0);
insert into Skill values ( 1635 , 'Integrated Circuit...');
insert into Has_skill values ( 225 , 1636, 0);
insert into Skill values ( 1636 , 'Low-power Design');
insert into Has_skill values ( 225 , 1637, 0);
insert into Skill values ( 1637 , 'Physical Verification');

insert into User values ( 226 , 'Raghad' , 'AlRehani', 67, 0, 'Semiconductors');
insert into Has_skill values ( 226 , 1638, 0);
insert into Skill values ( 1638 , 'Power analysis using...');
insert into Has_skill values ( 226 , 1639, 0);
insert into Skill values ( 1639 , 'Drc & lvs experience...');
insert into Has_skill values ( 226 , 1640, 0);
insert into Skill values ( 1640 , 'Synopses ICC for...');
insert into Has_skill values ( 226 , 1641, 0);
insert into Skill values ( 1641 , 'DRC');
insert into Has_skill values ( 226 , 1642, 0);
insert into Skill values ( 1642 , 'Power Delivery Network...');
insert into Has_skill values ( 226 , 1643, 0);
insert into Skill values ( 1643 , 'Chip Activity Analysis');
insert into Has_skill values ( 226 , 1644, 0);
insert into Skill values ( 1644 , 'LVS');
insert into Has_skill values ( 226 , 1626, 0);
insert into Skill values ( 1626 , 'Verilog');
insert into Has_skill values ( 226 , 1613, 0);
insert into Skill values ( 1613 , 'SoC');
insert into Has_skill values ( 226 , 1604, 0);
insert into Skill values ( 1604 , 'Semiconductors');
insert into Has_skill values ( 226 , 1645, 0);
insert into Skill values ( 1645 , 'CMOS');
insert into Has_skill values ( 226 , 1606, 0);
insert into Skill values ( 1606 , 'ASIC');
insert into Has_skill values ( 226 , 1605, 0);
insert into Skill values ( 1605 , 'IC');
insert into Has_skill values ( 226 , 1631, 0);
insert into Skill values ( 1631 , 'Mixed Signal');
insert into Has_skill values ( 226 , 1627, 0);
insert into Skill values ( 1627 , 'EDA');
insert into Has_skill values ( 226 , 1614, 0);
insert into Skill values ( 1614 , 'VLSI');
insert into Member_of values ( 226 , 1346);
insert into Groups values ( 1346 , 'Physical Verification', 0);
insert into Member_of values ( 226 , 1347);
insert into Groups values ( 1347 , '* Physical Design *', 0);
insert into Member_of values ( 226 , 1348);
insert into Groups values ( 1348 , 'PHYSICAL DESIGN GROUP', 0);
insert into Member_of values ( 226 , 1349);
insert into Groups values ( 1349 , 'System-on-Chip Power Integrity', 0);
insert into Employer values ( 1197 , 'Avago Technologies');
insert into Experience values ( 226 , 1197, '2014-03-01', '2014-12-10');

insert into User values ( 227 , 'Deb' , 'Paul', 500, 0, 'Staffing and Recruiting');
insert into Education values ( 227 , 359 , 222 , 'Bachelor of Commerce (BCom)', '', '');
insert into University values ( 359 , 'Andhra University');
insert into Education values ( 227 , 360 , 243 , 'MBA', '', '');
insert into University values ( 360 , 'Indian Institute of Planning and Management');
insert into Education values ( 227 , 361 , 202 , '', '', '');
insert into University values ( 361 , 'Kendriya Vidyalaya');
insert into Has_skill values ( 227 , 1646, 0);
insert into Skill values ( 1646 , 'Technical Recruiting');
insert into Has_skill values ( 227 , 1647, 0);
insert into Skill values ( 1647 , 'Talent Acquisition');
insert into Has_skill values ( 227 , 1648, 0);
insert into Skill values ( 1648 , 'Talent Mapping');
insert into Has_skill values ( 227 , 1649, 0);
insert into Skill values ( 1649 , 'Sourcing');
insert into Has_skill values ( 227 , 1650, 0);
insert into Skill values ( 1650 , 'Applicant Tracking...');
insert into Has_skill values ( 227 , 1651, 0);
insert into Skill values ( 1651 , 'Screening');
insert into Has_skill values ( 227 , 1652, 0);
insert into Skill values ( 1652 , 'Recruiting');
insert into Has_skill values ( 227 , 663, 0);
insert into Skill values ( 663 , 'Contract Negotiation');
insert into Has_skill values ( 227 , 1653, 0);
insert into Skill values ( 1653 , 'Contract Recruitment');
insert into Has_skill values ( 227 , 1654, 0);
insert into Skill values ( 1654 , 'Screening Resumes');
insert into Has_skill values ( 227 , 1655, 0);
insert into Skill values ( 1655 , 'Benefits Negotiation');
insert into Has_skill values ( 227 , 1656, 0);
insert into Skill values ( 1656 , 'creative sourcing');
insert into Has_skill values ( 227 , 1657, 0);
insert into Skill values ( 1657 , 'Full-life Cycle...');
insert into Has_skill values ( 227 , 1658, 0);
insert into Skill values ( 1658 , 'Talent Management');
insert into Has_skill values ( 227 , 326, 0);
insert into Skill values ( 326 , 'Social Networking');
insert into Has_skill values ( 227 , 817, 0);
insert into Skill values ( 817 , 'Enterprise Software');
insert into Has_skill values ( 227 , 1659, 0);
insert into Skill values ( 1659 , 'Internet Recruiting');
insert into Has_skill values ( 227 , 803, 0);
insert into Skill values ( 803 , 'SDLC');
insert into Has_skill values ( 227 , 859, 0);
insert into Skill values ( 859 , 'Networking');
insert into Has_skill values ( 227 , 1660, 0);
insert into Skill values ( 1660 , 'Temporary Placement');
insert into Has_skill values ( 227 , 1661, 0);
insert into Skill values ( 1661 , 'College Recruiting');
insert into Has_skill values ( 227 , 1043, 0);
insert into Skill values ( 1043 , 'Cold Calling');
insert into Has_skill values ( 227 , 1662, 0);
insert into Skill values ( 1662 , 'Interviews');
insert into Has_skill values ( 227 , 1663, 0);
insert into Skill values ( 1663 , 'Hiring');
insert into Has_skill values ( 227 , 417, 0);
insert into Skill values ( 417 , 'Management');
insert into Has_skill values ( 227 , 1664, 0);
insert into Skill values ( 1664 , 'Staffing Services');
insert into Has_skill values ( 227 , 419, 0);
insert into Skill values ( 419 , 'Training');
insert into Has_skill values ( 227 , 1665, 0);
insert into Skill values ( 1665 , 'Executive Search');
insert into Has_skill values ( 227 , 1666, 0);
insert into Skill values ( 1666 , 'IT Recruitment');
insert into Has_skill values ( 227 , 774, 0);
insert into Skill values ( 774 , 'Consulting');
insert into Has_skill values ( 227 , 1667, 0);
insert into Skill values ( 1667 , 'Onboarding');
insert into Has_skill values ( 227 , 479, 0);
insert into Skill values ( 479 , 'Account Management');
insert into Has_skill values ( 227 , 1668, 0);
insert into Skill values ( 1668 , 'Employer Branding');
insert into Has_skill values ( 227 , 1208, 0);
insert into Skill values ( 1208 , 'Human Resources');
insert into Has_skill values ( 227 , 1669, 0);
insert into Skill values ( 1669 , 'Search');
insert into Has_skill values ( 227 , 1670, 0);
insert into Skill values ( 1670 , 'Permanent Placement');
insert into Has_skill values ( 227 , 1671, 0);
insert into Skill values ( 1671 , 'Staff Augmentation');
insert into Has_skill values ( 227 , 1672, 0);
insert into Skill values ( 1672 , 'Candidate Generation');
insert into Has_skill values ( 227 , 776, 0);
insert into Skill values ( 776 , 'Vendor Management');
insert into Has_skill values ( 227 , 376, 0);
insert into Skill values ( 376 , 'Program Management');
insert into Has_skill values ( 227 , 1673, 0);
insert into Skill values ( 1673 , 'Temporary Staffing');
insert into Has_skill values ( 227 , 1674, 0);
insert into Skill values ( 1674 , 'HRIS');
insert into Has_skill values ( 227 , 1125, 0);
insert into Skill values ( 1125 , 'Employee Relations');
insert into Has_skill values ( 227 , 1675, 0);
insert into Skill values ( 1675 , 'Workforce Planning');
insert into Has_skill values ( 227 , 805, 0);
insert into Skill values ( 805 , 'Data Center');
insert into Has_skill values ( 227 , 1676, 0);
insert into Skill values ( 1676 , 'HR Consulting');
insert into Member_of values ( 227 , 1350);
insert into Groups values ( 1350 , 'The Official Juniper Networks Group', 0);
insert into Member_of values ( 227 , 1351);
insert into Groups values ( 1351 , 'Functional Programming', 0);
insert into Member_of values ( 227 , 1352);
insert into Groups values ( 1352 , 'CISCO PROFESSIONALS', 0);
insert into Member_of values ( 227 , 1353);
insert into Groups values ( 1353 , 'Scientific Python', 0);
insert into Member_of values ( 227 , 1354);
insert into Groups values ( 1354 , 'FreeBSD Community', 0);
insert into Member_of values ( 227 , 1355);
insert into Groups values ( 1355 , 'FreeBSD jobs', 0);
insert into Member_of values ( 227 , 1356);
insert into Groups values ( 1356 , 'LinkedIn Talent Connect', 0);
insert into Member_of values ( 227 , 1357);
insert into Groups values ( 1357 , 'Python Professionals', 0);
insert into Member_of values ( 227 , 1358);
insert into Groups values ( 1358 , 'Apache Spark', 0);
insert into Member_of values ( 227 , 1359);
insert into Groups values ( 1359 , 'Real-Time Embedded Virtualization', 0);
insert into Member_of values ( 227 , 1360);
insert into Groups values ( 1360 , 'HADOOP Professionals ☁ MapReduce Hive HBase Mahout HDFS Cassandra Apache Big Data Cloud Computing IT', 0);
insert into Member_of values ( 227 , 1361);
insert into Groups values ( 1361 , 'Malware Analysis', 0);
insert into Member_of values ( 227 , 1362);
insert into Groups values ( 1362 , 'FreeBSD', 0);
insert into Member_of values ( 227 , 1363);
insert into Groups values ( 1363 , 'LinkedIn Certified Professional—Recruiter', 0);
insert into Member_of values ( 227 , 1364);
insert into Groups values ( 1364 , 'Open Source', 0);
insert into Member_of values ( 227 , 1365);
insert into Groups values ( 1365 , 'SDNCentral: #1 Software-Defined Networking & Network Functions Virtualization Resource', 0);
insert into Member_of values ( 227 , 1366);
insert into Groups values ( 1366 , 'Neo4j', 0);
insert into Member_of values ( 227 , 1367);
insert into Groups values ( 1367 , 'Juniper Networks - Network Architecture & Network Operations', 0);
insert into Member_of values ( 227 , 1368);
insert into Groups values ( 1368 , 'Anita Borg Institute for Women and Technology', 0);
insert into Member_of values ( 227 , 1369);
insert into Groups values ( 1369 , 'Scala enthusiasts', 0);
insert into Member_of values ( 227 , 1370);
insert into Groups values ( 1370 , 'OpenStack', 0);
insert into Member_of values ( 227 , 1371);
insert into Groups values ( 1371 , 'Software Defined Networks/Network Function Virtualization', 0);
insert into Member_of values ( 227 , 787);
insert into Groups values ( 787 , 'Information Security Network', 0);
insert into Member_of values ( 227 , 1372);
insert into Groups values ( 1372 , 'Big Data, Analytics, Hadoop, NoSQL & Cloud Computing', 0);
insert into Member_of values ( 227 , 1373);
insert into Groups values ( 1373 , 'Security Architecture', 0);
insert into Member_of values ( 227 , 1374);
insert into Groups values ( 1374 , 'Black Belt Sourcing and Recruiting', 0);
insert into Member_of values ( 227 , 1375);
insert into Groups values ( 1375 , 'Machine Learning Connection', 0);
insert into Member_of values ( 227 , 1376);
insert into Groups values ( 1376 , 'Juniper Network', 0);
insert into Member_of values ( 227 , 1377);
insert into Groups values ( 1377 , 'Grace Hopper Celebration of Women in Computing', 0);
insert into Member_of values ( 227 , 1378);
insert into Groups values ( 1378 , 'OpenDaylight Project', 0);
insert into Member_of values ( 227 , 1379);
insert into Groups values ( 1379 , 'Women 2.0', 0);
insert into Member_of values ( 227 , 1380);
insert into Groups values ( 1380 , 'Twitter, Google-Plus, and Facebook for Sourcing and Recruiting', 0);
insert into Member_of values ( 227 , 1381);
insert into Groups values ( 1381 , 'Juniper Networks - University Talent Program', 0);
insert into Member_of values ( 227 , 1382);
insert into Groups values ( 1382 , 'Docker Users', 0);
insert into Member_of values ( 227 , 1383);
insert into Groups values ( 1383 , 'Software Defined Networks (SDN)', 0);
insert into Member_of values ( 227 , 1384);
insert into Groups values ( 1384 , 'Data Structures and Algorithms', 0);
insert into Member_of values ( 227 , 1385);
insert into Groups values ( 1385 , 'Titan Graph DB', 0);
insert into Member_of values ( 227 , 1386);
insert into Groups values ( 1386 , 'Boolean Strings - The Internet Sourcing Community', 0);
insert into Member_of values ( 227 , 1387);
insert into Groups values ( 1387 , 'Golang', 0);
insert into Member_of values ( 227 , 1388);
insert into Groups values ( 1388 , 'OSSTMM - Open Source Security Testing Methodology Manual', 0);
insert into Member_of values ( 227 , 1389);
insert into Groups values ( 1389 , 'Kernel', 0);
insert into Member_of values ( 227 , 1390);
insert into Groups values ( 1390 , 'Python Community', 0);
insert into Member_of values ( 227 , 1391);
insert into Groups values ( 1391 , 'Compiler Experts', 0);
insert into Member_of values ( 227 , 1392);
insert into Groups values ( 1392 , 'Highly Networked Recruiters', 0);
insert into Member_of values ( 227 , 1393);
insert into Groups values ( 1393 , 'Embedded Systems Security', 0);
insert into Member_of values ( 227 , 795);
insert into Groups values ( 795 , 'Cloud Computing, SaaS & Virtualization', 0);
insert into Member_of values ( 227 , 1394);
insert into Groups values ( 1394 , 'Juniper Alumni', 0);
insert into Member_of values ( 227 , 1395);
insert into Groups values ( 1395 , 'Ethical Hacking', 0);
insert into Knows_language values ( 227 , 504);
insert into Languages values ( 504 , 'Hindi');
insert into Knows_language values ( 227 , 545);
insert into Languages values ( 545 , 'Bengali');
insert into Knows_language values ( 227 , 501);
insert into Languages values ( 501 , 'English');
insert into Employer values ( 1198 , 'Juniper Networks');
insert into Experience values ( 227 , 1198, '2011-01-01', '2014-12-14');
insert into Employer values ( 1199 , 'Cisco');
insert into Experience values ( 227 , 1199, '2010-03-01', '2011-01-11');
insert into Employer values ( 1200 , 'Intelliswift Software Inc');
insert into Experience values ( 227 , 1200, '2008-06-01', '2010-03-01');
insert into Employer values ( 1201 , 'ABC Consultants');
insert into Experience values ( 227 , 1201, '1999-01-01', '');
insert into Employer values ( 1202 , 'Brainsoft Consultants');
insert into Experience values ( 227 , 1202, '1999-01-01', '');

insert into User values ( 228 , 'David' , 'Dyke', 500, 0, 'Staffing and Recruiting');
insert into Has_skill values ( 228 , 1665, 0);
insert into Skill values ( 1665 , 'Executive Search');
insert into Has_skill values ( 228 , 1647, 0);
insert into Skill values ( 1647 , 'Talent Acquisition');
insert into Has_skill values ( 228 , 1650, 0);
insert into Skill values ( 1650 , 'Applicant Tracking...');
insert into Has_skill values ( 228 , 1649, 0);
insert into Skill values ( 1649 , 'Sourcing');
insert into Has_skill values ( 228 , 1660, 0);
insert into Skill values ( 1660 , 'Temporary Placement');
insert into Has_skill values ( 228 , 1125, 0);
insert into Skill values ( 1125 , 'Employee Relations');
insert into Has_skill values ( 228 , 1646, 0);
insert into Skill values ( 1646 , 'Technical Recruiting');
insert into Has_skill values ( 228 , 1659, 0);
insert into Skill values ( 1659 , 'Internet Recruiting');
insert into Has_skill values ( 228 , 1674, 0);
insert into Skill values ( 1674 , 'HRIS');
insert into Has_skill values ( 228 , 379, 0);
insert into Skill values ( 379 , 'Business Development');
insert into Has_skill values ( 228 , 1668, 0);
insert into Skill values ( 1668 , 'Employer Branding');
insert into Has_skill values ( 228 , 610, 0);
insert into Skill values ( 610 , 'Start-ups');
insert into Has_skill values ( 228 , 1661, 0);
insert into Skill values ( 1661 , 'College Recruiting');
insert into Has_skill values ( 228 , 376, 0);
insert into Skill values ( 376 , 'Program Management');
insert into Has_skill values ( 228 , 1655, 0);
insert into Skill values ( 1655 , 'Benefits Negotiation');
insert into Has_skill values ( 228 , 1667, 0);
insert into Skill values ( 1667 , 'Onboarding');
insert into Has_skill values ( 228 , 1653, 0);
insert into Skill values ( 1653 , 'Contract Recruitment');
insert into Has_skill values ( 228 , 1651, 0);
insert into Skill values ( 1651 , 'Screening');
insert into Has_skill values ( 228 , 1675, 0);
insert into Skill values ( 1675 , 'Workforce Planning');
insert into Has_skill values ( 228 , 1677, 0);
insert into Skill values ( 1677 , 'Performance Management');
insert into Has_skill values ( 228 , 1669, 0);
insert into Skill values ( 1669 , 'Search');
insert into Member_of values ( 228 , 1396);
insert into Groups values ( 1396 , 'Palm Alumni', 0);
insert into Member_of values ( 228 , 1397);
insert into Groups values ( 1397 , 'Austin Tech Happy Hour', 0);
insert into Member_of values ( 228 , 1398);
insert into Groups values ( 1398 , 'Apple - Current and Former Employees', 0);
insert into Member_of values ( 228 , 1399);
insert into Groups values ( 1399 , 'Contract Recruiter & Corporate Recruiter Listings (Staffing and Recruiting & Human Resources)', 0);
insert into Member_of values ( 228 , 1400);
insert into Groups values ( 1400 , 'RF wireless jobs', 0);
insert into Member_of values ( 228 , 1401);
insert into Groups values ( 1401 , 'DevOps Professionals', 0);
insert into Member_of values ( 228 , 1402);
insert into Groups values ( 1402 , 'Marks HR Network', 0);
insert into Member_of values ( 228 , 1403);
insert into Groups values ( 1403 , 'Enterprise Application Solutions', 0);
insert into Member_of values ( 228 , 1404);
insert into Groups values ( 1404 , 'Contract Recruiters', 0);
insert into Member_of values ( 228 , 1405);
insert into Groups values ( 1405 , 'Bay Area Java Developers', 0);
insert into Member_of values ( 228 , 1406);
insert into Groups values ( 1406 , 'Talent Round Table', 0);
insert into Member_of values ( 228 , 1407);
insert into Groups values ( 1407 , 'Texas Recruiters Association', 0);
insert into Member_of values ( 228 , 1408);
insert into Groups values ( 1408 , 'Cloud Security Alliance - North Texas', 0);
insert into Member_of values ( 228 , 1409);
insert into Groups values ( 1409 , 'Corporate Recruiters. #1 Group for Corporate Recruiters.', 0);
insert into Member_of values ( 228 , 1410);
insert into Groups values ( 1410 , 'Bay Area Recruiters', 0);
insert into Member_of values ( 228 , 1411);
insert into Groups values ( 1411 , 'NetworkInAustin', 0);
insert into Member_of values ( 228 , 1412);
insert into Groups values ( 1412 , 'Door64: High Tech Professionals', 0);
insert into Member_of values ( 228 , 795);
insert into Groups values ( 795 , 'Cloud Computing, SaaS & Virtualization', 0);
insert into Member_of values ( 228 , 1413);
insert into Groups values ( 1413 , 'Texas Young Professionals (Houston, Dallas, San Antonio, Austin & Fort Worth Chapters)', 0);
insert into Member_of values ( 228 , 1414);
insert into Groups values ( 1414 , '100G Optical', 0);
insert into Member_of values ( 228 , 1415);
insert into Groups values ( 1415 , 'Texas Instruments', 0);
insert into Member_of values ( 228 , 1350);
insert into Groups values ( 1350 , 'The Official Juniper Networks Group', 0);
insert into Member_of values ( 228 , 1416);
insert into Groups values ( 1416 , 'Staffing Leaders', 0);
insert into Member_of values ( 228 , 1417);
insert into Groups values ( 1417 , 'Amazon Web Services Community Network', 0);
insert into Member_of values ( 228 , 1418);
insert into Groups values ( 1418 , 'Ex-Motorolans', 0);
insert into Member_of values ( 228 , 1419);
insert into Groups values ( 1419 , 'Optical Networking Group', 0);
insert into Member_of values ( 228 , 1420);
insert into Groups values ( 1420 , 'Steiner Technet', 0);
insert into Member_of values ( 228 , 1421);
insert into Groups values ( 1421 , 'Talent Acquisition Professionals Directory', 0);
insert into Member_of values ( 228 , 1422);
insert into Groups values ( 1422 , 'Product Development and Management Association (PDMA)', 0);
insert into Member_of values ( 228 , 1423);
insert into Groups values ( 1423 , 'Cloud Security Alliance, Austin Chapter', 0);
insert into Member_of values ( 228 , 1424);
insert into Groups values ( 1424 , 'Austin Technology Council', 0);
insert into Member_of values ( 228 , 776);
insert into Groups values ( 776 , 'Puppet Users', 0);
insert into Member_of values ( 228 , 1425);
insert into Groups values ( 1425 , 'Amazon Web Services (AWS) for Business', 0);
insert into Member_of values ( 228 , 1426);
insert into Groups values ( 1426 , 'Optical Networking Group - Americas', 0);
insert into Member_of values ( 228 , 1427);
insert into Groups values ( 1427 , 'Steiner Ranch Old Pros', 0);
insert into Employer values ( 1198 , 'Juniper Networks');
insert into Experience values ( 228 , 1198, '2013-08-01', '2014-12-15');
insert into Employer values ( 1203 , 'Motorola Mobility LLC (Subsidiary of Google)');
insert into Experience values ( 228 , 1203, '2011-03-01', '2013-08-02');
insert into Employer values ( 1204 , 'VCE, the Virtual Computing Environment Company');
insert into Experience values ( 228 , 1204, '2010-11-01', '2011-03-05');
insert into Employer values ( 1205 , 'Independent Staffing Consultant');
insert into Experience values ( 228 , 1205, '2009-05-01', '2010-11-01');
insert into Employer values ( 1206 , 'i-Hire, Inc');
insert into Experience values ( 228 , 1206, '2005-11-01', '2009-05-03');
insert into Employer values ( 1207 , 'The Adkins Group');
insert into Experience values ( 228 , 1207, '2004-07-01', '2005-10-01');
insert into Employer values ( 1208 , 'PalmSource (Subsidiary of Palm, Inc)');
insert into Experience values ( 228 , 1208, '2002-10-01', '2004-06-01');
insert into Employer values ( 1209 , 'Nvidia');
insert into Experience values ( 228 , 1209, '2001-01-01', '');
insert into Employer values ( 1210 , 'myCFO');
insert into Experience values ( 228 , 1210, '2000-01-01', '');
insert into Employer values ( 1211 , 'Apple Computer');
insert into Experience values ( 228 , 1211, '1999-11-01', '2000-10-01');
insert into Employer values ( 1212 , 'Sun Microsystems');
insert into Experience values ( 228 , 1212, '1998-11-01', '1999-11-01');
insert into Employer values ( 1213 , 'Netscape');
insert into Experience values ( 228 , 1213, '1998-05-01', '1998-11-07');
insert into Employer values ( 1214 , 'Tandem Computers (bought by Compaq Computers in 1998)');
insert into Experience values ( 228 , 1214, '1996-10-01', '1998-05-01');
insert into Employer values ( 1215 , 'CyberCSI');
insert into Experience values ( 228 , 1215, '1994-01-01', '1996-10-02');

insert into User values ( 229 , 'Eric' , 'Lane', 500, 0, 'Computer Software');
insert into Education values ( 229 , 362 , 251 , 'BA', '', '');
insert into University values ( 362 , 'SFSU');
insert into Has_skill values ( 229 , 1647, 0);
insert into Skill values ( 1647 , 'Talent Acquisition');
insert into Has_skill values ( 229 , 1208, 0);
insert into Skill values ( 1208 , 'Human Resources');
insert into Has_skill values ( 229 , 1674, 0);
insert into Skill values ( 1674 , 'HRIS');
insert into Has_skill values ( 229 , 1658, 0);
insert into Skill values ( 1658 , 'Talent Management');
insert into Has_skill values ( 229 , 1678, 0);
insert into Skill values ( 1678 , 'Organizational Design');
insert into Has_skill values ( 229 , 417, 0);
insert into Skill values ( 417 , 'Management');
insert into Has_skill values ( 229 , 423, 0);
insert into Skill values ( 423 , 'Leadership');
insert into Has_skill values ( 229 , 1660, 0);
insert into Skill values ( 1660 , 'Temporary Placement');
insert into Has_skill values ( 229 , 1667, 0);
insert into Skill values ( 1667 , 'Onboarding');
insert into Has_skill values ( 229 , 1650, 0);
insert into Skill values ( 1650 , 'Applicant Tracking...');
insert into Has_skill values ( 229 , 379, 0);
insert into Skill values ( 379 , 'Business Development');
insert into Has_skill values ( 229 , 1652, 0);
insert into Skill values ( 1652 , 'Recruiting');
insert into Has_skill values ( 229 , 376, 0);
insert into Skill values ( 376 , 'Program Management');
insert into Has_skill values ( 229 , 1675, 0);
insert into Skill values ( 1675 , 'Workforce Planning');
insert into Has_skill values ( 229 , 1677, 0);
insert into Skill values ( 1677 , 'Performance Management');
insert into Has_skill values ( 229 , 494, 0);
insert into Skill values ( 494 , 'Strategy');
insert into Has_skill values ( 229 , 1679, 0);
insert into Skill values ( 1679 , 'Employee Engagement');
insert into Has_skill values ( 229 , 386, 0);
insert into Skill values ( 386 , 'Mergers');
insert into Has_skill values ( 229 , 1680, 0);
insert into Skill values ( 1680 , 'Personnel Management');
insert into Has_skill values ( 229 , 1681, 0);
insert into Skill values ( 1681 , 'Deferred Compensation');
insert into Has_skill values ( 229 , 1665, 0);
insert into Skill values ( 1665 , 'Executive Search');
insert into Has_skill values ( 229 , 1661, 0);
insert into Skill values ( 1661 , 'College Recruiting');
insert into Has_skill values ( 229 , 1682, 0);
insert into Skill values ( 1682 , 'Workday');
insert into Has_skill values ( 229 , 381, 0);
insert into Skill values ( 381 , 'Strategic Planning');
insert into Has_skill values ( 229 , 1683, 0);
insert into Skill values ( 1683 , 'Succession Planning');
insert into Has_skill values ( 229 , 1125, 0);
insert into Skill values ( 1125 , 'Employee Relations');
insert into Has_skill values ( 229 , 1668, 0);
insert into Skill values ( 1668 , 'Employer Branding');
insert into Has_skill values ( 229 , 1659, 0);
insert into Skill values ( 1659 , 'Internet Recruiting');
insert into Has_skill values ( 229 , 1662, 0);
insert into Skill values ( 1662 , 'Interviews');
insert into Has_skill values ( 229 , 776, 0);
insert into Skill values ( 776 , 'Vendor Management');
insert into Has_skill values ( 229 , 1646, 0);
insert into Skill values ( 1646 , 'Technical Recruiting');
insert into Has_skill values ( 229 , 1013, 0);
insert into Skill values ( 1013 , 'Organizational...');
insert into Has_skill values ( 229 , 1684, 0);
insert into Skill values ( 1684 , 'Employee Benefits');
insert into Has_skill values ( 229 , 778, 0);
insert into Skill values ( 778 , 'Change Management');
insert into Has_skill values ( 229 , 1649, 0);
insert into Skill values ( 1649 , 'Sourcing');
insert into Has_skill values ( 229 , 900, 0);
insert into Skill values ( 900 , 'Leadership Development');
insert into Has_skill values ( 229 , 541, 0);
insert into Skill values ( 541 , 'Process Improvement');
insert into Has_skill values ( 229 , 1651, 0);
insert into Skill values ( 1651 , 'Screening');
insert into Has_skill values ( 229 , 419, 0);
insert into Skill values ( 419 , 'Training');
insert into Has_skill values ( 229 , 1131, 0);
insert into Skill values ( 1131 , 'Career Development');
insert into Has_skill values ( 229 , 1137, 0);
insert into Skill values ( 1137 , 'Executive Coaching');
insert into Has_skill values ( 229 , 1654, 0);
insert into Skill values ( 1654 , 'Screening Resumes');
insert into Has_skill values ( 229 , 901, 0);
insert into Skill values ( 901 , 'Coaching');
insert into Has_skill values ( 229 , 775, 0);
insert into Skill values ( 775 , 'Team Building');
insert into Has_skill values ( 229 , 1676, 0);
insert into Skill values ( 1676 , 'HR Consulting');
insert into Has_skill values ( 229 , 1685, 0);
insert into Skill values ( 1685 , 'HR Policies');
insert into Has_skill values ( 229 , 1013, 0);
insert into Skill values ( 1013 , 'Organizational...');
insert into Has_skill values ( 229 , 1655, 0);
insert into Skill values ( 1655 , 'Benefits Negotiation');
insert into Has_skill values ( 229 , 539, 0);
insert into Skill values ( 539 , 'PeopleSoft');
insert into Has_skill values ( 229 , 369, 0);
insert into Skill values ( 369 , 'Mergers & Acquisitions');
insert into Member_of values ( 229 , 1428);
insert into Groups values ( 1428 , 'Western Immigration Networking Group (WINGs)', 0);
insert into Employer values ( 1198 , 'Juniper Networks');
insert into Experience values ( 229 , 1198, '2012-10-01', '2014-12-15');
insert into Employer values ( 1216 , 'Retirement v1.0');
insert into Experience values ( 229 , 1216, '2011-05-01', '2014-12-15');
insert into Employer values ( 1217 , 'Intuit');
insert into Experience values ( 229 , 1217, '2001-11-01', '2011-04-09');
insert into Employer values ( 1218 , 'Icarian');
insert into Experience values ( 229 , 1218, '1997-10-01', '2001-09-04');
insert into Employer values ( 1219 , 'Silicon Graphics, Inc. (SGI)');
insert into Experience values ( 229 , 1219, '1995-03-01', '1997-09-02');
insert into Employer values ( 1220 , 'National Semiconductor');
insert into Experience values ( 229 , 1220, '1993-01-01', '1995-03-02');
insert into Employer values ( 1221 , 'CONCENTRICS (CONCENTRICS Management, Inc.)');
insert into Experience values ( 229 , 1221, '1989-09-01', '1993-01-03');
insert into Employer values ( 1222 , 'Hexcel Corp.');
insert into Experience values ( 229 , 1222, '1987-03-01', '1989-09-02');
insert into Employer values ( 1223 , 'AMD (Advanced Micro Devices)');
insert into Experience values ( 229 , 1223, '1983-03-01', '1987-03-04');


insert into User values ( 230 , 'Vicki' , 'Pyne', 500, 0, 'Health, Wellness and Fitness');
insert into Education values ( 230 , 363 , 282 , 'Bachelor of Arts (BA)', '1970 – 1974', '1970 – 1974');
insert into University values ( 363 , 'Ithaca College');
insert into Education values ( 230 , 364 , 358 , '30 credits', '', '');
insert into University values ( 364 , 'St .Johns University');
insert into Has_skill values ( 230 , 1683, 0);
insert into Skill values ( 1683 , 'Succession Planning');
insert into Has_skill values ( 230 , 1658, 0);
insert into Skill values ( 1658 , 'Talent Management');
insert into Has_skill values ( 230 , 1686, 0);
insert into Skill values ( 1686 , 'Talent Assessment');
insert into Has_skill values ( 230 , 1687, 0);
insert into Skill values ( 1687 , 'Global HR');
insert into Has_skill values ( 230 , 1137, 0);
insert into Skill values ( 1137 , 'Executive Coaching');
insert into Has_skill values ( 230 , 1677, 0);
insert into Skill values ( 1677 , 'Performance Management');
insert into Member_of values ( 230 , 1429);
insert into Groups values ( 1429 , 'HR.com', 0);
insert into Member_of values ( 230 , 1430);
insert into Groups values ( 1430 , 'VPs of HR', 0);
insert into Member_of values ( 230 , 1431);
insert into Groups values ( 1431 , 'VP OF HUMAN RESOURCES, DIRECTOR OF HUMAN RESOURCES, AND CHIEF PEOPLE OFFICER NETWORK (1000 Plus)', 0);
insert into Member_of values ( 230 , 1432);
insert into Groups values ( 1432 , 'The Cigna Talent Network', 0);
insert into Employer values ( 1224 , 'CIGNA');
insert into Experience values ( 230 , 1224, '2006-05-01', '2014-12-15');
insert into Employer values ( 1224 , 'CIGNA');
insert into Experience values ( 230 , 1224, '2002-01-01', '2014-12-12');
insert into Employer values ( 1225 , 'CIGNA Healthcare');
insert into Experience values ( 230 , 1225, '2002-01-01', '2014-12-12');
insert into Employer values ( 1226 , 'CIGNA International');
insert into Experience values ( 230 , 1226, '2002-01-01', '');
insert into Employer values ( 1227 , 'Budget Group Inc.');
insert into Experience values ( 230 , 1227, '1997-01-01', '');
insert into Employer values ( 1228 , 'Citigroup');
insert into Experience values ( 230 , 1228, '1980-01-01', '');

insert into User values ( 231 , 'Tim' , 'May', 500, 0, 'Insurance');
insert into Education values ( 231 , 365 , 359 , 'Master of Science,', '1995 – 1997', '1995 – 1997');
insert into University values ( 365 , 'Mississippi State University');
insert into Education values ( 231 , 365 , 304 , 'Bachelor of Science', '1991 – 1995', '1991 – 1995');
insert into University values ( 365 , 'Mississippi State University');
insert into Has_skill values ( 231 , 1125, 0);
insert into Skill values ( 1125 , 'Employee Relations');
insert into Has_skill values ( 231 , 1683, 0);
insert into Skill values ( 1683 , 'Succession Planning');
insert into Has_skill values ( 231 , 1658, 0);
insert into Skill values ( 1658 , 'Talent Management');
insert into Has_skill values ( 231 , 1684, 0);
insert into Skill values ( 1684 , 'Employee Benefits');
insert into Has_skill values ( 231 , 900, 0);
insert into Skill values ( 900 , 'Leadership Development');
insert into Has_skill values ( 231 , 423, 0);
insert into Skill values ( 423 , 'Leadership');
insert into Has_skill values ( 231 , 1674, 0);
insert into Skill values ( 1674 , 'HRIS');
insert into Has_skill values ( 231 , 1685, 0);
insert into Skill values ( 1685 , 'HR Policies');
insert into Has_skill values ( 231 , 1330, 0);
insert into Skill values ( 1330 , 'Insurance');
insert into Has_skill values ( 231 , 1680, 0);
insert into Skill values ( 1680 , 'Personnel Management');
insert into Has_skill values ( 231 , 1688, 0);
insert into Skill values ( 1688 , 'Development Of Employees');
insert into Has_skill values ( 231 , 826, 0);
insert into Skill values ( 826 , 'Business Process...');
insert into Has_skill values ( 231 , 1675, 0);
insert into Skill values ( 1675 , 'Workforce Planning');
insert into Has_skill values ( 231 , 775, 0);
insert into Skill values ( 775 , 'Team Building');
insert into Has_skill values ( 231 , 1689, 0);
insert into Skill values ( 1689 , 'Employment Law');
insert into Has_skill values ( 231 , 1013, 0);
insert into Skill values ( 1013 , 'Organizational...');
insert into Has_skill values ( 231 , 376, 0);
insert into Skill values ( 376 , 'Program Management');
insert into Has_skill values ( 231 , 417, 0);
insert into Skill values ( 417 , 'Management');
insert into Has_skill values ( 231 , 600, 0);
insert into Skill values ( 600 , 'Executive Management');
insert into Has_skill values ( 231 , 1013, 0);
insert into Skill values ( 1013 , 'Organizational...');
insert into Has_skill values ( 231 , 1652, 0);
insert into Skill values ( 1652 , 'Recruiting');
insert into Has_skill values ( 231 , 1662, 0);
insert into Skill values ( 1662 , 'Interviews');
insert into Has_skill values ( 231 , 778, 0);
insert into Skill values ( 778 , 'Change Management');
insert into Has_skill values ( 231 , 1122, 0);
insert into Skill values ( 1122 , 'Policy');
insert into Has_skill values ( 231 , 381, 0);
insert into Skill values ( 381 , 'Strategic Planning');
insert into Has_skill values ( 231 , 494, 0);
insert into Skill values ( 494 , 'Strategy');
insert into Member_of values ( 231 , 1433);
insert into Groups values ( 1433 , 'Mississippi State University Alumni Association', 0);
insert into Employer values ( 1229 , 'Cigna');
insert into Experience values ( 231 , 1229, '2013-11-01', '2014-12-15');
insert into Employer values ( 1229 , 'Cigna');
insert into Experience values ( 231 , 1229, '2011-10-01', '2013-10-02');
insert into Employer values ( 1225 , 'CIGNA Healthcare');
insert into Experience values ( 231 , 1225, '2009-08-01', '2011-09-02');
insert into Employer values ( 1224 , 'CIGNA');
insert into Experience values ( 231 , 1224, '2002-09-01', '2009-07-06');
insert into Employer values ( 1230 , 'Cinga Dental');
insert into Experience values ( 231 , 1230, '2001-07-01', '2002-08-01');
insert into Employer values ( 1224 , 'CIGNA');
insert into Experience values ( 231 , 1224, '2000-12-01', '2001-06-07');
insert into Employer values ( 1224 , 'CIGNA');
insert into Experience values ( 231 , 1224, '2000-06-01', '2000-12-07');
insert into Employer values ( 1231 , 'UNIVERSITY OF RICHMOND');
insert into Experience values ( 231 , 1231, '1997-07-01', '2000-06-03');
insert into Employer values ( 1232 , 'MISSISSIPPI STATE UNIVERSITY');
insert into Experience values ( 231 , 1232, '1995-05-01', '1997-06-02');

insert into User values ( 232 , 'Greg' , 'Hicks', 500, 0, 'Human Resources');
insert into Has_skill values ( 232 , 1658, 0);
insert into Skill values ( 1658 , 'Talent Management');
insert into Has_skill values ( 232 , 778, 0);
insert into Skill values ( 778 , 'Change Management');
insert into Has_skill values ( 232 , 1690, 0);
insert into Skill values ( 1690 , 'Labor Relations');
insert into Has_skill values ( 232 , 1691, 0);
insert into Skill values ( 1691 , 'Workforce');
insert into Has_skill values ( 232 , 1013, 0);
insert into Skill values ( 1013 , 'Organizational...');
insert into Has_skill values ( 232 , 1208, 0);
insert into Skill values ( 1208 , 'Human Resources');
insert into Has_skill values ( 232 , 901, 0);
insert into Skill values ( 901 , 'Coaching');
insert into Has_skill values ( 232 , 774, 0);
insert into Skill values ( 774 , 'Consulting');
insert into Has_skill values ( 232 , 1683, 0);
insert into Skill values ( 1683 , 'Succession Planning');
insert into Has_skill values ( 232 , 1684, 0);
insert into Skill values ( 1684 , 'Employee Benefits');
insert into Has_skill values ( 232 , 1681, 0);
insert into Skill values ( 1681 , 'Deferred Compensation');
insert into Has_skill values ( 232 , 1675, 0);
insert into Skill values ( 1675 , 'Workforce Planning');
insert into Has_skill values ( 232 , 1679, 0);
insert into Skill values ( 1679 , 'Employee Engagement');
insert into Has_skill values ( 232 , 1677, 0);
insert into Skill values ( 1677 , 'Performance Management');
insert into Has_skill values ( 232 , 1125, 0);
insert into Skill values ( 1125 , 'Employee Relations');
insert into Has_skill values ( 232 , 1652, 0);
insert into Skill values ( 1652 , 'Recruiting');
insert into Has_skill values ( 232 , 417, 0);
insert into Skill values ( 417 , 'Management');
insert into Has_skill values ( 232 , 423, 0);
insert into Skill values ( 423 , 'Leadership');
insert into Has_skill values ( 232 , 1680, 0);
insert into Skill values ( 1680 , 'Personnel Management');
insert into Has_skill values ( 232 , 1013, 0);
insert into Skill values ( 1013 , 'Organizational...');
insert into Employer values ( 1233 , 'Sunrise Community, Inc');
insert into Experience values ( 232 , 1233, '2014-07-01', '2014-12-15');
insert into Employer values ( 1229 , 'Cigna');
insert into Experience values ( 232 , 1229, '2014-06-01', '2014-12-15');

insert into User values ( 233 , 'Charlene' , 'Parsons', 500, 0, 'Human Resources');
insert into Has_skill values ( 233 , 1658, 0);
insert into Skill values ( 1658 , 'Talent Management');
insert into Has_skill values ( 233 , 900, 0);
insert into Skill values ( 900 , 'Leadership Development');
insert into Has_skill values ( 233 , 1692, 0);
insert into Skill values ( 1692 , 'BPO');
insert into Has_skill values ( 233 , 1693, 0);
insert into Skill values ( 1693 , 'Executive Compensation');
insert into Has_skill values ( 233 , 1683, 0);
insert into Skill values ( 1683 , 'Succession Planning');
insert into Has_skill values ( 233 , 1694, 0);
insert into Skill values ( 1694 , 'Compensation');
insert into Has_skill values ( 233 , 1695, 0);
insert into Skill values ( 1695 , 'Benefits');
insert into Has_skill values ( 233 , 1679, 0);
insert into Skill values ( 1679 , 'Employee Engagement');
insert into Has_skill values ( 233 , 1696, 0);
insert into Skill values ( 1696 , 'HR Strategy');
insert into Has_skill values ( 233 , 778, 0);
insert into Skill values ( 778 , 'Change Management');
insert into Has_skill values ( 233 , 1647, 0);
insert into Skill values ( 1647 , 'Talent Acquisition');
insert into Has_skill values ( 233 , 1013, 0);
insert into Skill values ( 1013 , 'Organizational...');
insert into Has_skill values ( 233 , 1684, 0);
insert into Skill values ( 1684 , 'Employee Benefits');
insert into Has_skill values ( 233 , 1697, 0);
insert into Skill values ( 1697 , 'Executive Pay');
insert into Has_skill values ( 233 , 1681, 0);
insert into Skill values ( 1681 , 'Deferred Compensation');

insert into User values ( 234 , 'Greg' , 'Griesemer', 500, 0, 'Medical Devices');
insert into Education values ( 234 , 366 , 202 , '', '2013 – 2013', '2013 – 2013');
insert into University values ( 366 , 'Cornell University');
insert into Education values ( 234 , 367 , 202 , '', '1993 – 1997', '1993 – 1997');
insert into University values ( 367 , 'Franklin & Marshall College');
insert into Has_skill values ( 234 , 386, 0);
insert into Skill values ( 386 , 'Mergers');
insert into Has_skill values ( 234 , 775, 0);
insert into Skill values ( 775 , 'Team Building');
insert into Has_skill values ( 234 , 1647, 0);
insert into Skill values ( 1647 , 'Talent Acquisition');
insert into Has_skill values ( 234 , 1678, 0);
insert into Skill values ( 1678 , 'Organizational Design');
insert into Has_skill values ( 234 , 776, 0);
insert into Skill values ( 776 , 'Vendor Management');
insert into Has_skill values ( 234 , 1652, 0);
insert into Skill values ( 1652 , 'Recruiting');
insert into Has_skill values ( 234 , 778, 0);
insert into Skill values ( 778 , 'Change Management');
insert into Has_skill values ( 234 , 1208, 0);
insert into Skill values ( 1208 , 'Human Resources');
insert into Has_skill values ( 234 , 1658, 0);
insert into Skill values ( 1658 , 'Talent Management');
insert into Has_skill values ( 234 , 417, 0);
insert into Skill values ( 417 , 'Management');
insert into Has_skill values ( 234 , 423, 0);
insert into Skill values ( 423 , 'Leadership');
insert into Has_skill values ( 234 , 494, 0);
insert into Skill values ( 494 , 'Strategy');
insert into Has_skill values ( 234 , 353, 0);
insert into Skill values ( 353 , 'Project Management');
insert into Has_skill values ( 234 , 347, 0);
insert into Skill values ( 347 , 'Business Strategy');
insert into Has_skill values ( 234 , 1674, 0);
insert into Skill values ( 1674 , 'HRIS');
insert into Has_skill values ( 234 , 1675, 0);
insert into Skill values ( 1675 , 'Workforce Planning');
insert into Has_skill values ( 234 , 1649, 0);
insert into Skill values ( 1649 , 'Sourcing');
insert into Has_skill values ( 234 , 376, 0);
insert into Skill values ( 376 , 'Program Management');
insert into Has_skill values ( 234 , 1659, 0);
insert into Skill values ( 1659 , 'Internet Recruiting');
insert into Has_skill values ( 234 , 378, 0);
insert into Skill values ( 378 , 'Cross-functional Team...');
insert into Has_skill values ( 234 , 1665, 0);
insert into Skill values ( 1665 , 'Executive Search');
insert into Has_skill values ( 234 , 419, 0);
insert into Skill values ( 419 , 'Training');
insert into Has_skill values ( 234 , 1680, 0);
insert into Skill values ( 1680 , 'Personnel Management');
insert into Has_skill values ( 234 , 472, 0);
insert into Skill values ( 472 , 'Outsourcing');
insert into Has_skill values ( 234 , 1683, 0);
insert into Skill values ( 1683 , 'Succession Planning');
insert into Has_skill values ( 234 , 369, 0);
insert into Skill values ( 369 , 'Mergers & Acquisitions');
insert into Has_skill values ( 234 , 1677, 0);
insert into Skill values ( 1677 , 'Performance Management');
insert into Has_skill values ( 234 , 1650, 0);
insert into Skill values ( 1650 , 'Applicant Tracking...');
insert into Has_skill values ( 234 , 1662, 0);
insert into Skill values ( 1662 , 'Interviews');
insert into Has_skill values ( 234 , 489, 0);
insert into Skill values ( 489 , 'Forecasting');
insert into Has_skill values ( 234 , 1667, 0);
insert into Skill values ( 1667 , 'Onboarding');
insert into Has_skill values ( 234 , 774, 0);
insert into Skill values ( 774 , 'Consulting');
insert into Has_skill values ( 234 , 541, 0);
insert into Skill values ( 541 , 'Process Improvement');
insert into Employer values ( 1234 , 'Ortho Clinical Diagnostics');
insert into Experience values ( 234 , 1234, '2014-09-01', '2014-12-15');
insert into Employer values ( 1224 , 'CIGNA');
insert into Experience values ( 234 , 1224, '2013-01-01', '2014-07-01');
insert into Employer values ( 1235 , 'Endo Pharmaceuticals');
insert into Experience values ( 234 , 1235, '2009-07-01', '2012-12-03');
insert into Employer values ( 1235 , 'Endo Pharmaceuticals');
insert into Experience values ( 234 , 1235, '2011-03-01', '2012-04-01');
insert into Employer values ( 1236 , 'Johnson & Johnson');
insert into Experience values ( 234 , 1236, '2009-01-01', '2009-07-07');
insert into Employer values ( 1236 , 'Johnson & Johnson');
insert into Experience values ( 234 , 1236, '2008-02-01', '2009-07-01');
insert into Employer values ( 1236 , 'Johnson & Johnson');
insert into Experience values ( 234 , 1236, '2007-11-01', '2008-12-01');
insert into Employer values ( 1236 , 'Johnson & Johnson');
insert into Experience values ( 234 , 1236, '2002-11-01', '2007-10-05');
insert into Employer values ( 1237 , 'Texcel Inc.');
insert into Experience values ( 234 , 1237, '1998-01-01', '2002-10-04');

insert into User values ( 235 , 'Mike' , 'Marty', 500, 0, 'Human Resources');
insert into Education values ( 235 , 368 , 203 , 'BS', '1989 – 1992', '1989 – 1992');
insert into University values ( 368 , 'Southern Illinois University, Edwardsville');
insert into Education values ( 235 , 369 , 203 , 'BS', '1983 – 1985', '1983 – 1985');
insert into University values ( 369 , 'Southern Illinois University, Carbondale');
insert into Education values ( 235 , 370 , 202 , '', '', '');
insert into University values ( 370 , 'Hillsboro High School');
insert into Has_skill values ( 235 , 1698, 0);
insert into Skill values ( 1698 , 'Staff Supervision');
insert into Has_skill values ( 235 , 1699, 0);
insert into Skill values ( 1699 , 'Customer Presentations');
insert into Has_skill values ( 235 , 1700, 0);
insert into Skill values ( 1700 , 'Recruitment/Retention');
insert into Has_skill values ( 235 , 1701, 0);
insert into Skill values ( 1701 , 'College Relations');
insert into Has_skill values ( 235 , 1043, 0);
insert into Skill values ( 1043 , 'Cold Calling');
insert into Has_skill values ( 235 , 1647, 0);
insert into Skill values ( 1647 , 'Talent Acquisition');
insert into Has_skill values ( 235 , 1649, 0);
insert into Skill values ( 1649 , 'Sourcing');
insert into Has_skill values ( 235 , 1667, 0);
insert into Skill values ( 1667 , 'Onboarding');
insert into Has_skill values ( 235 , 1646, 0);
insert into Skill values ( 1646 , 'Technical Recruiting');
insert into Has_skill values ( 235 , 1122, 0);
insert into Skill values ( 1122 , 'Policy');
insert into Has_skill values ( 235 , 1702, 0);
insert into Skill values ( 1702 , 'Strategic Sourcing');
insert into Has_skill values ( 235 , 1703, 0);
insert into Skill values ( 1703 , 'Background Checks');
insert into Has_skill values ( 235 , 1704, 0);
insert into Skill values ( 1704 , 'Interviewing');
insert into Has_skill values ( 235 , 1658, 0);
insert into Skill values ( 1658 , 'Talent Management');
insert into Has_skill values ( 235 , 1650, 0);
insert into Skill values ( 1650 , 'Applicant Tracking...');
insert into Has_skill values ( 235 , 1677, 0);
insert into Skill values ( 1677 , 'Performance Management');
insert into Has_skill values ( 235 , 901, 0);
insert into Skill values ( 901 , 'Coaching');
insert into Has_skill values ( 235 , 1663, 0);
insert into Skill values ( 1663 , 'Hiring');
insert into Has_skill values ( 235 , 1683, 0);
insert into Skill values ( 1683 , 'Succession Planning');
insert into Has_skill values ( 235 , 775, 0);
insert into Skill values ( 775 , 'Team Building');
insert into Has_skill values ( 235 , 541, 0);
insert into Skill values ( 541 , 'Process Improvement');
insert into Has_skill values ( 235 , 776, 0);
insert into Skill values ( 776 , 'Vendor Management');
insert into Has_skill values ( 235 , 650, 0);
insert into Skill values ( 650 , 'Negotiation');
insert into Has_skill values ( 235 , 428, 0);
insert into Skill values ( 428 , 'Social Media');
insert into Has_skill values ( 235 , 1705, 0);
insert into Skill values ( 1705 , 'Metrics');
insert into Has_skill values ( 235 , 1689, 0);
insert into Skill values ( 1689 , 'Employment Law');
insert into Has_skill values ( 235 , 1008, 0);
insert into Skill values ( 1008 , 'Mentoring');
insert into Has_skill values ( 235 , 1706, 0);
insert into Skill values ( 1706 , 'Compliance');
insert into Has_skill values ( 235 , 1674, 0);
insert into Skill values ( 1674 , 'HRIS');
insert into Has_skill values ( 235 , 1652, 0);
insert into Skill values ( 1652 , 'Recruiting');
insert into Has_skill values ( 235 , 1662, 0);
insert into Skill values ( 1662 , 'Interviews');
insert into Has_skill values ( 235 , 1684, 0);
insert into Skill values ( 1684 , 'Employee Benefits');
insert into Has_skill values ( 235 , 1208, 0);
insert into Skill values ( 1208 , 'Human Resources');
insert into Has_skill values ( 235 , 1665, 0);
insert into Skill values ( 1665 , 'Executive Search');
insert into Has_skill values ( 235 , 1707, 0);
insert into Skill values ( 1707 , 'New Hire Orientations');
insert into Has_skill values ( 235 , 1661, 0);
insert into Skill values ( 1661 , 'College Recruiting');
insert into Has_skill values ( 235 , 417, 0);
insert into Skill values ( 417 , 'Management');
insert into Has_skill values ( 235 , 423, 0);
insert into Skill values ( 423 , 'Leadership');
insert into Has_skill values ( 235 , 1675, 0);
insert into Skill values ( 1675 , 'Workforce Planning');
insert into Has_skill values ( 235 , 1673, 0);
insert into Skill values ( 1673 , 'Temporary Staffing');
insert into Has_skill values ( 235 , 1679, 0);
insert into Skill values ( 1679 , 'Employee Engagement');
insert into Has_skill values ( 235 , 1708, 0);
insert into Skill values ( 1708 , 'Taleo');
insert into Has_skill values ( 235 , 430, 0);
insert into Skill values ( 430 , 'Team Leadership');
insert into Has_skill values ( 235 , 1681, 0);
insert into Skill values ( 1681 , 'Deferred Compensation');
insert into Has_skill values ( 235 , 1052, 0);
insert into Skill values ( 1052 , 'Employee Training');
insert into Has_skill values ( 235 , 1709, 0);
insert into Skill values ( 1709 , 'Benefits Administration');
insert into Has_skill values ( 235 , 1125, 0);
insert into Skill values ( 1125 , 'Employee Relations');
insert into Has_skill values ( 235 , 1659, 0);
insert into Skill values ( 1659 , 'Internet Recruiting');
insert into Has_skill values ( 235 , 1685, 0);
insert into Skill values ( 1685 , 'HR Policies');
insert into Has_skill values ( 235 , 1013, 0);
insert into Skill values ( 1013 , 'Organizational...');
insert into Member_of values ( 235 , 1434);
insert into Groups values ( 1434 , 'CharmedLife.TV Media & Entertainment', 0);
insert into Member_of values ( 235 , 1435);
insert into Groups values ( 1435 , 'Leaders in Recruiting', 0);
insert into Member_of values ( 235 , 1436);
insert into Groups values ( 1436 , 'NLP (Neuro-linguistic Programming)', 0);
insert into Member_of values ( 235 , 1437);
insert into Groups values ( 1437 , 'JobsDirectUSA.com - America's #1 Source for Jobs', 0);
insert into Member_of values ( 235 , 924);
insert into Groups values ( 924 , 'EHS Professionals', 0);
insert into Member_of values ( 235 , 1438);
insert into Groups values ( 1438 , 'Talent HQ', 0);
insert into Member_of values ( 235 , 1439);
insert into Groups values ( 1439 , 'cGMP Compliance', 0);
insert into Member_of values ( 235 , 1440);
insert into Groups values ( 1440 , 'World Affairs Council', 0);
insert into Member_of values ( 235 , 1441);
insert into Groups values ( 1441 , 'Corporate Recruiters, Talent Acquisition, Internal Recruitment', 0);
insert into Member_of values ( 235 , 1442);
insert into Groups values ( 1442 , 'LinkedMemphis', 0);
insert into Member_of values ( 235 , 1443);
insert into Groups values ( 1443 , 'The Recruiter.com Network', 0);
insert into Member_of values ( 235 , 523);
insert into Groups values ( 523 , 'Hiring with LinkedIn Recruiter Lite', 0);
insert into Member_of values ( 235 , 1444);
insert into Groups values ( 1444 , 'National Association of Colleges and Employers', 0);
insert into Member_of values ( 235 , 1445);
insert into Groups values ( 1445 , 'Canon EOS Digital Photography', 0);
insert into Member_of values ( 235 , 1446);
insert into Groups values ( 1446 , 'Forestry HR and Recruiting (USA)', 0);
insert into Member_of values ( 235 , 1447);
insert into Groups values ( 1447 , 'Americas Next Top Recruiter', 0);
insert into Member_of values ( 235 , 1448);
insert into Groups values ( 1448 , 'Amateur Digital SLR Photographers', 0);
insert into Member_of values ( 235 , 1449);
insert into Groups values ( 1449 , 'Talent Acquisition Executive', 0);
insert into Member_of values ( 235 , 1450);
insert into Groups values ( 1450 , 'Archer Daniels Midland Company', 0);
insert into Member_of values ( 235 , 1451);
insert into Groups values ( 1451 , 'Sandvine Careers', 0);
insert into Member_of values ( 235 , 1452);
insert into Groups values ( 1452 , 'Taleo Answers', 0);
insert into Member_of values ( 235 , 1453);
insert into Groups values ( 1453 , 'Bella NYC Magazine Medical Advisory Board', 0);
insert into Member_of values ( 235 , 1454);
insert into Groups values ( 1454 , 'Talent, Brand and Communications', 0);
insert into Member_of values ( 235 , 1455);
insert into Groups values ( 1455 , 'Openreq (HR, Staffing & Recruiting Professionals)', 0);
insert into Member_of values ( 235 , 1456);
insert into Groups values ( 1456 , 'Huntsville Job Networking Club', 0);
insert into Member_of values ( 235 , 1457);
insert into Groups values ( 1457 , 'Southern Illinois University Edwardsville', 0);
insert into Member_of values ( 235 , 1458);
insert into Groups values ( 1458 , 'Indeed Discussion Group', 0);
insert into Member_of values ( 235 , 1459);
insert into Groups values ( 1459 , 'NLP In Hypnosis', 0);
insert into Member_of values ( 235 , 1460);
insert into Groups values ( 1460 , 'HR Demo Show', 0);
insert into Member_of values ( 235 , 756);
insert into Groups values ( 756 , 'Linked:HR (#1 Human Resources Group)', 0);
insert into Member_of values ( 235 , 1461);
insert into Groups values ( 1461 , 'ERE.net', 0);
insert into Member_of values ( 235 , 1462);
insert into Groups values ( 1462 , 'Recruiting Professionals Network', 0);
insert into Member_of values ( 235 , 1463);
insert into Groups values ( 1463 , 'Global Human Resources, Recruiters, and Consultants Network', 0);
insert into Member_of values ( 235 , 1464);
insert into Groups values ( 1464 , 'FiercePharma: A Network of Pharmaceutical Professionals', 0);
insert into Member_of values ( 235 , 1465);
insert into Groups values ( 1465 , 'College Recruiting Central: Best Practices for Employers and Universities. By InternBridge.com.', 0);
insert into Member_of values ( 235 , 1466);
insert into Groups values ( 1466 , 'CareerXroads slomo', 0);
insert into Member_of values ( 235 , 1467);
insert into Groups values ( 1467 , 'Talent Acquisition Research and Best Practices Network', 0);
insert into Member_of values ( 235 , 1468);
insert into Groups values ( 1468 , 'NetworkAL', 0);
insert into Member_of values ( 235 , 1469);
insert into Groups values ( 1469 , 'Lean Sourcing and Recruiting', 0);
insert into Member_of values ( 235 , 1470);
insert into Groups values ( 1470 , '#1 Social Media Recruiting Group', 0);
insert into Member_of values ( 235 , 1421);
insert into Groups values ( 1421 , 'Talent Acquisition Professionals Directory', 0);
insert into Member_of values ( 235 , 1471);
insert into Groups values ( 1471 , 'Network Huntsville', 0);
insert into Member_of values ( 235 , 1472);
insert into Groups values ( 1472 , 'Career Central - sponsored by reCareered.com', 0);
insert into Member_of values ( 235 , 1473);
insert into Groups values ( 1473 , 'Endo Pharmaceuticals Employees and Alumni', 0);
insert into Employer values ( 1238 , 'Generac Power Systems');
insert into Experience values ( 235 , 1238, '2014-10-01', '2014-12-15');
insert into Employer values ( 1239 , 'MTMarty Resources LLC');
insert into Experience values ( 235 , 1239, '2014-02-01', '2014-12-11');
insert into Employer values ( 1240 , 'Qualitest, an Endo Health Solution');
insert into Experience values ( 235 , 1240, '2012-03-01', '2013-12-01');
insert into Employer values ( 1241 , 'International Paper');
insert into Experience values ( 235 , 1241, '2008-02-01', '2011-11-03');
insert into Employer values ( 1242 , 'Pro-Build Holdings');
insert into Experience values ( 235 , 1242, '2006-01-01', '');
insert into Employer values ( 1243 , 'Archer Daniels Midland Co');
insert into Experience values ( 235 , 1243, '1998-04-01', '2006-07-08');

insert into User values ( 236 , 'Sarah' , 'A. Caryl, SPHR', 500, 0, 'Human Resources');
insert into Education values ( 236 , 371 , 360 , 'MA', '2001 – 2003', '2001 – 2003');
insert into University values ( 371 , 'Marquette University');
insert into Education values ( 236 , 371 , 251 , 'BA', '1990 – 1993', '1990 – 1993');
insert into University values ( 371 , 'Marquette University');
insert into Education values ( 236 , 372 , 202 , '', '1986 – 1990', '1986 – 1990');
insert into University values ( 372 , 'Mother McAuley');
insert into Has_skill values ( 236 , 1677, 0);
insert into Skill values ( 1677 , 'Performance Management');
insert into Has_skill values ( 236 , 1683, 0);
insert into Skill values ( 1683 , 'Succession Planning');
insert into Has_skill values ( 236 , 1658, 0);
insert into Skill values ( 1658 , 'Talent Management');
insert into Has_skill values ( 236 , 900, 0);
insert into Skill values ( 900 , 'Leadership Development');
insert into Has_skill values ( 236 , 381, 0);
insert into Skill values ( 381 , 'Strategic Planning');
insert into Has_skill values ( 236 , 1647, 0);
insert into Skill values ( 1647 , 'Talent Acquisition');
insert into Has_skill values ( 236 , 1013, 0);
insert into Skill values ( 1013 , 'Organizational...');
insert into Has_skill values ( 236 , 430, 0);
insert into Skill values ( 430 , 'Team Leadership');
insert into Has_skill values ( 236 , 353, 0);
insert into Skill values ( 353 , 'Project Management');
insert into Has_skill values ( 236 , 1208, 0);
insert into Skill values ( 1208 , 'Human Resources');
insert into Has_skill values ( 236 , 1667, 0);
insert into Skill values ( 1667 , 'Onboarding');
insert into Has_skill values ( 236 , 489, 0);
insert into Skill values ( 489 , 'Forecasting');
insert into Has_skill values ( 236 , 541, 0);
insert into Skill values ( 541 , 'Process Improvement');
insert into Has_skill values ( 236 , 419, 0);
insert into Skill values ( 419 , 'Training');
insert into Has_skill values ( 236 , 479, 0);
insert into Skill values ( 479 , 'Account Management');
insert into Has_skill values ( 236 , 1125, 0);
insert into Skill values ( 1125 , 'Employee Relations');
insert into Has_skill values ( 236 , 1052, 0);
insert into Skill values ( 1052 , 'Employee Training');
insert into Has_skill values ( 236 , 378, 0);
insert into Skill values ( 378 , 'Cross-functional Team...');
insert into Has_skill values ( 236 , 423, 0);
insert into Skill values ( 423 , 'Leadership');
insert into Has_skill values ( 236 , 417, 0);
insert into Skill values ( 417 , 'Management');
insert into Has_skill values ( 236 , 901, 0);
insert into Skill values ( 901 , 'Coaching');
insert into Has_skill values ( 236 , 1684, 0);
insert into Skill values ( 1684 , 'Employee Benefits');
insert into Has_skill values ( 236 , 347, 0);
insert into Skill values ( 347 , 'Business Strategy');
insert into Has_skill values ( 236 , 1013, 0);
insert into Skill values ( 1013 , 'Organizational...');
insert into Has_skill values ( 236 , 1674, 0);
insert into Skill values ( 1674 , 'HRIS');
insert into Has_skill values ( 236 , 1710, 0);
insert into Skill values ( 1710 , 'Internal Communications');
insert into Has_skill values ( 236 , 775, 0);
insert into Skill values ( 775 , 'Team Building');
insert into Has_skill values ( 236 , 1681, 0);
insert into Skill values ( 1681 , 'Deferred Compensation');
insert into Has_skill values ( 236 , 778, 0);
insert into Skill values ( 778 , 'Change Management');
insert into Has_skill values ( 236 , 494, 0);
insert into Skill values ( 494 , 'Strategy');
insert into Has_skill values ( 236 , 376, 0);
insert into Skill values ( 376 , 'Program Management');
insert into Has_skill values ( 236 , 1137, 0);
insert into Skill values ( 1137 , 'Executive Coaching');
insert into Has_skill values ( 236 , 421, 0);
insert into Skill values ( 421 , 'Time Management');
insert into Has_skill values ( 236 , 1707, 0);
insert into Skill values ( 1707 , 'New Hire Orientations');
insert into Has_skill values ( 236 , 424, 0);
insert into Skill values ( 424 , 'Budgets');
insert into Has_skill values ( 236 , 1662, 0);
insert into Skill values ( 1662 , 'Interviews');
insert into Has_skill values ( 236 , 830, 0);
insert into Skill values ( 830 , 'Continuous Improvement');
insert into Has_skill values ( 236 , 1649, 0);
insert into Skill values ( 1649 , 'Sourcing');
insert into Has_skill values ( 236 , 1709, 0);
insert into Skill values ( 1709 , 'Benefits Administration');
insert into Has_skill values ( 236 , 1652, 0);
insert into Skill values ( 1652 , 'Recruiting');
insert into Has_skill values ( 236 , 1679, 0);
insert into Skill values ( 1679 , 'Employee Engagement');
insert into Has_skill values ( 236 , 650, 0);
insert into Skill values ( 650 , 'Negotiation');
insert into Has_skill values ( 236 , 1680, 0);
insert into Skill values ( 1680 , 'Personnel Management');
insert into Has_skill values ( 236 , 1685, 0);
insert into Skill values ( 1685 , 'HR Policies');
insert into Has_skill values ( 236 , 1661, 0);
insert into Skill values ( 1661 , 'College Recruiting');
insert into Has_skill values ( 236 , 1663, 0);
insert into Skill values ( 1663 , 'Hiring');
insert into Has_skill values ( 236 , 776, 0);
insert into Skill values ( 776 , 'Vendor Management');
insert into Has_skill values ( 236 , 1678, 0);
insert into Skill values ( 1678 , 'Organizational Design');
insert into Has_skill values ( 236 , 1711, 0);
insert into Skill values ( 1711 , 'Conflict Resolution');
insert into Has_skill values ( 236 , 1043, 0);
insert into Skill values ( 1043 , 'Cold Calling');
insert into Member_of values ( 236 , 1474);
insert into Groups values ( 1474 , 'Procurement Jobs (#1 in job leads, career, recruitment & headhunting)', 0);
insert into Member_of values ( 236 , 1475);
insert into Groups values ( 1475 , 'Association for Talent Development (ATD)', 0);
insert into Member_of values ( 236 , 1476);
insert into Groups values ( 1476 , 'The Logistics & Supply Chain Networking Group', 0);
insert into Member_of values ( 236 , 1477);
insert into Groups values ( 1477 , 'Business Development', 0);
insert into Member_of values ( 236 , 1478);
insert into Groups values ( 1478 , 'Procurement Professionals (#1 supply chain & sourcing group) Business. Networking. Jobs.', 0);
insert into Member_of values ( 236 , 1479);
insert into Groups values ( 1479 , 'Employee Communications and Engagement', 0);
insert into Member_of values ( 236 , 1480);
insert into Groups values ( 1480 , 'Procurement of HR', 0);
insert into Member_of values ( 236 , 1481);
insert into Groups values ( 1481 , 'Human Resources (HR) & Talent Management Executive', 0);
insert into Member_of values ( 236 , 1482);
insert into Groups values ( 1482 , 'Talent Management Group', 0);
insert into Member_of values ( 236 , 1483);
insert into Groups values ( 1483 , 'PHR, SPHR & GPHR Study Group', 0);
insert into Member_of values ( 236 , 1484);
insert into Groups values ( 1484 , 'LinkedIowa', 0);
insert into Member_of values ( 236 , 1485);
insert into Groups values ( 1485 , 'Talent Management magazine', 0);
insert into Member_of values ( 236 , 646);
insert into Groups values ( 646 , 'eMarketing Association Network', 0);
insert into Member_of values ( 236 , 1486);
insert into Groups values ( 1486 , 'HNI Corporation', 0);
insert into Member_of values ( 236 , 1487);
insert into Groups values ( 1487 , 'Logjobs - Logistics & Supply Chain Career Connections and Professional Collaboration', 0);
insert into Member_of values ( 236 , 1488);
insert into Groups values ( 1488 , 'Leading Women Executives', 0);
insert into Member_of values ( 236 , 1489);
insert into Groups values ( 1489 , 'Marquette University Alumni Association (MUAA)', 0);
insert into Member_of values ( 236 , 1490);
insert into Groups values ( 1490 , 'SHRM (Society for Human Resource Management) Official Group', 0);
insert into Member_of values ( 236 , 1491);
insert into Groups values ( 1491 , 'The HON Company - Member Group', 0);
insert into Employer values ( 1238 , 'Generac Power Systems');
insert into Experience values ( 236 , 1238, '2013-09-01', '2014-12-15');
insert into Employer values ( 1244 , 'The HON Company, an HNI Corporation company');
insert into Experience values ( 236 , 1244, '2013-02-01', '2013-08-07');
insert into Employer values ( 1245 , 'The HON Company');
insert into Experience values ( 236 , 1245, '2009-09-01', '2013-01-03');
insert into Employer values ( 1246 , 'Integrated Talent Management Solutions');
insert into Experience values ( 236 , 1246, '2009-01-01', '2009-09-09');
insert into Employer values ( 1247 , 'Oshkosh Corporation');
insert into Experience values ( 236 , 1247, '2005-02-01', '2009-01-04');
insert into Employer values ( 1248 , 'University of Wisconsin System');
insert into Experience values ( 236 , 1248, '2003-08-01', '2004-12-01');
insert into Employer values ( 1249 , 'Marquette University');
insert into Experience values ( 236 , 1249, '2001-08-01', '2003-05-01');
insert into Employer values ( 1250 , 'College of Lake County');
insert into Experience values ( 236 , 1250, '2000-06-01', '2001-12-01');
insert into Employer values ( 1251 , 'Savage Decorating, Inc.');
insert into Experience values ( 236 , 1251, '1995-06-01', '2001-07-06');

insert into User values ( 237 , 'Patty' , 'Pritchard Thompson', 500, 0, 'Human Resources');
insert into Has_skill values ( 237 , 1712, 0);
insert into Skill values ( 1712 , 'Marketing Communications');
insert into Has_skill values ( 237 , 352, 0);
insert into Skill values ( 352 , 'Marketing');
insert into Has_skill values ( 237 , 1603, 0);
insert into Skill values ( 1603 , 'SAP');
insert into Has_skill values ( 237 , 1650, 0);
insert into Skill values ( 1650 , 'Applicant Tracking...');
insert into Has_skill values ( 237 , 1713, 0);
insert into Skill values ( 1713 , 'Non-profits');
insert into Has_skill values ( 237 , 1646, 0);
insert into Skill values ( 1646 , 'Technical Recruiting');
insert into Has_skill values ( 237 , 1647, 0);
insert into Skill values ( 1647 , 'Talent Acquisition');
insert into Has_skill values ( 237 , 1652, 0);
insert into Skill values ( 1652 , 'Recruiting');
insert into Has_skill values ( 237 , 423, 0);
insert into Skill values ( 423 , 'Leadership');
insert into Has_skill values ( 237 , 433, 0);
insert into Skill values ( 433 , 'Nonprofits');
insert into Has_skill values ( 237 , 417, 0);
insert into Skill values ( 417 , 'Management');
insert into Has_skill values ( 237 , 541, 0);
insert into Skill values ( 541 , 'Process Improvement');
insert into Has_skill values ( 237 , 494, 0);
insert into Skill values ( 494 , 'Strategy');
insert into Has_skill values ( 237 , 1661, 0);
insert into Skill values ( 1661 , 'College Recruiting');
insert into Has_skill values ( 237 , 1208, 0);
insert into Skill values ( 1208 , 'Human Resources');
insert into Has_skill values ( 237 , 778, 0);
insert into Skill values ( 778 , 'Change Management');
insert into Has_skill values ( 237 , 1659, 0);
insert into Skill values ( 1659 , 'Internet Recruiting');
insert into Has_skill values ( 237 , 901, 0);
insert into Skill values ( 901 , 'Coaching');
insert into Has_skill values ( 237 , 466, 0);
insert into Skill values ( 466 , 'Sales');
insert into Has_skill values ( 237 , 376, 0);
insert into Skill values ( 376 , 'Program Management');
insert into Has_skill values ( 237 , 419, 0);
insert into Skill values ( 419 , 'Training');
insert into Has_skill values ( 237 , 1649, 0);
insert into Skill values ( 1649 , 'Sourcing');
insert into Has_skill values ( 237 , 353, 0);
insert into Skill values ( 353 , 'Project Management');
insert into Has_skill values ( 237 , 1125, 0);
insert into Skill values ( 1125 , 'Employee Relations');

insert into User values ( 238 , 'Jeff' , 'Koepke', 500, 0, 'Electrical/Electronic Manufacturing');
insert into Education values ( 238 , 373 , 212 , 'Bachelor of Business Administration', '1979 – 1983', '1979 – 1983');
insert into University values ( 373 , 'University of Wisconsin-Eau Claire');
insert into Has_skill values ( 238 , 1714, 0);
insert into Skill values ( 1714 , 'Strategic Management');
insert into Has_skill values ( 238 , 895, 0);
insert into Skill values ( 895 , 'People Management');
insert into Has_skill values ( 238 , 1715, 0);
insert into Skill values ( 1715 , 'Delivery Management');
insert into Has_skill values ( 238 , 1716, 0);
insert into Skill values ( 1716 , 'Process Management');
insert into Has_skill values ( 238 , 376, 0);
insert into Skill values ( 376 , 'Program Management');
insert into Has_skill values ( 238 , 1717, 0);
insert into Skill values ( 1717 , 'Sourcing Management');
insert into Has_skill values ( 238 , 829, 0);
insert into Skill values ( 829 , 'Business Management');
insert into Has_skill values ( 238 , 1658, 0);
insert into Skill values ( 1658 , 'Talent Management');
insert into Has_skill values ( 238 , 1718, 0);
insert into Skill values ( 1718 , 'Governance Management');
insert into Has_skill values ( 238 , 1053, 0);
insert into Skill values ( 1053 , 'Relationship Management');
insert into Has_skill values ( 238 , 778, 0);
insert into Skill values ( 778 , 'Change Management');
insert into Has_skill values ( 238 , 781, 0);
insert into Skill values ( 781 , 'Operations Management');
insert into Has_skill values ( 238 , 347, 0);
insert into Skill values ( 347 , 'Business Strategy');
insert into Has_skill values ( 238 , 1649, 0);
insert into Skill values ( 1649 , 'Sourcing');
insert into Has_skill values ( 238 , 541, 0);
insert into Skill values ( 541 , 'Process Improvement');
insert into Has_skill values ( 238 , 814, 0);
insert into Skill values ( 814 , 'IT Management');
insert into Has_skill values ( 238 , 417, 0);
insert into Skill values ( 417 , 'Management');
insert into Has_skill values ( 238 , 381, 0);
insert into Skill values ( 381 , 'Strategic Planning');
insert into Has_skill values ( 238 , 826, 0);
insert into Skill values ( 826 , 'Business Process...');
insert into Has_skill values ( 238 , 1603, 0);
insert into Skill values ( 1603 , 'SAP');
insert into Has_skill values ( 238 , 471, 0);
insert into Skill values ( 471 , 'CRM');
insert into Has_skill values ( 238 , 464, 0);
insert into Skill values ( 464 , 'Business Intelligence');
insert into Has_skill values ( 238 , 801, 0);
insert into Skill values ( 801 , 'ERP');
insert into Has_skill values ( 238 , 780, 0);
insert into Skill values ( 780 , 'Integration');
insert into Has_skill values ( 238 , 369, 0);
insert into Skill values ( 369 , 'Mergers & Acquisitions');
insert into Has_skill values ( 238 , 779, 0);
insert into Skill values ( 779 , 'IT Strategy');
insert into Has_skill values ( 238 , 353, 0);
insert into Skill values ( 353 , 'Project Management');
insert into Has_skill values ( 238 , 848, 0);
insert into Skill values ( 848 , 'Project Portfolio...');
insert into Has_skill values ( 238 , 423, 0);
insert into Skill values ( 423 , 'Leadership');
insert into Has_skill values ( 238 , 494, 0);
insert into Skill values ( 494 , 'Strategy');
insert into Has_skill values ( 238 , 430, 0);
insert into Skill values ( 430 , 'Team Leadership');
insert into Has_skill values ( 238 , 839, 0);
insert into Skill values ( 839 , 'PMO');
insert into Has_skill values ( 238 , 817, 0);
insert into Skill values ( 817 , 'Enterprise Software');
insert into Has_skill values ( 238 , 472, 0);
insert into Skill values ( 472 , 'Outsourcing');
insert into Has_skill values ( 238 , 820, 0);
insert into Skill values ( 820 , 'Supply Chain');
insert into Has_skill values ( 238 , 561, 0);
insert into Skill values ( 561 , 'Cloud Computing');
insert into Has_skill values ( 238 , 805, 0);
insert into Skill values ( 805 , 'Data Center');
insert into Has_skill values ( 238 , 842, 0);
insert into Skill values ( 842 , 'Business Transformation');
insert into Has_skill values ( 238 , 776, 0);
insert into Skill values ( 776 , 'Vendor Management');
insert into Has_skill values ( 238 , 840, 0);
insert into Skill values ( 840 , 'Software Documentation');
insert into Has_skill values ( 238 , 774, 0);
insert into Skill values ( 774 , 'Consulting');
insert into Has_skill values ( 238 , 837, 0);
insert into Skill values ( 837 , 'Business Process');
insert into Has_skill values ( 238 , 846, 0);
insert into Skill values ( 846 , 'Data Warehousing');
insert into Has_skill values ( 238 , 424, 0);
insert into Skill values ( 424 , 'Budgets');
insert into Has_skill values ( 238 , 804, 0);
insert into Skill values ( 804 , 'Information Technology');
insert into Has_skill values ( 238 , 419, 0);
insert into Skill values ( 419 , 'Training');
insert into Has_skill values ( 238 , 822, 0);
insert into Skill values ( 822 , 'Manufacturing');
insert into Has_skill values ( 238 , 383, 0);
insert into Skill values ( 383 , 'Business Analysis');
insert into Has_skill values ( 238 , 816, 0);
insert into Skill values ( 816 , 'IT Operations');
insert into Has_skill values ( 238 , 479, 0);
insert into Skill values ( 479 , 'Account Management');
insert into Member_of values ( 238 , 722);
insert into Groups values ( 722 , 'Job Openings, Job Leads and Job Connections!', 0);
insert into Member_of values ( 238 , 1492);
insert into Groups values ( 1492 , 'Society for Information Management - Connect', 0);
insert into Member_of values ( 238 , 1493);
insert into Groups values ( 1493 , 'Aircraft Owners and Pilots Association (AOPA)', 0);
insert into Member_of values ( 238 , 1494);
insert into Groups values ( 1494 , 'Wisconsin Technology Network', 0);
insert into Member_of values ( 238 , 757);
insert into Groups values ( 757 , 'Information Technology: IT Networking, Forum and Jobs', 0);
insert into Member_of values ( 238 , 1495);
insert into Groups values ( 1495 , 'University of Wisconsin-Eau Claire College of Business', 0);
insert into Member_of values ( 238 , 1496);
insert into Groups values ( 1496 , 'StrateXecution - Strategy Execution with Project, Program and Portfolio Management', 0);
insert into Member_of values ( 238 , 1497);
insert into Groups values ( 1497 , 'UWEC Alumni', 0);
insert into Member_of values ( 238 , 1498);
insert into Groups values ( 1498 , 'Business Intelligence and Analytics Best Practices', 0);
insert into Member_of values ( 238 , 1499);
insert into Groups values ( 1499 , 'SIM Wisconsin', 0);
insert into Member_of values ( 238 , 1500);
insert into Groups values ( 1500 , '123@5', 0);
insert into Member_of values ( 238 , 1501);
insert into Groups values ( 1501 , 'Generac Home Standby Generators', 0);
insert into Member_of values ( 238 , 1502);
insert into Groups values ( 1502 , 'JohnsonDiversey Alumni Network', 0);
insert into Member_of values ( 238 , 506);
insert into Groups values ( 506 , 'Harvard Business Review', 0);
insert into Member_of values ( 238 , 1503);
insert into Groups values ( 1503 , 'Global Project Management', 0);
insert into Member_of values ( 238 , 1504);
insert into Groups values ( 1504 , 'John Galt Solutions User Group (The Forecast Xperts)', 0);
insert into Member_of values ( 238 , 1505);
insert into Groups values ( 1505 , 'PMI-Milwaukee/SE WI Chapter', 0);
insert into Member_of values ( 238 , 695);
insert into Groups values ( 695 , 'Chief Information Officer (CIO) Network - The Group for CIOs', 0);
insert into Member_of values ( 238 , 1506);
insert into Groups values ( 1506 , 'Milwaukee Business Professionals', 0);
insert into Member_of values ( 238 , 1507);
insert into Groups values ( 1507 , 'Strategy & Transformation Professionals Network', 0);
insert into Member_of values ( 238 , 1508);
insert into Groups values ( 1508 , 'PMI Project, Program and Portfolio Management: #1 group for career advancement', 0);
insert into Member_of values ( 238 , 734);
insert into Groups values ( 734 , 'CIO Forum', 0);
insert into Member_of values ( 238 , 1509);
insert into Groups values ( 1509 , 'Strategy & Corporate Strategic Planning Xchange', 0);
insert into Employer values ( 1238 , 'Generac Power Systems');
insert into Experience values ( 238 , 1238, '2013-01-01', '');
insert into Employer values ( 1252 , 'Sealed Air Corporation');
insert into Experience values ( 238 , 1252, '2011-01-01', '');
insert into Employer values ( 1253 , 'Diversey Inc');
insert into Experience values ( 238 , 1253, '2008-01-01', '');
insert into Employer values ( 1253 , 'Diversey Inc');
insert into Experience values ( 238 , 1253, '2005-01-01', '');
insert into Employer values ( 1253 , 'Diversey Inc');
insert into Experience values ( 238 , 1253, '2003-01-01', '');
insert into Employer values ( 1253 , 'Diversey Inc');
insert into Experience values ( 238 , 1253, '2002-01-01', '');
insert into Employer values ( 1253 , 'Diversey Inc');
insert into Experience values ( 238 , 1253, '1999-01-01', '');
insert into Employer values ( 1253 , 'Diversey Inc');
insert into Experience values ( 238 , 1253, '1998-01-01', '');
insert into Employer values ( 1253 , 'Diversey Inc');
insert into Experience values ( 238 , 1253, '1995-01-01', '');
insert into Employer values ( 1253 , 'Diversey Inc');
insert into Experience values ( 238 , 1253, '1993-01-01', '');
insert into Employer values ( 1253 , 'Diversey Inc');
insert into Experience values ( 238 , 1253, '1991-01-01', '');
insert into Employer values ( 1254 , 'Oster Sunbeam');
insert into Experience values ( 238 , 1254, '1990-01-01', '');
insert into Employer values ( 1254 , 'Oster Sunbeam');
insert into Experience values ( 238 , 1254, '1989-01-01', '');
insert into Employer values ( 1255 , 'W.A. Krueger Company');
insert into Experience values ( 238 , 1255, '1987-01-01', '');
insert into Employer values ( 1255 , 'W.A. Krueger Company');
insert into Experience values ( 238 , 1255, '1985-01-01', '');
insert into Employer values ( 1256 , 'Sears, Roebuck and Co.');
insert into Experience values ( 238 , 1256, '1979-01-01', '');

insert into User values ( 239 , 'Terry' , 'Dolan', 500, 0, 'Machinery');
insert into Education values ( 239 , 374 , 202 , '', '1984 – 1988', '1984 – 1988');
insert into University values ( 374 , 'Richard Stockton College of New Jersey');
insert into Education values ( 239 , 375 , 202 , '', '', '');
insert into University values ( 375 , 'Concordia University-Wisconsin');
insert into Has_skill values ( 239 , 610, 0);
insert into Skill values ( 610 , 'Start-ups');
insert into Has_skill values ( 239 , 382, 0);
insert into Skill values ( 382 , 'Product Development');
insert into Has_skill values ( 239 , 494, 0);
insert into Skill values ( 494 , 'Strategy');
insert into Has_skill values ( 239 , 398, 0);
insert into Skill values ( 398 , 'Finance');
insert into Has_skill values ( 239 , 485, 0);
insert into Skill values ( 485 , 'Brand Management');
insert into Has_skill values ( 239 , 480, 0);
insert into Skill values ( 480 , 'Sales Management');
insert into Has_skill values ( 239 , 423, 0);
insert into Skill values ( 423 , 'Leadership');
insert into Has_skill values ( 239 , 1719, 0);
insert into Skill values ( 1719 , 'Distribution Strategies');
insert into Has_skill values ( 239 , 673, 0);
insert into Skill values ( 673 , 'New Business Development');
insert into Has_skill values ( 239 , 1720, 0);
insert into Skill values ( 1720 , 'Sales & Marketing...');
insert into Has_skill values ( 239 , 379, 0);
insert into Skill values ( 379 , 'Business Development');
insert into Has_skill values ( 239 , 378, 0);
insert into Skill values ( 378 , 'Cross-functional Team...');
insert into Has_skill values ( 239 , 465, 0);
insert into Skill values ( 465 , 'Retail');
insert into Has_skill values ( 239 , 381, 0);
insert into Skill values ( 381 , 'Strategic Planning');
insert into Has_skill values ( 239 , 491, 0);
insert into Skill values ( 491 , 'Business Planning');
insert into Has_skill values ( 239 , 347, 0);
insert into Skill values ( 347 , 'Business Strategy');
insert into Has_skill values ( 239 , 778, 0);
insert into Skill values ( 778 , 'Change Management');
insert into Has_skill values ( 239 , 417, 0);
insert into Skill values ( 417 , 'Management');
insert into Has_skill values ( 239 , 352, 0);
insert into Skill values ( 352 , 'Marketing');
insert into Has_skill values ( 239 , 1008, 0);
insert into Skill values ( 1008 , 'Mentoring');
insert into Has_skill values ( 239 , 386, 0);
insert into Skill values ( 386 , 'Mergers');
insert into Member_of values ( 239 , 1506);
insert into Groups values ( 1506 , 'Milwaukee Business Professionals', 0);
insert into Member_of values ( 239 , 1510);
insert into Groups values ( 1510 , 'IEEE Smart Grid', 0);
insert into Member_of values ( 239 , 1511);
insert into Groups values ( 1511 , 'Power Generation Equipment Group', 0);
insert into Member_of values ( 239 , 1512);
insert into Groups values ( 1512 , 'Dealer Development Executives', 0);
insert into Member_of values ( 239 , 1513);
insert into Groups values ( 1513 , 'Power Generation Equipment Wanted', 0);
insert into Member_of values ( 239 , 1514);
insert into Groups values ( 1514 , 'TopLinked.com (Open Networkers)', 0);
insert into Member_of values ( 239 , 1515);
insert into Groups values ( 1515 , 'Equipment Rental Group', 0);
insert into Member_of values ( 239 , 1516);
insert into Groups values ( 1516 , 'theMeatBall / GE Alumni', 0);
insert into Member_of values ( 239 , 1517);
insert into Groups values ( 1517 , 'Smart Electricity Middle East Network', 0);
insert into Member_of values ( 239 , 1518);
insert into Groups values ( 1518 , 'Retail Online', 0);
insert into Member_of values ( 239 , 1519);
insert into Groups values ( 1519 , 'Business Continuity & Disaster Recovery Consultants', 0);
insert into Member_of values ( 239 , 1520);
insert into Groups values ( 1520 , 'Associated Equipment Distributors', 0);
insert into Member_of values ( 239 , 1521);
insert into Groups values ( 1521 , 'EGSA Distributor/Dealer Committee', 0);
insert into Member_of values ( 239 , 1522);
insert into Groups values ( 1522 , 'Boart Longyear Group', 0);
insert into Member_of values ( 239 , 1523);
insert into Groups values ( 1523 , 'Power Rental Professional', 0);
insert into Member_of values ( 239 , 1524);
insert into Groups values ( 1524 , 'Working Hands Ministry - St Mark Catholic Church', 0);
insert into Member_of values ( 239 , 1525);
insert into Groups values ( 1525 , 'Home Improvement Research Institute', 0);
insert into Member_of values ( 239 , 1526);
insert into Groups values ( 1526 , 'Link Up Milwaukee', 0);
insert into Member_of values ( 239 , 1527);
insert into Groups values ( 1527 , 'HVAC Professionals', 0);
insert into Member_of values ( 239 , 1501);
insert into Groups values ( 1501 , 'Generac Home Standby Generators', 0);
insert into Member_of values ( 239 , 1528);
insert into Groups values ( 1528 , 'Buying and Selling New and Used Diesel and Natural Gas 60Hz Generator Sets For All Industries', 0);
insert into Member_of values ( 239 , 1529);
insert into Groups values ( 1529 , 'A Group to Buy and Sell Used Generators 200KW+', 0);
insert into Member_of values ( 239 , 1530);
insert into Groups values ( 1530 , 'Ingersoll Rand alumni', 0);
insert into Member_of values ( 239 , 1531);
insert into Groups values ( 1531 , 'Working Hands Ministry Career Coaches', 0);
insert into Member_of values ( 239 , 1532);
insert into Groups values ( 1532 , 'Telecom Links', 0);
insert into Member_of values ( 239 , 1533);
insert into Groups values ( 1533 , 'CNH, Case, New Holland, Intl Harvester, Ford Tractor, etc.', 0);
insert into Member_of values ( 239 , 1534);
insert into Groups values ( 1534 , 'Sales Resumes | Sales Jobs', 0);
insert into Member_of values ( 239 , 1535);
insert into Groups values ( 1535 , 'Power Gen', 0);
insert into Member_of values ( 239 , 1536);
insert into Groups values ( 1536 , 'FUEL Milwaukee', 0);
insert into Member_of values ( 239 , 1537);
insert into Groups values ( 1537 , 'Small Business Group', 0);
insert into Member_of values ( 239 , 1538);
insert into Groups values ( 1538 , 'Emergency Power Systems', 0);
insert into Member_of values ( 239 , 1539);
insert into Groups values ( 1539 , 'Standby Power Systems', 0);
insert into Member_of values ( 239 , 1540);
insert into Groups values ( 1540 , 'OPE Group', 0);
insert into Member_of values ( 239 , 851);
insert into Groups values ( 851 , 'Telecoms Professionals: LTE, M2M, OTT, Cloud Computing, Mobile VAS, Apps & Telecom', 0);
insert into Member_of values ( 239 , 1541);
insert into Groups values ( 1541 , 'Construction Equipment', 0);
insert into Member_of values ( 239 , 1542);
insert into Groups values ( 1542 , 'Linked:Energy (Energy industry expertise)', 0);
insert into Member_of values ( 239 , 1543);
insert into Groups values ( 1543 , 'HVAC Plumbing & Electrical Contractor Selling Best Practices', 0);
insert into Member_of values ( 239 , 1544);
insert into Groups values ( 1544 , 'Any Disaster', 0);
insert into Member_of values ( 239 , 1545);
insert into Groups values ( 1545 , 'Biking Enthusiasts', 0);
insert into Member_of values ( 239 , 1546);
insert into Groups values ( 1546 , 'Used Power Generation Equipment Group', 0);
insert into Member_of values ( 239 , 1547);
insert into Groups values ( 1547 , 'Energy & Electric Power Generation Professionals in Latin America', 0);
insert into Member_of values ( 239 , 1548);
insert into Groups values ( 1548 , 'Funtastic Times', 0);
insert into Member_of values ( 239 , 1549);
insert into Groups values ( 1549 , 'Data Center Architects', 0);
insert into Member_of values ( 239 , 1550);
insert into Groups values ( 1550 , 'Construction Equipment Professionals', 0);
insert into Member_of values ( 239 , 1551);
insert into Groups values ( 1551 , 'Ingersoll Rand', 0);
insert into Member_of values ( 239 , 1552);
insert into Groups values ( 1552 , 'Electrical Generating Systems Association (EGSA)', 0);
insert into Member_of values ( 239 , 1553);
insert into Groups values ( 1553 , 'Business Continuity and Disaster Recovery Professionals', 0);
insert into Member_of values ( 239 , 1554);
insert into Groups values ( 1554 , 'BCMIX - Business Continuity Management Information eXchange', 0);
insert into Member_of values ( 239 , 1555);
insert into Groups values ( 1555 , 'About diesel generators', 0);
insert into Member_of values ( 239 , 1556);
insert into Groups values ( 1556 , 'Construction Equipment Global Sales Professional', 0);
insert into Member_of values ( 239 , 1557);
insert into Groups values ( 1557 , 'Telecoms Europe Roles', 0);
insert into Employer values ( 1238 , 'Generac Power Systems');
insert into Experience values ( 239 , 1238, '2011-09-01', '2014-12-15');
insert into Employer values ( 1238 , 'Generac Power Systems');
insert into Experience values ( 239 , 1238, '2010-01-01', '');
insert into Employer values ( 1257 , 'Wingspan Performance Advisors');
insert into Experience values ( 239 , 1257, '2009-01-01', '');
insert into Employer values ( 1258 , 'Boart Longyear');
insert into Experience values ( 239 , 1258, '2007-08-01', '2008-11-01');
insert into Employer values ( 1259 , 'Ingersoll Rand');
insert into Experience values ( 239 , 1259, '2005-01-01', '');
insert into Employer values ( 1259 , 'Ingersoll Rand');
insert into Experience values ( 239 , 1259, '2004-01-01', '2005-07-01');
insert into Employer values ( 1259 , 'Ingersoll Rand');
insert into Experience values ( 239 , 1259, '2002-03-01', '2004-01-01');
insert into Employer values ( 1238 , 'Generac Power Systems');
insert into Experience values ( 239 , 1238, '2001-03-01', '2002-03-01');
insert into Employer values ( 1260 , 'Case Corporation (CNH)');
insert into Experience values ( 239 , 1260, '1991-09-01', '2001-03-09');
insert into Employer values ( 1261 , 'Case Corporation');
insert into Experience values ( 239 , 1261, '1991-01-01', '');
insert into Employer values ( 1262 , 'Binder Machinery Company');
insert into Experience values ( 239 , 1262, '1988-01-01', '');

insert into User values ( 240 , 'Fabian' , 'Ciavaglia', 500, 0, 'Consumer Goods');
insert into Education values ( 240 , 376 , 243 , 'MBA', '2002 – 2004', '2002 – 2004');
insert into University values ( 376 , 'Northwestern University - Kellogg School of Management');
insert into Education values ( 240 , 377 , 361 , 'Post - Masters', '1996 – 1997', '1996 – 1997');
insert into University values ( 377 , 'Oakland University');
insert into Education values ( 240 , 378 , 362 , 'MSF', '1995 – 1996', '1995 – 1996');
insert into University values ( 378 , 'Walsh College');
insert into Education values ( 240 , 379 , 363 , 'BSEE', '1990 – 1994', '1990 – 1994');
insert into University values ( 379 , 'Lawrence Technological University');
insert into Has_skill values ( 240 , 378, 0);
insert into Skill values ( 378 , 'Cross-functional Team...');
insert into Has_skill values ( 240 , 518, 0);
insert into Skill values ( 518 , 'Six Sigma');
insert into Has_skill values ( 240 , 830, 0);
insert into Skill values ( 830 , 'Continuous Improvement');
insert into Has_skill values ( 240 , 823, 0);
insert into Skill values ( 823 , 'Lean Manufacturing');
insert into Has_skill values ( 240 , 828, 0);
insert into Skill values ( 828 , 'Supply Chain Management');
insert into Has_skill values ( 240 , 471, 0);
insert into Skill values ( 471 , 'CRM');
insert into Has_skill values ( 240 , 1721, 0);
insert into Skill values ( 1721 , 'Manufacturing...');
insert into Has_skill values ( 240 , 376, 0);
insert into Skill values ( 376 , 'Program Management');
insert into Has_skill values ( 240 , 1722, 0);
insert into Skill values ( 1722 , 'Global Sourcing');
insert into Has_skill values ( 240 , 712, 0);
insert into Skill values ( 712 , 'Procurement');
insert into Has_skill values ( 240 , 382, 0);
insert into Skill values ( 382 , 'Product Development');
insert into Has_skill values ( 240 , 381, 0);
insert into Skill values ( 381 , 'Strategic Planning');
insert into Has_skill values ( 240 , 541, 0);
insert into Skill values ( 541 , 'Process Improvement');
insert into Has_skill values ( 240 , 781, 0);
insert into Skill values ( 781 , 'Operations Management');
insert into Has_skill values ( 240 , 1595, 0);
insert into Skill values ( 1595 , 'Engineering');
insert into Has_skill values ( 240 , 1723, 0);
insert into Skill values ( 1723 , 'Logistics');
insert into Has_skill values ( 240 , 778, 0);
insert into Skill values ( 778 , 'Change Management');
insert into Has_skill values ( 240 , 1724, 0);
insert into Skill values ( 1724 , 'Process Engineering');
insert into Has_skill values ( 240 , 663, 0);
insert into Skill values ( 663 , 'Contract Negotiation');
insert into Has_skill values ( 240 , 650, 0);
insert into Skill values ( 650 , 'Negotiation');
insert into Has_skill values ( 240 , 1725, 0);
insert into Skill values ( 1725 , 'Automotive');
insert into Has_skill values ( 240 , 498, 0);
insert into Skill values ( 498 , 'Project Planning');
insert into Has_skill values ( 240 , 423, 0);
insert into Skill values ( 423 , 'Leadership');
insert into Has_skill values ( 240 , 1726, 0);
insert into Skill values ( 1726 , 'Transportation');
insert into Has_skill values ( 240 , 491, 0);
insert into Skill values ( 491 , 'Business Planning');
insert into Has_skill values ( 240 , 1727, 0);
insert into Skill values ( 1727 , 'Demand Planning');
insert into Has_skill values ( 240 , 424, 0);
insert into Skill values ( 424 , 'Budgets');
insert into Has_skill values ( 240 , 775, 0);
insert into Skill values ( 775 , 'Team Building');
insert into Has_skill values ( 240 , 600, 0);
insert into Skill values ( 600 , 'Executive Management');
insert into Has_skill values ( 240 , 1728, 0);
insert into Skill values ( 1728 , 'Reorganization');
insert into Has_skill values ( 240 , 1729, 0);
insert into Skill values ( 1729 , 'Acquisition Integration');
insert into Has_skill values ( 240 , 1658, 0);
insert into Skill values ( 1658 , 'Talent Management');
insert into Has_skill values ( 240 , 853, 0);
insert into Skill values ( 853 , 'Operational Excellence');
insert into Has_skill values ( 240 , 610, 0);
insert into Skill values ( 610 , 'Start-ups');
insert into Has_skill values ( 240 , 1730, 0);
insert into Skill values ( 1730 , 'Advisory Boards');
insert into Has_skill values ( 240 , 1731, 0);
insert into Skill values ( 1731 , 'Board Development');
insert into Has_skill values ( 240 , 1008, 0);
insert into Skill values ( 1008 , 'Mentoring');
insert into Has_skill values ( 240 , 1732, 0);
insert into Skill values ( 1732 , 'Profit Maximization');
insert into Has_skill values ( 240 , 1733, 0);
insert into Skill values ( 1733 , 'Union Negotiations');
insert into Has_skill values ( 240 , 1734, 0);
insert into Skill values ( 1734 , 'EBITDA Growth');
insert into Has_skill values ( 240 , 479, 0);
insert into Skill values ( 479 , 'Account Management');
insert into Has_skill values ( 240 , 1735, 0);
insert into Skill values ( 1735 , 'Innovation');
insert into Has_skill values ( 240 , 1736, 0);
insert into Skill values ( 1736 , 'Consumer Products');
insert into Member_of values ( 240 , 1558);
insert into Groups values ( 1558 , 'Italiani nel mondo', 0);
insert into Member_of values ( 240 , 1559);
insert into Groups values ( 1559 , 'CXO (CEO, COO, CKO, CFO, CIO, CPO, CMO, CAO, CVO, CDO, CRO, CLO, CSO & CTO) Community', 0);
insert into Member_of values ( 240 , 1560);
insert into Groups values ( 1560 , 'Leading International Open Networkers (LION)', 0);
insert into Member_of values ( 240 , 1561);
insert into Groups values ( 1561 , 'Northwestern University Alumni', 0);
insert into Member_of values ( 240 , 1562);
insert into Groups values ( 1562 , 'Thailand Professionals', 0);
insert into Member_of values ( 240 , 1563);
insert into Groups values ( 1563 , 'Lawrence Tech Alumni', 0);
insert into Member_of values ( 240 , 1564);
insert into Groups values ( 1564 , 'Aviation & Aerospace Professionals', 0);
insert into Member_of values ( 240 , 1565);
insert into Groups values ( 1565 , 'Procurement Executives', 0);
insert into Member_of values ( 240 , 1566);
insert into Groups values ( 1566 , 'Automation', 0);
insert into Member_of values ( 240 , 1567);
insert into Groups values ( 1567 , 'TOP LEADERS/ EXECUTIVES - CXO/ CEO/ CIO/ COO/ CFO/ President/ VP/ AVP/ Director/ Head/ Managers', 0);
insert into Member_of values ( 240 , 1568);
insert into Groups values ( 1568 , 'ASIA SOURCING GROUP', 0);
insert into Member_of values ( 240 , 1569);
insert into Groups values ( 1569 , 'Leadership Think Tank', 0);
insert into Member_of values ( 240 , 1570);
insert into Groups values ( 1570 , 'The Leukemia & Lymphoma Society', 0);
insert into Member_of values ( 240 , 1571);
insert into Groups values ( 1571 , 'Airlines Industry Professionals Worldwide', 0);
insert into Member_of values ( 240 , 1572);
insert into Groups values ( 1572 , 'Aerospace Professionals Worldwide', 0);
insert into Member_of values ( 240 , 1573);
insert into Groups values ( 1573 , 'China Business', 0);
insert into Member_of values ( 240 , 1574);
insert into Groups values ( 1574 , 'Brazil - All Things Business', 0);
insert into Member_of values ( 240 , 1575);
insert into Groups values ( 1575 , 'China Supply Chain, Procurement and Logistics Network 中国物流行业专业协会', 0);
insert into Member_of values ( 240 , 1576);
insert into Groups values ( 1576 , 'COO Network (Chief Operating Officer)', 0);
insert into Member_of values ( 240 , 1577);
insert into Groups values ( 1577 , 'Vietnam Manufacturing', 0);
insert into Member_of values ( 240 , 1578);
insert into Groups values ( 1578 , 'LION500.com (Open Networkers)', 0);
insert into Member_of values ( 240 , 1579);
insert into Groups values ( 1579 , 'Aerospace & Defense Subcontractors & Suppliers', 0);
insert into Member_of values ( 240 , 1580);
insert into Groups values ( 1580 , 'Managing a Multi-Generational Workforce', 0);
insert into Member_of values ( 240 , 1581);
insert into Groups values ( 1581 , 'Phi Kappa Upsilon Fraternity', 0);
insert into Member_of values ( 240 , 1582);
insert into Groups values ( 1582 , 'Bombardier Aerospace', 0);
insert into Member_of values ( 240 , 1583);
insert into Groups values ( 1583 , 'The True LIONs ★ (Open Networking) ★ (Open Networkers)', 0);
insert into Member_of values ( 240 , 1584);
insert into Groups values ( 1584 , 'Auto OEM Network - World's Largest Automotive Group', 0);
insert into Member_of values ( 240 , 1585);
insert into Groups values ( 1585 , 'Railgroup -- [50,000+ Rail Minds]', 0);
insert into Member_of values ( 240 , 1586);
insert into Groups values ( 1586 , 'Central Europe Industry', 0);
insert into Member_of values ( 240 , 1587);
insert into Groups values ( 1587 , 'Cigars and Professionals', 0);
insert into Member_of values ( 240 , 1478);
insert into Groups values ( 1478 , 'Procurement Professionals (#1 supply chain & sourcing group) Business. Networking. Jobs.', 0);
insert into Member_of values ( 240 , 1588);
insert into Groups values ( 1588 , 'STRATEGY PROFESSIONALS NETWORK', 0);
insert into Member_of values ( 240 , 1589);
insert into Groups values ( 1589 , 'Kellogg Executive MBA', 0);
insert into Member_of values ( 240 , 1590);
insert into Groups values ( 1590 , 'Defense & Aerospace', 0);
insert into Member_of values ( 240 , 1591);
insert into Groups values ( 1591 , 'North American Nearshoring Initiative (NANI)', 0);
insert into Member_of values ( 240 , 1592);
insert into Groups values ( 1592 , 'Expats', 0);
insert into Member_of values ( 240 , 1593);
insert into Groups values ( 1593 , 'Kellogg Alumni Entrepreneurs', 0);
insert into Member_of values ( 240 , 1594);
insert into Groups values ( 1594 , 'Automotive Industry Professionals Worldwide', 0);
insert into Member_of values ( 240 , 1595);
insert into Groups values ( 1595 , 'Supply Chain Today: Latest News & Trends, Delete Spam, Technology Innovation, Search Executive Jobs', 0);
insert into Member_of values ( 240 , 1596);
insert into Groups values ( 1596 , 'Fine Wine drinkers', 0);
insert into Member_of values ( 240 , 692);
insert into Groups values ( 692 , 'Supply Chain Management Group', 0);
insert into Member_of values ( 240 , 1597);
insert into Groups values ( 1597 , 'Automotive Management Professionals', 0);
insert into Member_of values ( 240 , 1598);
insert into Groups values ( 1598 , 'Linked Strategies', 0);
insert into Member_of values ( 240 , 1599);
insert into Groups values ( 1599 , 'Executive Search Network', 0);
insert into Member_of values ( 240 , 1600);
insert into Groups values ( 1600 , 'emp57', 0);
insert into Member_of values ( 240 , 1601);
insert into Groups values ( 1601 , 'Supply Chain ViPs', 0);
insert into Member_of values ( 240 , 1602);
insert into Groups values ( 1602 , 'Fiat Group Employees', 0);
insert into Member_of values ( 240 , 1603);
insert into Groups values ( 1603 , 'Lawrence Tech LEGENDS', 0);
insert into Knows_language values ( 240 , 501);
insert into Languages values ( 501 , 'English');
insert into Knows_language values ( 240 , 532);
insert into Languages values ( 532 , 'Italian');
insert into Knows_language values ( 240 , 503);
insert into Languages values ( 503 , 'Spanish');
insert into Knows_language values ( 240 , 546);
insert into Languages values ( 546 , 'Portuguese');
insert into Employer values ( 1263 , 'Generac Power systems');
insert into Experience values ( 240 , 1263, '2012-01-01', '');
insert into Employer values ( 1264 , 'Bombardier Aerospace');
insert into Experience values ( 240 , 1264, '2010-09-01', '2011-12-01');
insert into Employer values ( 1265 , 'Valiant International');
insert into Experience values ( 240 , 1265, '2009-09-01', '2010-09-01');
insert into Employer values ( 1266 , 'Magna Steyr');
insert into Experience values ( 240 , 1266, '2008-02-01', '2009-08-01');
insert into Employer values ( 1267 , 'Comau (FIAT GROUP)');
insert into Experience values ( 240 , 1267, '2006-01-01', '2008-01-02');
insert into Employer values ( 1268 , 'Comau (FIAT Group)');
insert into Experience values ( 240 , 1268, '2005-11-01', '2006-12-01');
insert into Employer values ( 1269 , 'Comau');
insert into Experience values ( 240 , 1269, '2004-01-01', '2005-01-01');
insert into Employer values ( 1269 , 'Comau');
insert into Experience values ( 240 , 1269, '2002-01-01', '2004-01-02');
insert into Employer values ( 1269 , 'Comau');
insert into Experience values ( 240 , 1269, '2000-01-01', '2002-01-02');
insert into Employer values ( 1269 , 'Comau');
insert into Experience values ( 240 , 1269, '1998-01-01', '2000-01-02');
insert into Employer values ( 1269 , 'Comau');
insert into Experience values ( 240 , 1269, '1997-01-01', '1998-01-01');
insert into Employer values ( 1270 , 'Ford Motor Company');
insert into Experience values ( 240 , 1270, '1993-01-01', '1996-12-04');

insert into User values ( 241 , 'Dawn' , 'Tabat', 25, 0, 'Defense & Space');
insert into Employer values ( 1238 , 'Generac Power Systems');
insert into Experience values ( 241 , 1238, '', '');

insert into User values ( 242 , 'Russ' , 'Minick', 500, 0, 'Consumer Goods');
insert into Education values ( 242 , 380 , 202 , '', '', '');
insert into University values ( 380 , 'Indianola');
insert into Education values ( 242 , 380 , 202 , '', '', '');
insert into University values ( 380 , 'Indianola');
insert into Education values ( 242 , 381 , 201 , 'Bachelors degree', '', '');
insert into University values ( 381 , 'University of Northern Iowa');
insert into Has_skill values ( 242 , 378, 0);
insert into Skill values ( 378 , 'Cross-functional Team...');
insert into Has_skill values ( 242 , 492, 0);
insert into Skill values ( 492 , 'Product Marketing');
insert into Has_skill values ( 242 , 381, 0);
insert into Skill values ( 381 , 'Strategic Planning');
insert into Has_skill values ( 242 , 382, 0);
insert into Skill values ( 382 , 'Product Development');
insert into Has_skill values ( 242 , 424, 0);
insert into Skill values ( 424 , 'Budgets');
insert into Has_skill values ( 242 , 495, 0);
insert into Skill values ( 495 , 'Marketing Strategy');
insert into Has_skill values ( 242 , 1737, 0);
insert into Skill values ( 1737 , 'P&L Responsibility');
insert into Has_skill values ( 242 , 475, 0);
insert into Skill values ( 475 , 'Market Analysis');
insert into Has_skill values ( 242 , 384, 0);
insert into Skill values ( 384 , 'Competitive Analysis');
insert into Has_skill values ( 242 , 1379, 0);
insert into Skill values ( 1379 , 'Product Design');
insert into Has_skill values ( 242 , 468, 0);
insert into Skill values ( 468 , 'Market Planning');
insert into Has_skill values ( 242 , 417, 0);
insert into Skill values ( 417 , 'Management');
insert into Has_skill values ( 242 , 823, 0);
insert into Skill values ( 823 , 'Lean Manufacturing');
insert into Has_skill values ( 242 , 377, 0);
insert into Skill values ( 377 , 'Product Management');
insert into Has_skill values ( 242 , 489, 0);
insert into Skill values ( 489 , 'Forecasting');
insert into Has_skill values ( 242 , 1048, 0);
insert into Skill values ( 1048 , 'Pricing');
insert into Has_skill values ( 242 , 467, 0);
insert into Skill values ( 467 , 'Key Account Management');
insert into Has_skill values ( 242 , 470, 0);
insert into Skill values ( 470 , 'Marketing Management');
insert into Has_skill values ( 242 , 772, 0);
insert into Skill values ( 772 , 'P&L Management');
insert into Has_skill values ( 242 , 673, 0);
insert into Skill values ( 673 , 'New Business Development');
insert into Has_skill values ( 242 , 1049, 0);
insert into Skill values ( 1049 , 'B2B');
insert into Has_skill values ( 242 , 480, 0);
insert into Skill values ( 480 , 'Sales Management');
insert into Has_skill values ( 242 , 494, 0);
insert into Skill values ( 494 , 'Strategy');
insert into Has_skill values ( 242 , 1210, 0);
insert into Skill values ( 1210 , 'International Sales');
insert into Has_skill values ( 242 , 469, 0);
insert into Skill values ( 469 , 'Sales Operations');
insert into Has_skill values ( 242 , 485, 0);
insert into Skill values ( 485 , 'Brand Management');
insert into Has_skill values ( 242 , 479, 0);
insert into Skill values ( 479 , 'Account Management');
insert into Has_skill values ( 242 , 477, 0);
insert into Skill values ( 477 , 'Market Research');
insert into Has_skill values ( 242 , 892, 0);
insert into Skill values ( 892 , 'Product Launch');
insert into Has_skill values ( 242 , 379, 0);
insert into Skill values ( 379 , 'Business Development');
insert into Has_skill values ( 242 , 491, 0);
insert into Skill values ( 491 , 'Business Planning');
insert into Member_of values ( 242 , 506);
insert into Groups values ( 506 , 'Harvard Business Review', 0);
insert into Member_of values ( 242 , 1604);
insert into Groups values ( 1604 , 'Milwaukee Interactive Marketing Association', 0);
insert into Member_of values ( 242 , 1605);
insert into Groups values ( 1605 , 'Chief Marketing Officer (CMO) Network - #1 Group for CMOs', 0);
insert into Member_of values ( 242 , 1501);
insert into Groups values ( 1501 , 'Generac Home Standby Generators', 0);
insert into Member_of values ( 242 , 1606);
insert into Groups values ( 1606 , 'Product Management', 0);
insert into Employer values ( 1238 , 'Generac Power Systems');
insert into Experience values ( 242 , 1238, '2011-01-01', '');
insert into Employer values ( 1271 , 'Electrolux Floor Care & Small Appliances');
insert into Experience values ( 242 , 1271, '2006-01-01', '');
insert into Employer values ( 1272 , 'The Gunlocke Company');
insert into Experience values ( 242 , 1272, '2003-01-01', '');

insert into User values ( 243 , 'Clement' , 'Feng', 500, 0, 'Consumer Goods');
insert into Education values ( 243 , 382 , 202 , '', '1986 – 1988', '1986 – 1988');
insert into University values ( 382 , 'The University of Chicago Booth School of Business');
insert into Education values ( 243 , 383 , 202 , '', '1981 – 1984', '1981 – 1984');
insert into University values ( 383 , 'Stanford University');
insert into Has_skill values ( 243 , 382, 0);
insert into Skill values ( 382 , 'Product Development');
insert into Has_skill values ( 243 , 495, 0);
insert into Skill values ( 495 , 'Marketing Strategy');
insert into Has_skill values ( 243 , 763, 0);
insert into Skill values ( 763 , 'Direct Marketing');
insert into Has_skill values ( 243 , 476, 0);
insert into Skill values ( 476 , 'Merchandising');
insert into Has_skill values ( 243 , 468, 0);
insert into Skill values ( 468 , 'Market Planning');
insert into Has_skill values ( 243 , 786, 0);
insert into Skill values ( 786 , 'Advertising');
insert into Has_skill values ( 243 , 1738, 0);
insert into Skill values ( 1738 , 'B2B Marketing');
insert into Has_skill values ( 243 , 1739, 0);
insert into Skill values ( 1739 , 'Strategic Thinking');
insert into Has_skill values ( 243 , 379, 0);
insert into Skill values ( 379 , 'Business Development');
insert into Has_skill values ( 243 , 384, 0);
insert into Skill values ( 384 , 'Competitive Analysis');
insert into Has_skill values ( 243 , 377, 0);
insert into Skill values ( 377 , 'Product Management');
insert into Has_skill values ( 243 , 892, 0);
insert into Skill values ( 892 , 'Product Launch');
insert into Has_skill values ( 243 , 673, 0);
insert into Skill values ( 673 , 'New Business Development');
insert into Has_skill values ( 243 , 378, 0);
insert into Skill values ( 378 , 'Cross-functional Team...');
insert into Has_skill values ( 243 , 376, 0);
insert into Skill values ( 376 , 'Program Management');
insert into Has_skill values ( 243 , 494, 0);
insert into Skill values ( 494 , 'Strategy');
insert into Has_skill values ( 243 , 466, 0);
insert into Skill values ( 466 , 'Sales');
insert into Has_skill values ( 243 , 470, 0);
insert into Skill values ( 470 , 'Marketing Management');
insert into Has_skill values ( 243 , 352, 0);
insert into Skill values ( 352 , 'Marketing');
insert into Has_skill values ( 243 , 778, 0);
insert into Skill values ( 778 , 'Change Management');
insert into Has_skill values ( 243 , 485, 0);
insert into Skill values ( 485 , 'Brand Management');
insert into Has_skill values ( 243 , 477, 0);
insert into Skill values ( 477 , 'Market Research');
insert into Has_skill values ( 243 , 403, 0);
insert into Skill values ( 403 , 'Analysis');
insert into Has_skill values ( 243 , 666, 0);
insert into Skill values ( 666 , 'International Business');
insert into Has_skill values ( 243 , 480, 0);
insert into Skill values ( 480 , 'Sales Management');
insert into Has_skill values ( 243 , 475, 0);
insert into Skill values ( 475 , 'Market Analysis');
insert into Has_skill values ( 243 , 381, 0);
insert into Skill values ( 381 , 'Strategic Planning');
insert into Has_skill values ( 243 , 1740, 0);
insert into Skill values ( 1740 , 'Segmentation');
insert into Has_skill values ( 243 , 1712, 0);
insert into Skill values ( 1712 , 'Marketing Communications');
insert into Employer values ( 1238 , 'Generac Power Systems');
insert into Experience values ( 243 , 1238, '2013-01-01', '');
insert into Employer values ( 1273 , 'Fluke Corporation');
insert into Experience values ( 243 , 1273, '2010-01-01', '');
insert into Employer values ( 1238 , 'Generac Power Systems');
insert into Experience values ( 243 , 1238, '2007-01-01', '');
insert into Employer values ( 1274 , 'Broan-NuTone LLC');
insert into Experience values ( 243 , 1274, '2003-01-01', '');
insert into Employer values ( 1275 , 'Robert Bosch Tool Corporation');
insert into Experience values ( 243 , 1275, '2000-01-01', '');
insert into Employer values ( 1276 , 'Master Lock Company');
insert into Experience values ( 243 , 1276, '1994-01-01', '');

insert into User values ( 244 , 'Kyle' , 'Raabe', 500, 0, 'Electrical/Electronic Manufacturing');
insert into Has_skill values ( 244 , 480, 0);
insert into Skill values ( 480 , 'Sales Management');
insert into Has_skill values ( 244 , 673, 0);
insert into Skill values ( 673 , 'New Business Development');
insert into Has_skill values ( 244 , 381, 0);
insert into Skill values ( 381 , 'Strategic Planning');
insert into Has_skill values ( 244 , 833, 0);
insert into Skill values ( 833 , 'Problem Solving');
insert into Has_skill values ( 244 , 466, 0);
insert into Skill values ( 466 , 'Sales');
insert into Has_skill values ( 244 , 379, 0);
insert into Skill values ( 379 , 'Business Development');
insert into Has_skill values ( 244 , 352, 0);
insert into Skill values ( 352 , 'Marketing');
insert into Has_skill values ( 244 , 417, 0);
insert into Skill values ( 417 , 'Management');
insert into Has_skill values ( 244 , 822, 0);
insert into Skill values ( 822 , 'Manufacturing');
insert into Has_skill values ( 244 , 423, 0);
insert into Skill values ( 423 , 'Leadership');
insert into Has_skill values ( 244 , 419, 0);
insert into Skill values ( 419 , 'Training');
insert into Has_skill values ( 244 , 427, 0);
insert into Skill values ( 427 , 'Customer Service');
insert into Has_skill values ( 244 , 663, 0);
insert into Skill values ( 663 , 'Contract Negotiation');
insert into Has_skill values ( 244 , 479, 0);
insert into Skill values ( 479 , 'Account Management');
insert into Has_skill values ( 244 , 781, 0);
insert into Skill values ( 781 , 'Operations Management');
insert into Has_skill values ( 244 , 467, 0);
insert into Skill values ( 467 , 'Key Account Management');
insert into Has_skill values ( 244 , 376, 0);
insert into Skill values ( 376 , 'Program Management');
insert into Has_skill values ( 244 , 780, 0);
insert into Skill values ( 780 , 'Integration');

insert into User values ( 245 , 'Adam' , 'Soliman', 499, 0, 'Consumer Goods');
insert into Education values ( 245 , 384 , 265 , 'Bachelor of Science (B.S.)', '', '');
insert into University values ( 384 , 'Illinois State University');
insert into Education values ( 245 , 384 , 200 , 'Masters Degree', '', '');
insert into University values ( 384 , 'Illinois State University');
insert into Has_skill values ( 245 , 495, 0);
insert into Skill values ( 495 , 'Marketing Strategy');
insert into Has_skill values ( 245 , 1712, 0);
insert into Skill values ( 1712 , 'Marketing Communications');
insert into Has_skill values ( 245 , 480, 0);
insert into Skill values ( 480 , 'Sales Management');
insert into Has_skill values ( 245 , 466, 0);
insert into Skill values ( 466 , 'Sales');
insert into Has_skill values ( 245 , 485, 0);
insert into Skill values ( 485 , 'Brand Management');
insert into Has_skill values ( 245 , 381, 0);
insert into Skill values ( 381 , 'Strategic Planning');
insert into Has_skill values ( 245 , 1121, 0);
insert into Skill values ( 1121 , 'Personal Development');
insert into Has_skill values ( 245 , 422, 0);
insert into Skill values ( 422 , 'Public Speaking');
insert into Has_skill values ( 245 , 1271, 0);
insert into Skill values ( 1271 , 'University Teaching');
insert into Has_skill values ( 245 , 1741, 0);
insert into Skill values ( 1741 , 'College Teaching');
insert into Has_skill values ( 245 , 492, 0);
insert into Skill values ( 492 , 'Product Marketing');
insert into Has_skill values ( 245 , 1742, 0);
insert into Skill values ( 1742 , 'Situational Leadership');
insert into Has_skill values ( 245 , 1743, 0);
insert into Skill values ( 1743 , 'Speech Writing');
insert into Has_skill values ( 245 , 1737, 0);
insert into Skill values ( 1737 , 'P&L Responsibility');
insert into Has_skill values ( 245 , 650, 0);
insert into Skill values ( 650 , 'Negotiation');
insert into Has_skill values ( 245 , 673, 0);
insert into Skill values ( 673 , 'New Business Development');
insert into Has_skill values ( 245 , 745, 0);
insert into Skill values ( 745 , 'Digital Marketing');
insert into Has_skill values ( 245 , 1744, 0);
insert into Skill values ( 1744 , 'P&L Budget Management');
insert into Has_skill values ( 245 , 778, 0);
insert into Skill values ( 778 , 'Change Management');
insert into Has_skill values ( 245 , 484, 0);
insert into Skill values ( 484 , 'Key Account Development');
insert into Has_skill values ( 245 , 417, 0);
insert into Skill values ( 417 , 'Management');
insert into Has_skill values ( 245 , 352, 0);
insert into Skill values ( 352 , 'Marketing');
insert into Has_skill values ( 245 , 772, 0);
insert into Skill values ( 772 , 'P&L Management');
insert into Member_of values ( 245 , 1607);
insert into Groups values ( 1607 , 'Electrolux', 0);
insert into Member_of values ( 245 , 1608);
insert into Groups values ( 1608 , 'Illinois State University Alumni Association', 0);
insert into Member_of values ( 245 , 1609);
insert into Groups values ( 1609 , 'Illinois State University Alumni', 0);
insert into Member_of values ( 245 , 1610);
insert into Groups values ( 1610 , 'CPG SALES', 0);
insert into Member_of values ( 245 , 1611);
insert into Groups values ( 1611 , 'CONSUMER GOODS & RETAIL PROFESSIONALS', 0);
insert into Employer values ( 1238 , 'Generac Power Systems');
insert into Experience values ( 245 , 1238, '2014-07-01', '2014-12-15');
insert into Employer values ( 1238 , 'Generac Power Systems');
insert into Experience values ( 245 , 1238, '2012-08-01', '2014-07-02');
insert into Employer values ( 1271 , 'Electrolux Floor Care & Small Appliances');
insert into Experience values ( 245 , 1271, '2012-06-01', '2012-08-03');
insert into Employer values ( 1271 , 'Electrolux Floor Care & Small Appliances');
insert into Experience values ( 245 , 1271, '2009-12-01', '2012-05-02');
insert into Employer values ( 1277 , 'Illinois State University');
insert into Experience values ( 245 , 1277, '2004-08-01', '2011-05-06');
insert into Employer values ( 1271 , 'Electrolux Floor Care & Small Appliances');
insert into Experience values ( 245 , 1271, '2008-01-01', '2009-11-01');
insert into Employer values ( 1271 , 'Electrolux Floor Care & Small Appliances');
insert into Experience values ( 245 , 1271, '2007-01-01', '2007-12-01');
insert into Employer values ( 1278 , 'ALDI Stores');
insert into Experience values ( 245 , 1278, '2002-06-01', '2004-07-02');

insert into User values ( 246 , 'Melissa' , 'Jones', 500, 0, 'Consumer Goods');
insert into Has_skill values ( 246 , 892, 0);
insert into Skill values ( 892 , 'Product Launch');
insert into Has_skill values ( 246 , 382, 0);
insert into Skill values ( 382 , 'Product Development');
insert into Has_skill values ( 246 , 384, 0);
insert into Skill values ( 384 , 'Competitive Analysis');
insert into Has_skill values ( 246 , 1736, 0);
insert into Skill values ( 1736 , 'Consumer Products');
insert into Has_skill values ( 246 , 492, 0);
insert into Skill values ( 492 , 'Product Marketing');
insert into Has_skill values ( 246 , 378, 0);
insert into Skill values ( 378 , 'Cross-functional Team...');
insert into Has_skill values ( 246 , 485, 0);
insert into Skill values ( 485 , 'Brand Management');
insert into Has_skill values ( 246 , 477, 0);
insert into Skill values ( 477 , 'Market Research');
insert into Has_skill values ( 246 , 417, 0);
insert into Skill values ( 417 , 'Management');
insert into Has_skill values ( 246 , 495, 0);
insert into Skill values ( 495 , 'Marketing Strategy');
insert into Has_skill values ( 246 , 489, 0);
insert into Skill values ( 489 , 'Forecasting');
insert into Has_skill values ( 246 , 377, 0);
insert into Skill values ( 377 , 'Product Management');
insert into Has_skill values ( 246 , 468, 0);
insert into Skill values ( 468 , 'Market Planning');
insert into Has_skill values ( 246 , 470, 0);
insert into Skill values ( 470 , 'Marketing Management');
insert into Has_skill values ( 246 , 475, 0);
insert into Skill values ( 475 , 'Market Analysis');
insert into Has_skill values ( 246 , 352, 0);
insert into Skill values ( 352 , 'Marketing');
insert into Has_skill values ( 246 , 772, 0);
insert into Skill values ( 772 , 'P&L Management');
insert into Has_skill values ( 246 , 467, 0);
insert into Skill values ( 467 , 'Key Account Management');
insert into Has_skill values ( 246 , 773, 0);
insert into Skill values ( 773 , 'Multi-channel Marketing');
insert into Has_skill values ( 246 , 1048, 0);
insert into Skill values ( 1048 , 'Pricing');
insert into Has_skill values ( 246 , 1740, 0);
insert into Skill values ( 1740 , 'Segmentation');
insert into Has_skill values ( 246 , 740, 0);
insert into Skill values ( 740 , 'Strategic Partnerships');
insert into Has_skill values ( 246 , 1049, 0);
insert into Skill values ( 1049 , 'B2B');
insert into Has_skill values ( 246 , 494, 0);
insert into Skill values ( 494 , 'Strategy');
insert into Has_skill values ( 246 , 1745, 0);
insert into Skill values ( 1745 , 'Pricing Strategy');
insert into Has_skill values ( 246 , 423, 0);
insert into Skill values ( 423 , 'Leadership');
insert into Has_skill values ( 246 , 480, 0);
insert into Skill values ( 480 , 'Sales Management');
insert into Has_skill values ( 246 , 380, 0);
insert into Skill values ( 380 , 'Analytics');
insert into Has_skill values ( 246 , 469, 0);
insert into Skill values ( 469 , 'Sales Operations');
insert into Has_skill values ( 246 , 473, 0);
insert into Skill values ( 473 , 'Selling');
insert into Has_skill values ( 246 , 466, 0);
insert into Skill values ( 466 , 'Sales');
insert into Has_skill values ( 246 , 760, 0);
insert into Skill values ( 760 , 'Marketing Research');
insert into Has_skill values ( 246 , 1746, 0);
insert into Skill values ( 1746 , 'Global Marketing');
insert into Has_skill values ( 246 , 1051, 0);
insert into Skill values ( 1051 , 'Sales Presentations');
insert into Has_skill values ( 246 , 666, 0);
insert into Skill values ( 666 , 'International Business');
insert into Has_skill values ( 246 , 1747, 0);
insert into Skill values ( 1747 , 'Customer Insight');
insert into Has_skill values ( 246 , 471, 0);
insert into Skill values ( 471 , 'CRM');
insert into Has_skill values ( 246 , 1738, 0);
insert into Skill values ( 1738 , 'B2B Marketing');
insert into Has_skill values ( 246 , 1748, 0);
insert into Skill values ( 1748 , 'Product Innovation');
insert into Has_skill values ( 246 , 484, 0);
insert into Skill values ( 484 , 'Key Account Development');
insert into Has_skill values ( 246 , 479, 0);
insert into Skill values ( 479 , 'Account Management');
insert into Has_skill values ( 246 , 755, 0);
insert into Skill values ( 755 , 'Brand Development');
insert into Has_skill values ( 246 , 491, 0);
insert into Skill values ( 491 , 'Business Planning');
insert into Has_skill values ( 246 , 379, 0);
insert into Skill values ( 379 , 'Business Development');
insert into Has_skill values ( 246 , 673, 0);
insert into Skill values ( 673 , 'New Business Development');
insert into Has_skill values ( 246 , 1046, 0);
insert into Skill values ( 1046 , 'Salesforce.com');
insert into Has_skill values ( 246 , 481, 0);
insert into Skill values ( 481 , 'E-commerce');
insert into Has_skill values ( 246 , 1211, 0);
insert into Skill values ( 1211 , 'Channel Partners');
insert into Has_skill values ( 246 , 490, 0);
insert into Skill values ( 490 , 'Sales Process');
insert into Has_skill values ( 246 , 493, 0);
insert into Skill values ( 493 , 'Direct Sales');

insert into User values ( 247 , 'Brenda' , 'Roberts', 163, 0, 'Marketing and Advertising');
insert into Education values ( 247 , 385 , 202 , '', '', '');
insert into University values ( 385 , 'University of Wisconsin-Madison');
insert into Member_of values ( 247 , 1501);
insert into Groups values ( 1501 , 'Generac Home Standby Generators', 0);
insert into Employer values ( 1279 , 'Generac Power Sytems');
insert into Experience values ( 247 , 1279, '2013-11-01', '2014-12-15');
insert into Employer values ( 1238 , 'Generac Power Systems');
insert into Experience values ( 247 , 1238, '2012-03-01', '2013-11-01');
insert into Employer values ( 1238 , 'Generac Power Systems');
insert into Experience values ( 247 , 1238, '2008-03-01', '2012-03-04');
insert into Employer values ( 1280 , 'EMD CropBioScience');
insert into Experience values ( 247 , 1280, '2005-02-01', '2008-03-03');
insert into Employer values ( 1281 , 'U.S. Chemical');
insert into Experience values ( 247 , 1281, '2001-11-01', '2003-07-01');

insert into User values ( 248 , 'Pam' , 'Heidel', 500, 0, 'Consumer Goods');
insert into Has_skill values ( 248 , 1749, 0);
insert into Skill values ( 1749 , 'ROMI');
insert into Has_skill values ( 248 , 786, 0);
insert into Skill values ( 786 , 'Advertising');
insert into Has_skill values ( 248 , 353, 0);
insert into Skill values ( 353 , 'Project Management');
insert into Has_skill values ( 248 , 1750, 0);
insert into Skill values ( 1750 , 'Concept Generation');
insert into Has_skill values ( 248 , 1751, 0);
insert into Skill values ( 1751 , 'Usability Testing');
insert into Has_skill values ( 248 , 489, 0);
insert into Skill values ( 489 , 'Forecasting');
insert into Has_skill values ( 248 , 785, 0);
insert into Skill values ( 785 , 'Web Marketing');
insert into Has_skill values ( 248 , 316, 0);
insert into Skill values ( 316 , 'Research');
insert into Has_skill values ( 248 , 1752, 0);
insert into Skill values ( 1752 , 'Competitive Intelligence');
insert into Has_skill values ( 248 , 1740, 0);
insert into Skill values ( 1740 , 'Segmentation');
insert into Has_skill values ( 248 , 384, 0);
insert into Skill values ( 384 , 'Competitive Analysis');
insert into Has_skill values ( 248 , 477, 0);
insert into Skill values ( 477 , 'Market Research');
insert into Has_skill values ( 248 , 475, 0);
insert into Skill values ( 475 , 'Market Analysis');
insert into Has_skill values ( 248 , 760, 0);
insert into Skill values ( 760 , 'Marketing Research');
insert into Has_skill values ( 248 , 380, 0);
insert into Skill values ( 380 , 'Analytics');
insert into Has_skill values ( 248 , 495, 0);
insert into Skill values ( 495 , 'Marketing Strategy');
insert into Has_skill values ( 248 , 1747, 0);
insert into Skill values ( 1747 , 'Customer Insight');
insert into Has_skill values ( 248 , 470, 0);
insert into Skill values ( 470 , 'Marketing Management');
insert into Has_skill values ( 248 , 468, 0);
insert into Skill values ( 468 , 'Market Planning');
insert into Has_skill values ( 248 , 485, 0);
insert into Skill values ( 485 , 'Brand Management');

insert into User values ( 249 , 'Michael' , 'Betker', 500, 0, 'Marketing and Advertising');
insert into Education values ( 249 , 385 , 251 , 'BA', '1986 – 1990', '1986 – 1990');
insert into University values ( 385 , 'University of Wisconsin-Madison');
insert into Education values ( 249 , 386 , 261 , 'MS', '1997 – 2001', '1997 – 2001');
insert into University values ( 386 , 'University of Wisconsin-Whitewater');
insert into Has_skill values ( 249 , 1753, 0);
insert into Skill values ( 1753 , 'Spokesperson');
insert into Has_skill values ( 249 , 1211, 0);
insert into Skill values ( 1211 , 'Channel Partners');
insert into Has_skill values ( 249 , 378, 0);
insert into Skill values ( 378 , 'Cross-functional Team...');
insert into Has_skill values ( 249 , 492, 0);
insert into Skill values ( 492 , 'Product Marketing');
insert into Has_skill values ( 249 , 470, 0);
insert into Skill values ( 470 , 'Marketing Management');
insert into Has_skill values ( 249 , 495, 0);
insert into Skill values ( 495 , 'Marketing Strategy');
insert into Has_skill values ( 249 , 892, 0);
insert into Skill values ( 892 , 'Product Launch');
insert into Has_skill values ( 249 , 1712, 0);
insert into Skill values ( 1712 , 'Marketing Communications');
insert into Has_skill values ( 249 , 468, 0);
insert into Skill values ( 468 , 'Market Planning');
insert into Has_skill values ( 249 , 377, 0);
insert into Skill values ( 377 , 'Product Management');
insert into Has_skill values ( 249 , 384, 0);
insert into Skill values ( 384 , 'Competitive Analysis');
insert into Has_skill values ( 249 , 477, 0);
insert into Skill values ( 477 , 'Market Research');
insert into Has_skill values ( 249 , 485, 0);
insert into Skill values ( 485 , 'Brand Management');
insert into Has_skill values ( 249 , 1049, 0);
insert into Skill values ( 1049 , 'B2B');
insert into Has_skill values ( 249 , 748, 0);
insert into Skill values ( 748 , 'Integrated Marketing');
insert into Has_skill values ( 249 , 1754, 0);
insert into Skill values ( 1754 , 'Branding Experience');
insert into Has_skill values ( 249 , 352, 0);
insert into Skill values ( 352 , 'Marketing');
insert into Has_skill values ( 249 , 1755, 0);
insert into Skill values ( 1755 , 'Trade Shows');
insert into Has_skill values ( 249 , 417, 0);
insert into Skill values ( 417 , 'Management');
insert into Has_skill values ( 249 , 469, 0);
insert into Skill values ( 469 , 'Sales Operations');
insert into Has_skill values ( 249 , 423, 0);
insert into Skill values ( 423 , 'Leadership');
insert into Has_skill values ( 249 , 494, 0);
insert into Skill values ( 494 , 'Strategy');
insert into Has_skill values ( 249 , 1048, 0);
insert into Skill values ( 1048 , 'Pricing');
insert into Has_skill values ( 249 , 787, 0);
insert into Skill values ( 787 , 'Lead Generation');
insert into Has_skill values ( 249 , 473, 0);
insert into Skill values ( 473 , 'Selling');
insert into Has_skill values ( 249 , 424, 0);
insert into Skill values ( 424 , 'Budgets');
insert into Has_skill values ( 249 , 381, 0);
insert into Skill values ( 381 , 'Strategic Planning');
insert into Has_skill values ( 249 , 376, 0);
insert into Skill values ( 376 , 'Program Management');
insert into Has_skill values ( 249 , 1756, 0);
insert into Skill values ( 1756 , 'Creative Direction');
insert into Has_skill values ( 249 , 765, 0);
insert into Skill values ( 765 , 'Copywriting');
insert into Has_skill values ( 249 , 764, 0);
insert into Skill values ( 764 , 'Public Relations');
insert into Has_skill values ( 249 , 1757, 0);
insert into Skill values ( 1757 , 'Media Relations');
insert into Has_skill values ( 249 , 1740, 0);
insert into Skill values ( 1740 , 'Segmentation');
insert into Has_skill values ( 249 , 466, 0);
insert into Skill values ( 466 , 'Sales');
insert into Member_of values ( 249 , 646);
insert into Groups values ( 646 , 'eMarketing Association Network', 0);
insert into Member_of values ( 249 , 1612);
insert into Groups values ( 1612 , 'Brand Management', 0);
insert into Member_of values ( 249 , 1605);
insert into Groups values ( 1605 , 'Chief Marketing Officer (CMO) Network - #1 Group for CMOs', 0);
insert into Member_of values ( 249 , 1613);
insert into Groups values ( 1613 , 'Brand & Communications Management', 0);
insert into Member_of values ( 249 , 1614);
insert into Groups values ( 1614 , 'The Marketing Research & Insights Group | Powered by Quirks', 0);
insert into Member_of values ( 249 , 1615);
insert into Groups values ( 1615 , 'Grow Brands Focus Group', 0);
insert into Member_of values ( 249 , 1536);
insert into Groups values ( 1536 , 'FUEL Milwaukee', 0);
insert into Member_of values ( 249 , 1616);
insert into Groups values ( 1616 , 'Learn How to Get Hired Fast with SIGNAL feature on LI Job Search Career', 0);
insert into Member_of values ( 249 , 1617);
insert into Groups values ( 1617 , 'Executive Suite', 0);
insert into Member_of values ( 249 , 1618);
insert into Groups values ( 1618 , 'Future Trends', 0);
insert into Member_of values ( 249 , 1619);
insert into Groups values ( 1619 , 'Marketing Innovation; Digital, Social, Mobile, Customer, Planning & Analysis', 0);
insert into Member_of values ( 249 , 1620);
insert into Groups values ( 1620 , 'HSBC Global Connections | US', 0);
insert into Member_of values ( 249 , 1621);
insert into Groups values ( 1621 , 'DIY,RV,Outdoor Generator', 0);
insert into Member_of values ( 249 , 1622);
insert into Groups values ( 1622 , 'Sticky Branding', 0);
insert into Member_of values ( 249 , 1623);
insert into Groups values ( 1623 , 'Brand Managers Network', 0);
insert into Member_of values ( 249 , 1611);
insert into Groups values ( 1611 , 'CONSUMER GOODS & RETAIL PROFESSIONALS', 0);
insert into Member_of values ( 249 , 1540);
insert into Groups values ( 1540 , 'OPE Group', 0);
insert into Member_of values ( 249 , 1501);
insert into Groups values ( 1501 , 'Generac Home Standby Generators', 0);
insert into Member_of values ( 249 , 1624);
insert into Groups values ( 1624 , 'American Marketing Association - Milwaukee Chapter', 0);
insert into Member_of values ( 249 , 1625);
insert into Groups values ( 1625 , 'OPEI - Business Development & Product Design Professionals', 0);
insert into Employer values ( 1282 , 'Rogue Notion');
insert into Experience values ( 249 , 1282, '2014-01-01', '');
insert into Employer values ( 1238 , 'Generac Power Systems');
insert into Experience values ( 249 , 1238, '2012-11-01', '2014-01-01');
insert into Employer values ( 1283 , 'Pentair Water');
insert into Experience values ( 249 , 1283, '2010-04-01', '2012-11-02');
insert into Employer values ( 1284 , 'Briggs & Stratton');
insert into Experience values ( 249 , 1284, '2001-04-01', '2010-03-09');
insert into Employer values ( 1238 , 'Generac Power Systems');
insert into Experience values ( 249 , 1238, '1997-01-01', '');

insert into User values ( 250 , 'Steve' , 'DeAngelis', 478, 0, 'Consumer Goods');
insert into Education values ( 250 , 387 , 243 , 'MBA', '2007 – 2009', '2007 – 2009');
insert into University values ( 387 , 'University of Wisconsin-Milwaukee - School of Business Administration');
insert into Education values ( 250 , 388 , 251 , 'BA', '1986 – 1990', '1986 – 1990');
insert into University values ( 388 , 'University of Wisconsin-Parkside');
insert into Has_skill values ( 250 , 352, 0);
insert into Skill values ( 352 , 'Marketing');
insert into Has_skill values ( 250 , 492, 0);
insert into Skill values ( 492 , 'Product Marketing');
insert into Has_skill values ( 250 , 384, 0);
insert into Skill values ( 384 , 'Competitive Analysis');
insert into Has_skill values ( 250 , 377, 0);
insert into Skill values ( 377 , 'Product Management');
insert into Has_skill values ( 250 , 892, 0);
insert into Skill values ( 892 , 'Product Launch');
insert into Has_skill values ( 250 , 382, 0);
insert into Skill values ( 382 , 'Product Development');
insert into Has_skill values ( 250 , 378, 0);
insert into Skill values ( 378 , 'Cross-functional Team...');
insert into Has_skill values ( 250 , 495, 0);
insert into Skill values ( 495 , 'Marketing Strategy');
insert into Has_skill values ( 250 , 740, 0);
insert into Skill values ( 740 , 'Strategic Partnerships');
insert into Has_skill values ( 250 , 485, 0);
insert into Skill values ( 485 , 'Brand Management');
insert into Has_skill values ( 250 , 755, 0);
insert into Skill values ( 755 , 'Brand Development');
insert into Has_skill values ( 250 , 1736, 0);
insert into Skill values ( 1736 , 'Consumer Products');
insert into Has_skill values ( 250 , 1048, 0);
insert into Skill values ( 1048 , 'Pricing');
insert into Has_skill values ( 250 , 417, 0);
insert into Skill values ( 417 , 'Management');
insert into Has_skill values ( 250 , 469, 0);
insert into Skill values ( 469 , 'Sales Operations');
insert into Has_skill values ( 250 , 760, 0);
insert into Skill values ( 760 , 'Marketing Research');
insert into Has_skill values ( 250 , 1740, 0);
insert into Skill values ( 1740 , 'Segmentation');
insert into Has_skill values ( 250 , 1712, 0);
insert into Skill values ( 1712 , 'Marketing Communications');
insert into Has_skill values ( 250 , 494, 0);
insert into Skill values ( 494 , 'Strategy');
insert into Has_skill values ( 250 , 491, 0);
insert into Skill values ( 491 , 'Business Planning');
insert into Has_skill values ( 250 , 773, 0);
insert into Skill values ( 773 , 'Multi-channel Marketing');
insert into Has_skill values ( 250 , 423, 0);
insert into Skill values ( 423 , 'Leadership');
insert into Has_skill values ( 250 , 381, 0);
insert into Skill values ( 381 , 'Strategic Planning');
insert into Has_skill values ( 250 , 822, 0);
insert into Skill values ( 822 , 'Manufacturing');
insert into Has_skill values ( 250 , 466, 0);
insert into Skill values ( 466 , 'Sales');
insert into Has_skill values ( 250 , 476, 0);
insert into Skill values ( 476 , 'Merchandising');
insert into Has_skill values ( 250 , 347, 0);
insert into Skill values ( 347 , 'Business Strategy');
insert into Has_skill values ( 250 , 465, 0);
insert into Skill values ( 465 , 'Retail');
insert into Member_of values ( 250 , 1626);
insert into Groups values ( 1626 , 'Robert Bosch Power Tools', 0);
insert into Member_of values ( 250 , 1627);
insert into Groups values ( 1627 , 'Industrial Design', 0);
insert into Member_of values ( 250 , 1628);
insert into Groups values ( 1628 , 'Indian Motorcycle', 0);
insert into Member_of values ( 250 , 1629);
insert into Groups values ( 1629 , 'Growth and Innovation Roundtable', 0);
insert into Member_of values ( 250 , 1630);
insert into Groups values ( 1630 , 'Sheldon B. Lubar School of Business Alumni Chapter', 0);
insert into Member_of values ( 250 , 1631);
insert into Groups values ( 1631 , 'product manager/product development', 0);
insert into Employer values ( 1285 , 'Rexnord');
insert into Experience values ( 250 , 1285, '2014-01-01', '');
insert into Employer values ( 1286 , 'Pentair');
insert into Experience values ( 250 , 1286, '2011-01-01', '');
insert into Employer values ( 1286 , 'Pentair');
insert into Experience values ( 250 , 1286, '2010-01-01', '');
insert into Employer values ( 1284 , 'Briggs & Stratton');
insert into Experience values ( 250 , 1284, '2008-01-01', '');
insert into Employer values ( 1284 , 'Briggs & Stratton');
insert into Experience values ( 250 , 1284, '2004-01-01', '');
insert into Employer values ( 1284 , 'Briggs & Stratton');
insert into Experience values ( 250 , 1284, '2002-01-01', '');
insert into Employer values ( 1284 , 'Briggs & Stratton');
insert into Experience values ( 250 , 1284, '2001-01-01', '');
insert into Employer values ( 1275 , 'Robert Bosch Tool Corporation');
insert into Experience values ( 250 , 1275, '1998-01-01', '');
insert into Employer values ( 1287 , 'American Tool Companies');
insert into Experience values ( 250 , 1287, '1995-01-01', '');
insert into Employer values ( 1275 , 'Robert Bosch Tool Corporation');
insert into Experience values ( 250 , 1275, '1991-01-01', '');

insert into User values ( 251 , 'Chris' , 'Charland', 300, 0, 'Consumer Goods');
insert into Education values ( 251 , 386 , 206 , 'BBA', '', '');
insert into University values ( 386 , 'University of Wisconsin-Whitewater');
insert into Education values ( 251 , 386 , 243 , 'MBA', '', '');
insert into University values ( 386 , 'University of Wisconsin-Whitewater');
insert into Has_skill values ( 251 , 382, 0);
insert into Skill values ( 382 , 'Product Development');
insert into Has_skill values ( 251 , 378, 0);
insert into Skill values ( 378 , 'Cross-functional Team...');
insert into Has_skill values ( 251 , 377, 0);
insert into Skill values ( 377 , 'Product Management');
insert into Has_skill values ( 251 , 492, 0);
insert into Skill values ( 492 , 'Product Marketing');
insert into Has_skill values ( 251 , 822, 0);
insert into Skill values ( 822 , 'Manufacturing');
insert into Has_skill values ( 251 , 1722, 0);
insert into Skill values ( 1722 , 'Global Sourcing');
insert into Has_skill values ( 251 , 828, 0);
insert into Skill values ( 828 , 'Supply Chain Management');
insert into Has_skill values ( 251 , 892, 0);
insert into Skill values ( 892 , 'Product Launch');
insert into Has_skill values ( 251 , 477, 0);
insert into Skill values ( 477 , 'Market Research');
insert into Has_skill values ( 251 , 1379, 0);
insert into Skill values ( 1379 , 'Product Design');
insert into Has_skill values ( 251 , 381, 0);
insert into Skill values ( 381 , 'Strategic Planning');
insert into Has_skill values ( 251 , 673, 0);
insert into Skill values ( 673 , 'New Business Development');
insert into Has_skill values ( 251 , 1758, 0);
insert into Skill values ( 1758 , 'P&L Accountability');
insert into Has_skill values ( 251 , 1737, 0);
insert into Skill values ( 1737 , 'P&L Responsibility');
insert into Has_skill values ( 251 , 771, 0);
insert into Skill values ( 771 , 'Multi-channel Retail');
insert into Has_skill values ( 251 , 1759, 0);
insert into Skill values ( 1759 , 'Channel Strategy...');
insert into Has_skill values ( 251 , 491, 0);
insert into Skill values ( 491 , 'Business Planning');
insert into Has_skill values ( 251 , 469, 0);
insert into Skill values ( 469 , 'Sales Operations');
insert into Has_skill values ( 251 , 1048, 0);
insert into Skill values ( 1048 , 'Pricing');
insert into Has_skill values ( 251 , 1378, 0);
insert into Skill values ( 1378 , 'Purchasing');
insert into Has_skill values ( 251 , 480, 0);
insert into Skill values ( 480 , 'Sales Management');
insert into Has_skill values ( 251 , 423, 0);
insert into Skill values ( 423 , 'Leadership');
insert into Has_skill values ( 251 , 353, 0);
insert into Skill values ( 353 , 'Project Management');
insert into Has_skill values ( 251 , 1760, 0);
insert into Skill values ( 1760 , 'P&L');
insert into Has_skill values ( 251 , 772, 0);
insert into Skill values ( 772 , 'P&L Management');
insert into Member_of values ( 251 , 1632);
insert into Groups values ( 1632 , '280 Group: Product Management & Product Marketing', 0);
insert into Member_of values ( 251 , 1633);
insert into Groups values ( 1633 , 'Creative Product Managers', 0);
insert into Member_of values ( 251 , 1634);
insert into Groups values ( 1634 , 'PDMA Wisconsin Chapter - Product Development and Management Association', 0);
insert into Member_of values ( 251 , 1625);
insert into Groups values ( 1625 , 'OPEI - Business Development & Product Design Professionals', 0);
insert into Member_of values ( 251 , 1635);
insert into Groups values ( 1635 , 'UW-Whitewater Business School Alumni', 0);
insert into Member_of values ( 251 , 1631);
insert into Groups values ( 1631 , 'product manager/product development', 0);
insert into Member_of values ( 251 , 1612);
insert into Groups values ( 1612 , 'Brand Management', 0);
insert into Member_of values ( 251 , 1536);
insert into Groups values ( 1536 , 'FUEL Milwaukee', 0);
insert into Member_of values ( 251 , 1636);
insert into Groups values ( 1636 , 'New Product Development, Innovation and Growth', 0);
insert into Member_of values ( 251 , 1540);
insert into Groups values ( 1540 , 'OPE Group', 0);
insert into Member_of values ( 251 , 1637);
insert into Groups values ( 1637 , 'UW-Whitewater Business Alumni Group', 0);
insert into Member_of values ( 251 , 1638);
insert into Groups values ( 1638 , 'UW-Whitewater Alumni', 0);
insert into Member_of values ( 251 , 1639);
insert into Groups values ( 1639 , 'Golden Books Alumni Professional Group', 0);
insert into Employer values ( 1286 , 'Pentair');
insert into Experience values ( 251 , 1286, '2012-09-01', '2014-12-15');
insert into Employer values ( 1288 , 'Fiskars Brands');
insert into Experience values ( 251 , 1288, '2012-01-01', '2012-09-09');
insert into Employer values ( 1288 , 'Fiskars Brands');
insert into Experience values ( 251 , 1288, '2010-03-01', '2012-01-01');
insert into Employer values ( 1289 , 'Briggs and Stratton - Home Power Products Group');
insert into Experience values ( 251 , 1289, '2008-03-01', '2010-02-02');
insert into Employer values ( 1289 , 'Briggs and Stratton - Home Power Products Group');
insert into Experience values ( 251 , 1289, '2002-08-01', '2008-03-05');
insert into Employer values ( 1284 , 'Briggs & Stratton');
insert into Experience values ( 251 , 1284, '2001-06-01', '2002-08-01');
insert into Employer values ( 1284 , 'Briggs & Stratton');
insert into Experience values ( 251 , 1284, '2000-03-01', '2001-06-01');
insert into Employer values ( 1290 , 'Generac Portable Products, LLC');
insert into Experience values ( 251 , 1290, '1998-07-01', '2000-03-01');
insert into Employer values ( 1238 , 'Generac Power Systems');
insert into Experience values ( 251 , 1238, '1996-04-01', '1998-07-02');
insert into Employer values ( 1291 , 'Western Publishing');
insert into Experience values ( 251 , 1291, '1993-01-01', '');

insert into User values ( 252 , 'David' , 'Milner', 500, 0, 'Consumer Goods');
insert into Education values ( 252 , 389 , 304 , 'Bachelor of Science', '1980 – 1984', '1980 – 1984');
insert into University values ( 389 , 'University of Illinois at Urbana-Champaign - College of Business');
insert into Education values ( 252 , 390 , 202 , '', '', '');
insert into University values ( 390 , 'Dale Carnegie');
insert into Has_skill values ( 252 , 480, 0);
insert into Skill values ( 480 , 'Sales Management');
insert into Has_skill values ( 252 , 771, 0);
insert into Skill values ( 771 , 'Multi-channel Retail');
insert into Has_skill values ( 252 , 382, 0);
insert into Skill values ( 382 , 'Product Development');
insert into Has_skill values ( 252 , 778, 0);
insert into Skill values ( 778 , 'Change Management');
insert into Has_skill values ( 252 , 1761, 0);
insert into Skill values ( 1761 , 'Talent Development');
insert into Has_skill values ( 252 , 775, 0);
insert into Skill values ( 775 , 'Team Building');
insert into Has_skill values ( 252 , 1762, 0);
insert into Skill values ( 1762 , 'Profit & Loss Management');
insert into Has_skill values ( 252 , 755, 0);
insert into Skill values ( 755 , 'Brand Development');
insert into Has_skill values ( 252 , 476, 0);
insert into Skill values ( 476 , 'Merchandising');
insert into Has_skill values ( 252 , 1763, 0);
insert into Skill values ( 1763 , 'Income Statement');
insert into Has_skill values ( 252 , 417, 0);
insert into Skill values ( 417 , 'Management');
insert into Has_skill values ( 252 , 465, 0);
insert into Skill values ( 465 , 'Retail');
insert into Has_skill values ( 252 , 1658, 0);
insert into Skill values ( 1658 , 'Talent Management');
insert into Has_skill values ( 252 , 673, 0);
insert into Skill values ( 673 , 'New Business Development');
insert into Has_skill values ( 252 , 469, 0);
insert into Skill values ( 469 , 'Sales Operations');
insert into Has_skill values ( 252 , 495, 0);
insert into Skill values ( 495 , 'Marketing Strategy');
insert into Has_skill values ( 252 , 488, 0);
insert into Skill values ( 488 , 'Inventory Management');
insert into Has_skill values ( 252 , 466, 0);
insert into Skill values ( 466 , 'Sales');
insert into Has_skill values ( 252 , 1048, 0);
insert into Skill values ( 1048 , 'Pricing');
insert into Has_skill values ( 252 , 377, 0);
insert into Skill values ( 377 , 'Product Management');
insert into Has_skill values ( 252 , 352, 0);
insert into Skill values ( 352 , 'Marketing');
insert into Has_skill values ( 252 , 772, 0);
insert into Skill values ( 772 , 'P&L Management');
insert into Has_skill values ( 252 , 485, 0);
insert into Skill values ( 485 , 'Brand Management');
insert into Has_skill values ( 252 , 423, 0);
insert into Skill values ( 423 , 'Leadership');
insert into Has_skill values ( 252 , 650, 0);
insert into Skill values ( 650 , 'Negotiation');
insert into Has_skill values ( 252 , 430, 0);
insert into Skill values ( 430 , 'Team Leadership');
insert into Has_skill values ( 252 , 463, 0);
insert into Skill values ( 463 , 'Customer Satisfaction');
insert into Has_skill values ( 252 , 1712, 0);
insert into Skill values ( 1712 , 'Marketing Communications');
insert into Has_skill values ( 252 , 424, 0);
insert into Skill values ( 424 , 'Budgets');
insert into Has_skill values ( 252 , 1764, 0);
insert into Skill values ( 1764 , 'Profit');
insert into Has_skill values ( 252 , 378, 0);
insert into Skill values ( 378 , 'Cross-functional Team...');
insert into Has_skill values ( 252 , 492, 0);
insert into Skill values ( 492 , 'Product Marketing');
insert into Has_skill values ( 252 , 786, 0);
insert into Skill values ( 786 , 'Advertising');
insert into Has_skill values ( 252 , 384, 0);
insert into Skill values ( 384 , 'Competitive Analysis');
insert into Has_skill values ( 252 , 1210, 0);
insert into Skill values ( 1210 , 'International Sales');
insert into Has_skill values ( 252 , 489, 0);
insert into Skill values ( 489 , 'Forecasting');
insert into Has_skill values ( 252 , 1760, 0);
insert into Skill values ( 1760 , 'P&L');
insert into Has_skill values ( 252 , 739, 0);
insert into Skill values ( 739 , 'Online Advertising');
insert into Has_skill values ( 252 , 1049, 0);
insert into Skill values ( 1049 , 'B2B');
insert into Has_skill values ( 252 , 381, 0);
insert into Skill values ( 381 , 'Strategic Planning');
insert into Has_skill values ( 252 , 494, 0);
insert into Skill values ( 494 , 'Strategy');
insert into Member_of values ( 252 , 1640);
insert into Groups values ( 1640 , 'WaterPros', 0);
insert into Member_of values ( 252 , 1641);
insert into Groups values ( 1641 , 'Retail Industry Professionals Group', 0);
insert into Member_of values ( 252 , 1642);
insert into Groups values ( 1642 , 'Sears Holdings', 0);
insert into Member_of values ( 252 , 1617);
insert into Groups values ( 1617 , 'Executive Suite', 0);
insert into Member_of values ( 252 , 1643);
insert into Groups values ( 1643 , 'International Water and Wastewater Group', 0);
insert into Member_of values ( 252 , 1644);
insert into Groups values ( 1644 , 'U of I - PKT', 0);
insert into Member_of values ( 252 , 1645);
insert into Groups values ( 1645 , 'Netshare Retail Forum', 0);
insert into Member_of values ( 252 , 1646);
insert into Groups values ( 1646 , 'Leader Development Program', 0);
insert into Member_of values ( 252 , 1647);
insert into Groups values ( 1647 , 'Netshare Sales & Marketing Forum', 0);
insert into Member_of values ( 252 , 1648);
insert into Groups values ( 1648 , 'Global Filtration Professionals', 0);
insert into Member_of values ( 252 , 1005);
insert into Groups values ( 1005 , 'Sales Management Executives', 0);
insert into Employer values ( 1286 , 'Pentair');
insert into Experience values ( 252 , 1286, '2013-03-01', '2014-12-10');
insert into Employer values ( 1292 , 'Pentair, Inc.');
insert into Experience values ( 252 , 1292, '2012-01-01', '2013-03-01');
insert into Employer values ( 1284 , 'Briggs & Stratton');
insert into Experience values ( 252 , 1284, '2007-10-01', '2011-10-04');
insert into Employer values ( 1293 , 'Sears Holdings Corporation');
insert into Experience values ( 252 , 1293, '2006-03-01', '2007-11-01');
insert into Employer values ( 1293 , 'Sears Holdings Corporation');
insert into Experience values ( 252 , 1293, '2004-08-01', '2006-03-01');
insert into Employer values ( 1293 , 'Sears Holdings Corporation');
insert into Experience values ( 252 , 1293, '2003-05-01', '2004-08-01');
insert into Employer values ( 1293 , 'Sears Holdings Corporation');
insert into Experience values ( 252 , 1293, '2000-01-01', '2003-05-03');
insert into Employer values ( 1293 , 'Sears Holdings Corporation');
insert into Experience values ( 252 , 1293, '1998-08-01', '2000-01-01');
insert into Employer values ( 1293 , 'Sears Holdings Corporation');
insert into Experience values ( 252 , 1293, '1996-04-01', '1998-08-02');
insert into Employer values ( 1293 , 'Sears Holdings Corporation');
insert into Experience values ( 252 , 1293, '1988-02-01', '1996-04-08');

insert into User values ( 253 , 'Dave' , 'Huml', 500, 0, 'Electrical/Electronic Manufacturing');
insert into Education values ( 253 , 391 , 243 , 'MBA', '2001 – 2004', '2001 – 2004');
insert into University values ( 391 , 'University of Minnesota - Carlson School of Management');
insert into Education values ( 253 , 392 , 220 , 'Bachelor of Arts (B.A.)', '1987 – 1991', '1987 – 1991');
insert into University values ( 392 , 'Wittenberg University');
insert into Has_skill values ( 253 , 382, 0);
insert into Skill values ( 382 , 'Product Development');
insert into Has_skill values ( 253 , 492, 0);
insert into Skill values ( 492 , 'Product Marketing');
insert into Has_skill values ( 253 , 378, 0);
insert into Skill values ( 378 , 'Cross-functional Team...');
insert into Has_skill values ( 253 , 377, 0);
insert into Skill values ( 377 , 'Product Management');
insert into Has_skill values ( 253 , 384, 0);
insert into Skill values ( 384 , 'Competitive Analysis');
insert into Has_skill values ( 253 , 673, 0);
insert into Skill values ( 673 , 'New Business Development');
insert into Has_skill values ( 253 , 892, 0);
insert into Skill values ( 892 , 'Product Launch');
insert into Has_skill values ( 253 , 495, 0);
insert into Skill values ( 495 , 'Marketing Strategy');
insert into Has_skill values ( 253 , 381, 0);
insert into Skill values ( 381 , 'Strategic Planning');
insert into Has_skill values ( 253 , 475, 0);
insert into Skill values ( 475 , 'Market Analysis');
insert into Has_skill values ( 253 , 347, 0);
insert into Skill values ( 347 , 'Business Strategy');
insert into Has_skill values ( 253 , 541, 0);
insert into Skill values ( 541 , 'Process Improvement');
insert into Has_skill values ( 253 , 1745, 0);
insert into Skill values ( 1745 , 'Pricing Strategy');
insert into Has_skill values ( 253 , 480, 0);
insert into Skill values ( 480 , 'Sales Management');
insert into Has_skill values ( 253 , 470, 0);
insert into Skill values ( 470 , 'Marketing Management');
insert into Has_skill values ( 253 , 423, 0);
insert into Skill values ( 423 , 'Leadership');
insert into Has_skill values ( 253 , 772, 0);
insert into Skill values ( 772 , 'P&L Management');
insert into Has_skill values ( 253 , 467, 0);
insert into Skill values ( 467 , 'Key Account Management');
insert into Has_skill values ( 253 , 1048, 0);
insert into Skill values ( 1048 , 'Pricing');
insert into Has_skill values ( 253 , 485, 0);
insert into Skill values ( 485 , 'Brand Management');
insert into Has_skill values ( 253 , 468, 0);
insert into Skill values ( 468 , 'Market Planning');
insert into Has_skill values ( 253 , 518, 0);
insert into Skill values ( 518 , 'Six Sigma');
insert into Has_skill values ( 253 , 352, 0);
insert into Skill values ( 352 , 'Marketing');
insert into Has_skill values ( 253 , 494, 0);
insert into Skill values ( 494 , 'Strategy');
insert into Has_skill values ( 253 , 1049, 0);
insert into Skill values ( 1049 , 'B2B');
insert into Has_skill values ( 253 , 1210, 0);
insert into Skill values ( 1210 , 'International Sales');
insert into Has_skill values ( 253 , 666, 0);
insert into Skill values ( 666 , 'International Business');
insert into Has_skill values ( 253 , 489, 0);
insert into Skill values ( 489 , 'Forecasting');
insert into Has_skill values ( 253 , 469, 0);
insert into Skill values ( 469 , 'Sales Operations');
insert into Has_skill values ( 253 , 477, 0);
insert into Skill values ( 477 , 'Market Research');
insert into Has_skill values ( 253 , 379, 0);
insert into Skill values ( 379 , 'Business Development');
insert into Has_skill values ( 253 , 740, 0);
insert into Skill values ( 740 , 'Strategic Partnerships');
insert into Has_skill values ( 253 , 479, 0);
insert into Skill values ( 479 , 'Account Management');
insert into Has_skill values ( 253 , 491, 0);
insert into Skill values ( 491 , 'Business Planning');
insert into Has_skill values ( 253 , 1211, 0);
insert into Skill values ( 1211 , 'Channel Partners');
insert into Has_skill values ( 253 , 471, 0);
insert into Skill values ( 471 , 'CRM');
insert into Has_skill values ( 253 , 773, 0);
insert into Skill values ( 773 , 'Multi-channel Marketing');
insert into Has_skill values ( 253 , 760, 0);
insert into Skill values ( 760 , 'Marketing Research');
insert into Has_skill values ( 253 , 493, 0);
insert into Skill values ( 493 , 'Direct Sales');
insert into Has_skill values ( 253 , 1740, 0);
insert into Skill values ( 1740 , 'Segmentation');
insert into Has_skill values ( 253 , 1738, 0);
insert into Skill values ( 1738 , 'B2B Marketing');
insert into Member_of values ( 253 , 1649);
insert into Groups values ( 1649 , 'Wittenberg University Alumni', 0);
insert into Member_of values ( 253 , 1650);
insert into Groups values ( 1650 , 'WittBUS', 0);
insert into Member_of values ( 253 , 1605);
insert into Groups values ( 1605 , 'Chief Marketing Officer (CMO) Network - #1 Group for CMOs', 0);
insert into Member_of values ( 253 , 1651);
insert into Groups values ( 1651 , 'Carlson School of Management', 0);
insert into Member_of values ( 253 , 1652);
insert into Groups values ( 1652 , 'Woodridge Church - Five Sites', 0);
insert into Member_of values ( 253 , 1653);
insert into Groups values ( 1653 , 'B2B Technology Marketing Community', 0);
insert into Member_of values ( 253 , 1654);
insert into Groups values ( 1654 , 'Food & Agribusiness', 0);
insert into Member_of values ( 253 , 1655);
insert into Groups values ( 1655 , 'The Pump Network', 0);
insert into Employer values ( 1294 , 'Tennant Company');
insert into Experience values ( 253 , 1294, '2014-11-01', '2014-12-15');
insert into Employer values ( 1286 , 'Pentair');
insert into Experience values ( 253 , 1286, '2011-10-01', '2014-10-03');
insert into Employer values ( 1286 , 'Pentair');
insert into Experience values ( 253 , 1286, '2009-07-01', '2011-07-02');
insert into Employer values ( 1295 , 'Hoffman');
insert into Experience values ( 253 , 1295, '2006-01-01', '');
insert into Employer values ( 1296 , 'Graco Inc.');
insert into Experience values ( 253 , 1296, '1994-01-01', '');

insert into User values ( 254 , 'John' , 'Righini', 385, 0, 'Marketing and Advertising');
insert into Education values ( 254 , 128 , 243 , 'MBA', '1996 – 1998', '1996 – 1998');
insert into University values ( 128 , 'Indiana University - Kelley School of Business');
insert into Education values ( 254 , 393 , 360 , 'MA', '1989 – 1991', '1989 – 1991');
insert into University values ( 393 , 'The Johns Hopkins University - Paul H. Nitze School of Advanced International Studies (SAIS)');
insert into Education values ( 254 , 385 , 251 , 'BA', '1985 – 1989', '1985 – 1989');
insert into University values ( 385 , 'University of Wisconsin-Madison');
insert into Member_of values ( 254 , 1656);
insert into Groups values ( 1656 , 'Product Development & Management Association (PDMA) - Minnesota Chapter', 0);
insert into Member_of values ( 254 , 1657);
insert into Groups values ( 1657 , 'GE (General Electric)', 0);
insert into Member_of values ( 254 , 1658);
insert into Groups values ( 1658 , 'National W Club', 0);
insert into Member_of values ( 254 , 1659);
insert into Groups values ( 1659 , 'Amici di Bologna', 0);
insert into Member_of values ( 254 , 1660);
insert into Groups values ( 1660 , 'Old Wisco Rowers', 0);
insert into Member_of values ( 254 , 1661);
insert into Groups values ( 1661 , 'Wisconsin Rowing Alumni', 0);
insert into Member_of values ( 254 , 1662);
insert into Groups values ( 1662 , 'Paul H. Nitze School of Advanced International Studies (SAIS) - Johns Hopkins University', 0);
insert into Member_of values ( 254 , 1663);
insert into Groups values ( 1663 , 'JHU Alumni Association- Minnesota Chapter', 0);
insert into Employer values ( 1292 , 'Pentair, Inc.');
insert into Experience values ( 254 , 1292, '2010-11-01', '2014-12-15');
insert into Employer values ( 1297 , 'GE Capital');
insert into Experience values ( 254 , 1297, '2007-11-01', '2010-08-02');
insert into Employer values ( 1298 , 'GE Corporate');
insert into Experience values ( 254 , 1298, '2006-01-01', '2007-11-01');
insert into Employer values ( 1298 , 'GE Corporate');
insert into Experience values ( 254 , 1298, '2004-11-01', '2005-12-01');
insert into Employer values ( 1299 , 'Subaru of America');
insert into Experience values ( 254 , 1299, '2003-03-01', '2004-11-01');
insert into Employer values ( 1299 , 'Subaru of America');
insert into Experience values ( 254 , 1299, '2000-02-01', '2003-03-03');
insert into Employer values ( 1299 , 'Subaru of America');
insert into Experience values ( 254 , 1299, '1999-04-01', '2000-02-11');
insert into Employer values ( 1300 , 'PPG Industries');
insert into Experience values ( 254 , 1300, '1998-08-01', '1999-04-09');
insert into Employer values ( 1301 , 'LECG');
insert into Experience values ( 254 , 1301, '1993-09-01', '1995-10-02');
insert into Employer values ( 1302 , 'Law & Economics Consulting Group, Inc.');
insert into Experience values ( 254 , 1302, '1991-08-01', '1993-09-02');

insert into User values ( 255 , 'Netha' , 'Johnson', 444, 0, 'Environmental Services');
insert into Employer values ( 1286 , 'Pentair');
insert into Experience values ( 255 , 1286, '2013-01-01', '');

insert into User values ( 256 , 'Michael' , 'Conklin', 500, 0, 'Financial Services');

insert into User values ( 257 , 'Cina' , 'Harbinson', 256, 0, 'Human Resources');
insert into Education values ( 257 , 394 , 364 , 'Bachelors of Science', '1992 – 1996', '1992 – 1996');
insert into University values ( 394 , 'University of Minnesota-Twin Cities');
insert into Has_skill values ( 257 , 1765, 0);
insert into Skill values ( 1765 , 'Global Talent...');
insert into Has_skill values ( 257 , 1658, 0);
insert into Skill values ( 1658 , 'Talent Management');
insert into Has_skill values ( 257 , 1652, 0);
insert into Skill values ( 1652 , 'Recruiting');
insert into Has_skill values ( 257 , 1766, 0);
insert into Skill values ( 1766 , 'HR Transformation');
insert into Has_skill values ( 257 , 1208, 0);
insert into Skill values ( 1208 , 'Human Resources');
insert into Has_skill values ( 257 , 1125, 0);
insert into Skill values ( 1125 , 'Employee Relations');
insert into Has_skill values ( 257 , 1683, 0);
insert into Skill values ( 1683 , 'Succession Planning');
insert into Has_skill values ( 257 , 1681, 0);
insert into Skill values ( 1681 , 'Deferred Compensation');
insert into Has_skill values ( 257 , 1667, 0);
insert into Skill values ( 1667 , 'Onboarding');
insert into Has_skill values ( 257 , 1678, 0);
insert into Skill values ( 1678 , 'Organizational Design');
insert into Has_skill values ( 257 , 1676, 0);
insert into Skill values ( 1676 , 'HR Consulting');
insert into Has_skill values ( 257 , 1677, 0);
insert into Skill values ( 1677 , 'Performance Management');
insert into Has_skill values ( 257 , 541, 0);
insert into Skill values ( 541 , 'Process Improvement');
insert into Has_skill values ( 257 , 1650, 0);
insert into Skill values ( 1650 , 'Applicant Tracking...');
insert into Has_skill values ( 257 , 1674, 0);
insert into Skill values ( 1674 , 'HRIS');
insert into Has_skill values ( 257 , 1679, 0);
insert into Skill values ( 1679 , 'Employee Engagement');
insert into Has_skill values ( 257 , 419, 0);
insert into Skill values ( 419 , 'Training');
insert into Has_skill values ( 257 , 1013, 0);
insert into Skill values ( 1013 , 'Organizational...');
insert into Has_skill values ( 257 , 1685, 0);
insert into Skill values ( 1685 , 'HR Policies');
insert into Has_skill values ( 257 , 1680, 0);
insert into Skill values ( 1680 , 'Personnel Management');
insert into Has_skill values ( 257 , 423, 0);
insert into Skill values ( 423 , 'Leadership');
insert into Has_skill values ( 257 , 1647, 0);
insert into Skill values ( 1647 , 'Talent Acquisition');
insert into Has_skill values ( 257 , 1690, 0);
insert into Skill values ( 1690 , 'Labor Relations');
insert into Has_skill values ( 257 , 1675, 0);
insert into Skill values ( 1675 , 'Workforce Planning');
insert into Has_skill values ( 257 , 1709, 0);
insert into Skill values ( 1709 , 'Benefits Administration');
insert into Has_skill values ( 257 , 1684, 0);
insert into Skill values ( 1684 , 'Employee Benefits');
insert into Has_skill values ( 257 , 1707, 0);
insert into Skill values ( 1707 , 'New Hire Orientations');
insert into Has_skill values ( 257 , 1661, 0);
insert into Skill values ( 1661 , 'College Recruiting');
insert into Employer values ( 1303 , 'Ecolab');
insert into Experience values ( 257 , 1303, '2014-05-01', '2014-12-15');
insert into Employer values ( 1286 , 'Pentair');
insert into Experience values ( 257 , 1286, '2005-06-01', '2014-05-09');
insert into Employer values ( 1304 , 'Home Depot');
insert into Experience values ( 257 , 1304, '1997-11-01', '2005-06-07');

insert into User values ( 258 , 'Tess' , 'Ketelsen', 500, 0, 'Chemicals');
insert into Has_skill values ( 258 , 1658, 0);
insert into Skill values ( 1658 , 'Talent Management');
insert into Has_skill values ( 258 , 1662, 0);
insert into Skill values ( 1662 , 'Interviews');
insert into Has_skill values ( 258 , 1667, 0);
insert into Skill values ( 1667 , 'Onboarding');
insert into Has_skill values ( 258 , 376, 0);
insert into Skill values ( 376 , 'Program Management');
insert into Has_skill values ( 258 , 1646, 0);
insert into Skill values ( 1646 , 'Technical Recruiting');
insert into Has_skill values ( 258 , 1652, 0);
insert into Skill values ( 1652 , 'Recruiting');
insert into Has_skill values ( 258 , 1683, 0);
insert into Skill values ( 1683 , 'Succession Planning');
insert into Has_skill values ( 258 , 1647, 0);
insert into Skill values ( 1647 , 'Talent Acquisition');
insert into Has_skill values ( 258 , 423, 0);
insert into Skill values ( 423 , 'Leadership');
insert into Has_skill values ( 258 , 1208, 0);
insert into Skill values ( 1208 , 'Human Resources');
insert into Has_skill values ( 258 , 1125, 0);
insert into Skill values ( 1125 , 'Employee Relations');
insert into Has_skill values ( 258 , 1675, 0);
insert into Skill values ( 1675 , 'Workforce Planning');
insert into Has_skill values ( 258 , 1680, 0);
insert into Skill values ( 1680 , 'Personnel Management');
insert into Has_skill values ( 258 , 778, 0);
insert into Skill values ( 778 , 'Change Management');
insert into Has_skill values ( 258 , 1650, 0);
insert into Skill values ( 1650 , 'Applicant Tracking...');
insert into Has_skill values ( 258 , 1661, 0);
insert into Skill values ( 1661 , 'College Recruiting');
insert into Has_skill values ( 258 , 1679, 0);
insert into Skill values ( 1679 , 'Employee Engagement');
insert into Has_skill values ( 258 , 1674, 0);
insert into Skill values ( 1674 , 'HRIS');
insert into Has_skill values ( 258 , 378, 0);
insert into Skill values ( 378 , 'Cross-functional Team...');
insert into Has_skill values ( 258 , 419, 0);
insert into Skill values ( 419 , 'Training');
insert into Has_skill values ( 258 , 1677, 0);
insert into Skill values ( 1677 , 'Performance Management');
insert into Has_skill values ( 258 , 417, 0);
insert into Skill values ( 417 , 'Management');
insert into Has_skill values ( 258 , 541, 0);
insert into Skill values ( 541 , 'Process Improvement');
insert into Has_skill values ( 258 , 820, 0);
insert into Skill values ( 820 , 'Supply Chain');
insert into Has_skill values ( 258 , 900, 0);
insert into Skill values ( 900 , 'Leadership Development');
insert into Has_skill values ( 258 , 1376, 0);
insert into Skill values ( 1376 , 'Energy');
insert into Has_skill values ( 258 , 1595, 0);
insert into Skill values ( 1595 , 'Engineering');
insert into Has_skill values ( 258 , 381, 0);
insert into Skill values ( 381 , 'Strategic Planning');
insert into Has_skill values ( 258 , 416, 0);
insert into Skill values ( 416 , 'Fundraising');
insert into Has_skill values ( 258 , 1649, 0);
insert into Skill values ( 1649 , 'Sourcing');
insert into Has_skill values ( 258 , 466, 0);
insert into Skill values ( 466 , 'Sales');
insert into Has_skill values ( 258 , 901, 0);
insert into Skill values ( 901 , 'Coaching');
insert into Has_skill values ( 258 , 1052, 0);
insert into Skill values ( 1052 , 'Employee Training');
insert into Has_skill values ( 258 , 1702, 0);
insert into Skill values ( 1702 , 'Strategic Sourcing');
insert into Has_skill values ( 258 , 781, 0);
insert into Skill values ( 781 , 'Operations Management');

insert into User values ( 259 , 'Mary' , 'Kaul-Hottinger', 500, 0, 'Chemicals');
insert into Education values ( 259 , 395 , 258 , 'Bachelors', '1982 – 1986', '1982 – 1986');
insert into University values ( 395 , 'University of St. Thomas');
insert into Member_of values ( 259 , 1664);
insert into Groups values ( 1664 , 'Pillsbury Company Alumni', 0);
insert into Member_of values ( 259 , 1665);
insert into Groups values ( 1665 , 'University of St. Thomas Alumni Group ( St. Paul, Minnesota)', 0);
insert into Member_of values ( 259 , 1666);
insert into Groups values ( 1666 , 'General Mills Past, Current and Future Employees.', 0);
insert into Member_of values ( 259 , 1667);
insert into Groups values ( 1667 , 'When Work Works Twin Cities - Workplace Flexibility', 0);
insert into Member_of values ( 259 , 1668);
insert into Groups values ( 1668 , 'HR Executives - Restaurants & Hospitality', 0);
insert into Member_of values ( 259 , 1669);
insert into Groups values ( 1669 , 'HACER, An Ecolab Network', 0);
insert into Employer values ( 1303 , 'Ecolab');
insert into Experience values ( 259 , 1303, '', '');
insert into Employer values ( 1305 , 'General Mills');
insert into Experience values ( 259 , 1305, '2001-01-01', '');
insert into Employer values ( 1306 , 'The Pillsbury Company');
insert into Experience values ( 259 , 1306, '1994-01-01', '');

insert into User values ( 260 , 'Jason' , 'Grosz', 500, 0, 'Chemicals');
insert into Education values ( 260 , 394 , 365 , 'MA-HRIR', '2006', '2006');
insert into University values ( 394 , 'University of Minnesota-Twin Cities');
insert into Education values ( 260 , 394 , 366 , 'BSB', '1995 – 1999', '1995 – 1999');
insert into University values ( 394 , 'University of Minnesota-Twin Cities');
insert into Has_skill values ( 260 , 1767, 0);
insert into Skill values ( 1767 , 'ADP');
insert into Has_skill values ( 260 , 1768, 0);
insert into Skill values ( 1768 , 'MS Office Suite');
insert into Has_skill values ( 260 , 1769, 0);
insert into Skill values ( 1769 , 'BrassRing');
insert into Has_skill values ( 260 , 778, 0);
insert into Skill values ( 778 , 'Change Management');
insert into Has_skill values ( 260 , 1770, 0);
insert into Skill values ( 1770 , 'Business Continuity...');
insert into Has_skill values ( 260 , 1652, 0);
insert into Skill values ( 1652 , 'Recruiting');
insert into Has_skill values ( 260 , 1677, 0);
insert into Skill values ( 1677 , 'Performance Management');
insert into Has_skill values ( 260 , 1208, 0);
insert into Skill values ( 1208 , 'Human Resources');
insert into Has_skill values ( 260 , 1680, 0);
insert into Skill values ( 1680 , 'Personnel Management');
insert into Has_skill values ( 260 , 1660, 0);
insert into Skill values ( 1660 , 'Temporary Placement');
insert into Has_skill values ( 260 , 1771, 0);
insert into Skill values ( 1771 , 'Performance Appraisal');
insert into Has_skill values ( 260 , 1667, 0);
insert into Skill values ( 1667 , 'Onboarding');
insert into Has_skill values ( 260 , 1125, 0);
insert into Skill values ( 1125 , 'Employee Relations');
insert into Has_skill values ( 260 , 1681, 0);
insert into Skill values ( 1681 , 'Deferred Compensation');
insert into Has_skill values ( 260 , 1647, 0);
insert into Skill values ( 1647 , 'Talent Acquisition');
insert into Has_skill values ( 260 , 336, 0);
insert into Skill values ( 336 , 'Microsoft Office');
insert into Has_skill values ( 260 , 423, 0);
insert into Skill values ( 423 , 'Leadership');
insert into Has_skill values ( 260 , 417, 0);
insert into Skill values ( 417 , 'Management');
insert into Has_skill values ( 260 , 1665, 0);
insert into Skill values ( 1665 , 'Executive Search');
insert into Has_skill values ( 260 , 1649, 0);
insert into Skill values ( 1649 , 'Sourcing');
insert into Has_skill values ( 260 , 1651, 0);
insert into Skill values ( 1651 , 'Screening');
insert into Has_skill values ( 260 , 1650, 0);
insert into Skill values ( 1650 , 'Applicant Tracking...');
insert into Employer values ( 1303 , 'Ecolab');
insert into Experience values ( 260 , 1303, '2014-05-01', '2014-12-15');
insert into Employer values ( 1303 , 'Ecolab');
insert into Experience values ( 260 , 1303, '2014-01-01', '2014-05-05');
insert into Employer values ( 1303 , 'Ecolab');
insert into Experience values ( 260 , 1303, '2012-07-01', '2013-12-01');
insert into Employer values ( 1303 , 'Ecolab');
insert into Experience values ( 260 , 1303, '2008-09-01', '2012-07-03');
insert into Employer values ( 1303 , 'Ecolab');
insert into Experience values ( 260 , 1303, '2006-01-01', '2008-08-02');
insert into Employer values ( 1303 , 'Ecolab');
insert into Experience values ( 260 , 1303, '2004-08-01', '2006-01-01');
insert into Employer values ( 1307 , 'Kelly Services, Inc.');
insert into Experience values ( 260 , 1307, '2000-07-01', '2004-07-04');
insert into Employer values ( 1308 , 'Kelly Services');
insert into Experience values ( 260 , 1308, '1999-05-01', '2000-06-01');

insert into User values ( 261 , 'Terry' , 'Perreira', 500, 0, 'Chemicals');
insert into Has_skill values ( 261 , 1683, 0);
insert into Skill values ( 1683 , 'Succession Planning');
insert into Has_skill values ( 261 , 1125, 0);
insert into Skill values ( 1125 , 'Employee Relations');
insert into Has_skill values ( 261 , 1658, 0);
insert into Skill values ( 1658 , 'Talent Management');
insert into Has_skill values ( 261 , 1679, 0);
insert into Skill values ( 1679 , 'Employee Engagement');
insert into Has_skill values ( 261 , 1667, 0);
insert into Skill values ( 1667 , 'Onboarding');
insert into Has_skill values ( 261 , 1677, 0);
insert into Skill values ( 1677 , 'Performance Management');
insert into Has_skill values ( 261 , 1647, 0);
insert into Skill values ( 1647 , 'Talent Acquisition');

insert into User values ( 262 , 'April' , 'Rogers', 500, 0, 'Chemicals');
insert into Education values ( 262 , 396 , 203 , 'BS', '1988 – 1992', '1988 – 1992');
insert into University values ( 396 , 'High Point University');
insert into Education values ( 262 , 397 , 202 , '', '', '');
insert into University values ( 397 , 'Lake Zurich High School');
insert into Has_skill values ( 262 , 1683, 0);
insert into Skill values ( 1683 , 'Succession Planning');
insert into Has_skill values ( 262 , 1677, 0);
insert into Skill values ( 1677 , 'Performance Management');
insert into Has_skill values ( 262 , 1675, 0);
insert into Skill values ( 1675 , 'Workforce Planning');
insert into Has_skill values ( 262 , 1711, 0);
insert into Skill values ( 1711 , 'Conflict Resolution');
insert into Has_skill values ( 262 , 1125, 0);
insert into Skill values ( 1125 , 'Employee Relations');
insert into Has_skill values ( 262 , 778, 0);
insert into Skill values ( 778 , 'Change Management');
insert into Has_skill values ( 262 , 1652, 0);
insert into Skill values ( 1652 , 'Recruiting');
insert into Has_skill values ( 262 , 419, 0);
insert into Skill values ( 419 , 'Training');
insert into Has_skill values ( 262 , 417, 0);
insert into Skill values ( 417 , 'Management');
insert into Has_skill values ( 262 , 1658, 0);
insert into Skill values ( 1658 , 'Talent Management');
insert into Has_skill values ( 262 , 1674, 0);
insert into Skill values ( 1674 , 'HRIS');
insert into Has_skill values ( 262 , 1208, 0);
insert into Skill values ( 1208 , 'Human Resources');
insert into Has_skill values ( 262 , 423, 0);
insert into Skill values ( 423 , 'Leadership');
insert into Has_skill values ( 262 , 1662, 0);
insert into Skill values ( 1662 , 'Interviews');
insert into Has_skill values ( 262 , 1680, 0);
insert into Skill values ( 1680 , 'Personnel Management');
insert into Has_skill values ( 262 , 1772, 0);
insert into Skill values ( 1772 , 'Payroll');
insert into Has_skill values ( 262 , 900, 0);
insert into Skill values ( 900 , 'Leadership Development');
insert into Has_skill values ( 262 , 1667, 0);
insert into Skill values ( 1667 , 'Onboarding');
insert into Has_skill values ( 262 , 1773, 0);
insert into Skill values ( 1773 , 'FMLA');
insert into Has_skill values ( 262 , 1663, 0);
insert into Skill values ( 1663 , 'Hiring');
insert into Has_skill values ( 262 , 376, 0);
insert into Skill values ( 376 , 'Program Management');
insert into Has_skill values ( 262 , 1679, 0);
insert into Skill values ( 1679 , 'Employee Engagement');
insert into Has_skill values ( 262 , 1647, 0);
insert into Skill values ( 1647 , 'Talent Acquisition');
insert into Has_skill values ( 262 , 1707, 0);
insert into Skill values ( 1707 , 'New Hire Orientations');
insert into Has_skill values ( 262 , 1013, 0);
insert into Skill values ( 1013 , 'Organizational...');
insert into Has_skill values ( 262 , 1052, 0);
insert into Skill values ( 1052 , 'Employee Training');
insert into Has_skill values ( 262 , 1685, 0);
insert into Skill values ( 1685 , 'HR Policies');
insert into Has_skill values ( 262 , 1650, 0);
insert into Skill values ( 1650 , 'Applicant Tracking...');
insert into Has_skill values ( 262 , 1709, 0);
insert into Skill values ( 1709 , 'Benefits Administration');
insert into Has_skill values ( 262 , 369, 0);
insert into Skill values ( 369 , 'Mergers & Acquisitions');
insert into Has_skill values ( 262 , 424, 0);
insert into Skill values ( 424 , 'Budgets');
insert into Has_skill values ( 262 , 1774, 0);
insert into Skill values ( 1774 , 'Union Avoidance');
insert into Has_skill values ( 262 , 650, 0);
insert into Skill values ( 650 , 'Negotiation');
insert into Has_skill values ( 262 , 1684, 0);
insert into Skill values ( 1684 , 'Employee Benefits');
insert into Has_skill values ( 262 , 1690, 0);
insert into Skill values ( 1690 , 'Labor Relations');
insert into Has_skill values ( 262 , 1013, 0);
insert into Skill values ( 1013 , 'Organizational...');
insert into Has_skill values ( 262 , 1661, 0);
insert into Skill values ( 1661 , 'College Recruiting');
insert into Member_of values ( 262 , 1431);
insert into Groups values ( 1431 , 'VP OF HUMAN RESOURCES, DIRECTOR OF HUMAN RESOURCES, AND CHIEF PEOPLE OFFICER NETWORK (1000 Plus)', 0);
insert into Member_of values ( 262 , 1670);
insert into Groups values ( 1670 , 'Women in the Boardroom', 0);
insert into Member_of values ( 262 , 756);
insert into Groups values ( 756 , 'Linked:HR (#1 Human Resources Group)', 0);
insert into Member_of values ( 262 , 1671);
insert into Groups values ( 1671 , 'Licking County Human Resource Management Association', 0);
insert into Member_of values ( 262 , 1672);
insert into Groups values ( 1672 , 'Center for Creative Leadership', 0);
insert into Member_of values ( 262 , 1673);
insert into Groups values ( 1673 , 'Organization Development & Training (Sponsored by the Human Capital Institute)', 0);
insert into Member_of values ( 262 , 1674);
insert into Groups values ( 1674 , 'HR Professionals in CPG / Food / Beverage (for Human Resources people in Consumer Packaged Goods).', 0);
insert into Member_of values ( 262 , 1675);
insert into Groups values ( 1675 , 'Twin Cities Labor Relations Roundtable', 0);
insert into Member_of values ( 262 , 1676);
insert into Groups values ( 1676 , 'High Point University Alumni', 0);
insert into Member_of values ( 262 , 1677);
insert into Groups values ( 1677 , 'MSP HR (Human Resources) Minneapolis/St. Paul', 0);
insert into Member_of values ( 262 , 1678);
insert into Groups values ( 1678 , 'LaborUnionReport.com', 0);
insert into Member_of values ( 262 , 1679);
insert into Groups values ( 1679 , 'Human Capital Institute (HCI)', 0);
insert into Member_of values ( 262 , 1680);
insert into Groups values ( 1680 , 'Human Resource Professionals of Minnesota', 0);
insert into Member_of values ( 262 , 1681);
insert into Groups values ( 1681 , 'Tom Alumni Group', 0);
insert into Member_of values ( 262 , 1490);
insert into Groups values ( 1490 , 'SHRM (Society for Human Resource Management) Official Group', 0);
insert into Member_of values ( 262 , 1682);
insert into Groups values ( 1682 , 'Employment Law Forum', 0);
insert into Member_of values ( 262 , 1683);
insert into Groups values ( 1683 , 'Phi Mu Fraternity', 0);
insert into Member_of values ( 262 , 1684);
insert into Groups values ( 1684 , 'Twin Cities Human Resource Association (TCHRA)', 0);
insert into Member_of values ( 262 , 1685);
insert into Groups values ( 1685 , 'Lean Six Sigma', 0);
insert into Member_of values ( 262 , 1686);
insert into Groups values ( 1686 , 'Human Resources Professionals: THE "Unofficial" forum for SHRM Members', 0);
insert into Knows_language values ( 262 , 547);
insert into Languages values ( 547 , 'German (Basic)');
insert into Employer values ( 1303 , 'Ecolab');
insert into Experience values ( 262 , 1303, '2014-08-01', '2014-12-15');
insert into Employer values ( 1303 , 'Ecolab');
insert into Experience values ( 262 , 1303, '2013-04-01', '2014-08-01');
insert into Employer values ( 1303 , 'Ecolab');
insert into Experience values ( 262 , 1303, '2009-09-01', '2013-03-03');
insert into Employer values ( 1303 , 'Ecolab');
insert into Experience values ( 262 , 1303, '2007-08-01', '2009-08-02');
insert into Employer values ( 1309 , 'The GolfWorks wholly owned subsidiary of Dicks Sporting Goods');
insert into Experience values ( 262 , 1309, '2002-01-01', '');

insert into User values ( 263 , 'John' , 'T Tidd', 191, 0, 'Chemicals');
insert into Education values ( 263 , 398 , 367 , 'BS & MS', '1981 – 1988', '1981 – 1988');
insert into University values ( 398 , 'Louisiana State University');
insert into Has_skill values ( 263 , 1702, 0);
insert into Skill values ( 1702 , 'Strategic Sourcing');
insert into Has_skill values ( 263 , 820, 0);
insert into Skill values ( 820 , 'Supply Chain');
insert into Has_skill values ( 263 , 712, 0);
insert into Skill values ( 712 , 'Procurement');
insert into Has_skill values ( 263 , 423, 0);
insert into Skill values ( 423 , 'Leadership');
insert into Has_skill values ( 263 , 1775, 0);
insert into Skill values ( 1775 , 'Supply Management');
insert into Has_skill values ( 263 , 1722, 0);
insert into Skill values ( 1722 , 'Global Sourcing');
insert into Has_skill values ( 263 , 828, 0);
insert into Skill values ( 828 , 'Supply Chain Management');
insert into Has_skill values ( 263 , 378, 0);
insert into Skill values ( 378 , 'Cross-functional Team...');
insert into Has_skill values ( 263 , 489, 0);
insert into Skill values ( 489 , 'Forecasting');
insert into Has_skill values ( 263 , 382, 0);
insert into Skill values ( 382 , 'Product Development');
insert into Has_skill values ( 263 , 1776, 0);
insert into Skill values ( 1776 , 'Materials Management');
insert into Has_skill values ( 263 , 541, 0);
insert into Skill values ( 541 , 'Process Improvement');
insert into Has_skill values ( 263 , 518, 0);
insert into Skill values ( 518 , 'Six Sigma');
insert into Has_skill values ( 263 , 1048, 0);
insert into Skill values ( 1048 , 'Pricing');
insert into Has_skill values ( 263 , 1777, 0);
insert into Skill values ( 1777 , 'MRP');
insert into Employer values ( 1303 , 'Ecolab');
insert into Experience values ( 263 , 1303, '2001-01-01', '2014-12-13');
insert into Employer values ( 1310 , 'General Electric Plastics');
insert into Experience values ( 263 , 1310, '1999-01-01', '');
insert into Employer values ( 1311 , 'Afton Chemical');
insert into Experience values ( 263 , 1311, '1988-01-01', '');

insert into User values ( 264 , 'Jeff' , 'Knutson (Inactive CPA)', 500, 0, 'Chemicals');
insert into Has_skill values ( 264 , 1778, 0);
insert into Skill values ( 1778 , 'Shared Services');
insert into Has_skill values ( 264 , 375, 0);
insert into Skill values ( 375 , 'Accounting');
insert into Has_skill values ( 264 , 1779, 0);
insert into Skill values ( 1779 , 'Accounts Payable');
insert into Has_skill values ( 264 , 348, 0);
insert into Skill values ( 348 , 'Financial Analysis');
insert into Has_skill values ( 264 , 370, 0);
insert into Skill values ( 370 , 'Corporate Finance');
insert into Has_skill values ( 264 , 381, 0);
insert into Skill values ( 381 , 'Strategic Planning');
insert into Has_skill values ( 264 , 1739, 0);
insert into Skill values ( 1739 , 'Strategic Thinking');
insert into Has_skill values ( 264 , 414, 0);
insert into Skill values ( 414 , 'Financial Accounting');
insert into Has_skill values ( 264 , 412, 0);
insert into Skill values ( 412 , 'Financial Reporting');
insert into Has_skill values ( 264 , 541, 0);
insert into Skill values ( 541 , 'Process Improvement');
insert into Has_skill values ( 264 , 1716, 0);
insert into Skill values ( 1716 , 'Process Management');
insert into Has_skill values ( 264 , 518, 0);
insert into Skill values ( 518 , 'Six Sigma');
insert into Has_skill values ( 264 , 663, 0);
insert into Skill values ( 663 , 'Contract Negotiation');
insert into Has_skill values ( 264 , 1780, 0);
insert into Skill values ( 1780 , 'Strategic Negotiations');
insert into Has_skill values ( 264 , 1781, 0);
insert into Skill values ( 1781 , 'Functional Management');
insert into Has_skill values ( 264 , 740, 0);
insert into Skill values ( 740 , 'Strategic Partnerships');
insert into Has_skill values ( 264 , 1782, 0);
insert into Skill values ( 1782 , 'Coaching Staff');
insert into Has_skill values ( 264 , 1783, 0);
insert into Skill values ( 1783 , 'Training Delivery');
insert into Has_skill values ( 264 , 1603, 0);
insert into Skill values ( 1603 , 'SAP');
insert into Has_skill values ( 264 , 848, 0);
insert into Skill values ( 848 , 'Project Portfolio...');
insert into Has_skill values ( 264 , 1039, 0);
insert into Skill values ( 1039 , 'Program Development');
insert into Has_skill values ( 264 , 376, 0);
insert into Skill values ( 376 , 'Program Management');
insert into Has_skill values ( 264 , 353, 0);
insert into Skill values ( 353 , 'Project Management');
insert into Has_skill values ( 264 , 1784, 0);
insert into Skill values ( 1784 , 'Sarbanes-Oxley');
insert into Has_skill values ( 264 , 403, 0);
insert into Skill values ( 403 , 'Analysis');
insert into Has_skill values ( 264 , 423, 0);
insert into Skill values ( 423 , 'Leadership');
insert into Has_skill values ( 264 , 542, 0);
insert into Skill values ( 542 , 'Sarbanes-Oxley Act');
insert into Has_skill values ( 264 , 820, 0);
insert into Skill values ( 820 , 'Supply Chain');
insert into Has_skill values ( 264 , 712, 0);
insert into Skill values ( 712 , 'Procurement');
insert into Has_skill values ( 264 , 823, 0);
insert into Skill values ( 823 , 'Lean Manufacturing');
insert into Member_of values ( 264 , 1687);
insert into Groups values ( 1687 , 'Financial Shared Services', 0);
insert into Member_of values ( 264 , 1685);
insert into Groups values ( 1685 , 'Lean Six Sigma', 0);
insert into Member_of values ( 264 , 1688);
insert into Groups values ( 1688 , 'Procurement - Indirect or Non Core spend', 0);
insert into Member_of values ( 264 , 1689);
insert into Groups values ( 1689 , 'Shared Services Professionals', 0);
insert into Member_of values ( 264 , 1690);
insert into Groups values ( 1690 , 'International Foodservice Manufacturers Association (IFMA)', 0);
insert into Member_of values ( 264 , 1691);
insert into Groups values ( 1691 , 'ISM - Purchasing & Supply Chain Manager Professionals', 0);
insert into Member_of values ( 264 , 1692);
insert into Groups values ( 1692 , 'Finance & Accounting Shared Services / Outsourcing', 0);
insert into Member_of values ( 264 , 1693);
insert into Groups values ( 1693 , 'MINNESOTAJOBS.COM', 0);
insert into Member_of values ( 264 , 1478);
insert into Groups values ( 1478 , 'Procurement Professionals (#1 supply chain & sourcing group) Business. Networking. Jobs.', 0);
insert into Member_of values ( 264 , 1694);
insert into Groups values ( 1694 , 'Concur Client User Group', 0);
insert into Member_of values ( 264 , 1695);
insert into Groups values ( 1695 , 'Finance Process Improvement', 0);
insert into Member_of values ( 264 , 1696);
insert into Groups values ( 1696 , 'Concur', 0);
insert into Member_of values ( 264 , 1697);
insert into Groups values ( 1697 , 'Indirect Procurement Professionals', 0);
insert into Member_of values ( 264 , 1698);
insert into Groups values ( 1698 , 'Global Shared Services Executives', 0);
insert into Member_of values ( 264 , 1699);
insert into Groups values ( 1699 , 'Global Sourcing', 0);
insert into Member_of values ( 264 , 1700);
insert into Groups values ( 1700 , 'Minnesota Accounting/Auditing Jobs at MINNESOTAJOBS.COM', 0);
insert into Employer values ( 1303 , 'Ecolab');
insert into Experience values ( 264 , 1303, '2014-06-01', '2014-12-15');

insert into User values ( 265 , 'Belinda' , 'Cordina', 328, 0, 'Chemicals');
insert into Education values ( 265 , 394 , 368 , 'Chemical Engineering', '1997 – 2001', '1997 – 2001');
insert into University values ( 394 , 'University of Minnesota-Twin Cities');
insert into Has_skill values ( 265 , 712, 0);
insert into Skill values ( 712 , 'Procurement');
insert into Has_skill values ( 265 , 1702, 0);
insert into Skill values ( 1702 , 'Strategic Sourcing');
insert into Has_skill values ( 265 , 378, 0);
insert into Skill values ( 378 , 'Cross-functional Team...');
insert into Has_skill values ( 265 , 353, 0);
insert into Skill values ( 353 , 'Project Management');
insert into Has_skill values ( 265 , 417, 0);
insert into Skill values ( 417 , 'Management');
insert into Has_skill values ( 265 , 778, 0);
insert into Skill values ( 778 , 'Change Management');
insert into Has_skill values ( 265 , 541, 0);
insert into Skill values ( 541 , 'Process Improvement');
insert into Has_skill values ( 265 , 1785, 0);
insert into Skill values ( 1785 , 'Spend Analysis');
insert into Has_skill values ( 265 , 430, 0);
insert into Skill values ( 430 , 'Team Leadership');
insert into Member_of values ( 265 , 1701);
insert into Groups values ( 1701 , 'ISM-Chicago & Chicago area Supply Chain Professionals', 0);
insert into Member_of values ( 265 , 1702);
insert into Groups values ( 1702 , 'Strategic Sourcing & Procurement', 0);
insert into Member_of values ( 265 , 1703);
insert into Groups values ( 1703 , 'Environmental Services Sales Professionals', 0);
insert into Member_of values ( 265 , 1478);
insert into Groups values ( 1478 , 'Procurement Professionals (#1 supply chain & sourcing group) Business. Networking. Jobs.', 0);
insert into Employer values ( 1303 , 'Ecolab');
insert into Experience values ( 265 , 1303, '2014-02-01', '2014-12-11');
insert into Employer values ( 1303 , 'Ecolab');
insert into Experience values ( 265 , 1303, '2010-07-01', '2014-12-15');
insert into Employer values ( 1312 , 'Nalco');
insert into Experience values ( 265 , 1312, '2008-03-01', '2010-07-02');
insert into Employer values ( 1312 , 'Nalco');
insert into Experience values ( 265 , 1312, '2007-01-01', '2008-04-01');
insert into Employer values ( 1312 , 'Nalco');
insert into Experience values ( 265 , 1312, '2004-09-01', '2006-12-02');
insert into Employer values ( 1313 , 'ExxonMobil');
insert into Experience values ( 265 , 1313, '2001-06-01', '2004-08-03');

insert into User values ( 266 , 'Don' , 'Newman', 444, 0, 'Chemicals');
insert into Education values ( 266 , 385 , 214 , 'Bachelor of Science (BS)', '1983 – 1986', '1983 – 1986');
insert into University values ( 385 , 'University of Wisconsin-Madison');
insert into Education values ( 266 , 399 , 202 , '', '', '');
insert into University values ( 399 , 'Waukesha North High School');
insert into Has_skill values ( 266 , 820, 0);
insert into Skill values ( 820 , 'Supply Chain');
insert into Has_skill values ( 266 , 1786, 0);
insert into Skill values ( 1786 , 'Raw Materials');
insert into Has_skill values ( 266 , 1702, 0);
insert into Skill values ( 1702 , 'Strategic Sourcing');
insert into Has_skill values ( 266 , 1775, 0);
insert into Skill values ( 1775 , 'Supply Management');
insert into Has_skill values ( 266 , 828, 0);
insert into Skill values ( 828 , 'Supply Chain Management');
insert into Has_skill values ( 266 , 1722, 0);
insert into Skill values ( 1722 , 'Global Sourcing');
insert into Has_skill values ( 266 , 1196, 0);
insert into Skill values ( 1196 , 'Supply Chain...');
insert into Has_skill values ( 266 , 712, 0);
insert into Skill values ( 712 , 'Procurement');
insert into Has_skill values ( 266 , 830, 0);
insert into Skill values ( 830 , 'Continuous Improvement');
insert into Has_skill values ( 266 , 1776, 0);
insert into Skill values ( 1776 , 'Materials Management');
insert into Has_skill values ( 266 , 1787, 0);
insert into Skill values ( 1787 , 'Supplier Development');
insert into Has_skill values ( 266 , 378, 0);
insert into Skill values ( 378 , 'Cross-functional Team...');
insert into Has_skill values ( 266 , 1724, 0);
insert into Skill values ( 1724 , 'Process Engineering');
insert into Member_of values ( 266 , 1704);
insert into Groups values ( 1704 , 'Professionals in Purchasing & Supply', 0);
insert into Member_of values ( 266 , 1691);
insert into Groups values ( 1691 , 'ISM - Purchasing & Supply Chain Manager Professionals', 0);
insert into Member_of values ( 266 , 1705);
insert into Groups values ( 1705 , 'Specialty Chemical Network', 0);
insert into Employer values ( 1303 , 'Ecolab');
insert into Experience values ( 266 , 1303, '2005-09-01', '2014-12-15');
insert into Employer values ( 1312 , 'Nalco');
insert into Experience values ( 266 , 1312, '2005-01-01', '2005-08-08');
insert into Employer values ( 1312 , 'Nalco');
insert into Experience values ( 266 , 1312, '2003-01-01', '2004-12-02');
insert into Employer values ( 1312 , 'Nalco');
insert into Experience values ( 266 , 1312, '1997-07-01', '2003-12-06');
insert into Employer values ( 1312 , 'Nalco');
insert into Experience values ( 266 , 1312, '1996-01-01', '');
insert into Employer values ( 1312 , 'Nalco');
insert into Experience values ( 266 , 1312, '1993-01-01', '');
insert into Employer values ( 1314 , 'UOP');
insert into Experience values ( 266 , 1314, '1991-01-01', '');
insert into Employer values ( 1314 , 'UOP');
insert into Experience values ( 266 , 1314, '1988-01-01', '');
insert into Employer values ( 1314 , 'UOP');
insert into Experience values ( 266 , 1314, '1986-01-01', '');
insert into Employer values ( 1315 , 'The Dow Chemical Company');
insert into Experience values ( 266 , 1315, '1984-01-01', '');

insert into User values ( 267 , 'Dave' , 'Timm', 254, 0, 'Chemicals');
insert into Education values ( 267 , 400 , 243 , 'MBA', '1984 – 1986', '1984 – 1986');
insert into University values ( 400 , 'Carnegie Mellon University - Tepper School of Business');
insert into Education values ( 267 , 401 , 206 , 'BBA', '1980 – 1984', '1980 – 1984');
insert into University values ( 401 , 'University of Wisconsin-Madison - School of Business');
insert into Has_skill values ( 267 , 1702, 0);
insert into Skill values ( 1702 , 'Strategic Sourcing');
insert into Has_skill values ( 267 , 820, 0);
insert into Skill values ( 820 , 'Supply Chain');
insert into Has_skill values ( 267 , 1722, 0);
insert into Skill values ( 1722 , 'Global Sourcing');
insert into Has_skill values ( 267 , 712, 0);
insert into Skill values ( 712 , 'Procurement');
insert into Has_skill values ( 267 , 541, 0);
insert into Skill values ( 541 , 'Process Improvement');
insert into Has_skill values ( 267 , 378, 0);
insert into Skill values ( 378 , 'Cross-functional Team...');
insert into Has_skill values ( 267 , 518, 0);
insert into Skill values ( 518 , 'Six Sigma');
insert into Has_skill values ( 267 , 830, 0);
insert into Skill values ( 830 , 'Continuous Improvement');
insert into Has_skill values ( 267 , 650, 0);
insert into Skill values ( 650 , 'Negotiation');
insert into Employer values ( 1303 , 'Ecolab');
insert into Experience values ( 267 , 1303, '2011-12-01', '2014-12-15');
insert into Employer values ( 1312 , 'Nalco');
insert into Experience values ( 267 , 1312, '2008-03-01', '2011-11-03');
insert into Employer values ( 1312 , 'Nalco');
insert into Experience values ( 267 , 1312, '2006-10-01', '2008-02-01');

insert into User values ( 268 , 'Adam' , 'Feuer', 403, 0, 'Consumer Goods');
insert into Has_skill values ( 268 , 1702, 0);
insert into Skill values ( 1702 , 'Strategic Sourcing');
insert into Has_skill values ( 268 , 1787, 0);
insert into Skill values ( 1787 , 'Supplier Development');
insert into Has_skill values ( 268 , 820, 0);
insert into Skill values ( 820 , 'Supply Chain');
insert into Has_skill values ( 268 , 541, 0);
insert into Skill values ( 541 , 'Process Improvement');
insert into Has_skill values ( 268 , 1649, 0);
insert into Skill values ( 1649 , 'Sourcing');
insert into Has_skill values ( 268 , 712, 0);
insert into Skill values ( 712 , 'Procurement');
insert into Has_skill values ( 268 , 830, 0);
insert into Skill values ( 830 , 'Continuous Improvement');
insert into Has_skill values ( 268 , 1722, 0);
insert into Skill values ( 1722 , 'Global Sourcing');
insert into Has_skill values ( 268 , 822, 0);
insert into Skill values ( 822 , 'Manufacturing');
insert into Has_skill values ( 268 , 423, 0);
insert into Skill values ( 423 , 'Leadership');
insert into Has_skill values ( 268 , 1775, 0);
insert into Skill values ( 1775 , 'Supply Management');
insert into Has_skill values ( 268 , 1378, 0);
insert into Skill values ( 1378 , 'Purchasing');
insert into Has_skill values ( 268 , 489, 0);
insert into Skill values ( 489 , 'Forecasting');
insert into Has_skill values ( 268 , 828, 0);
insert into Skill values ( 828 , 'Supply Chain Management');
insert into Has_skill values ( 268 , 382, 0);
insert into Skill values ( 382 , 'Product Development');

insert into User values ( 269 , 'Nickie' , 'Mihos Albert', 282, 0, 'Consumer Goods');
insert into Education values ( 269 , 402 , 251 , 'BA', '', '');
insert into University values ( 402 , 'University of Utah');
insert into Has_skill values ( 269 , 1378, 0);
insert into Skill values ( 1378 , 'Purchasing');
insert into Has_skill values ( 269 , 712, 0);
insert into Skill values ( 712 , 'Procurement');
insert into Has_skill values ( 269 , 1702, 0);
insert into Skill values ( 1702 , 'Strategic Sourcing');
insert into Has_skill values ( 269 , 828, 0);
insert into Skill values ( 828 , 'Supply Chain Management');
insert into Has_skill values ( 269 , 1777, 0);
insert into Skill values ( 1777 , 'MRP');
insert into Has_skill values ( 269 , 1776, 0);
insert into Skill values ( 1776 , 'Materials Management');
insert into Has_skill values ( 269 , 1788, 0);
insert into Skill values ( 1788 , 'Packaging');
insert into Has_skill values ( 269 , 820, 0);
insert into Skill values ( 820 , 'Supply Chain');
insert into Has_skill values ( 269 , 1775, 0);
insert into Skill values ( 1775 , 'Supply Management');
insert into Has_skill values ( 269 , 822, 0);
insert into Skill values ( 822 , 'Manufacturing');
insert into Has_skill values ( 269 , 663, 0);
insert into Skill values ( 663 , 'Contract Negotiation');
insert into Has_skill values ( 269 , 382, 0);
insert into Skill values ( 382 , 'Product Development');
insert into Has_skill values ( 269 , 403, 0);
insert into Skill values ( 403 , 'Analysis');
insert into Has_skill values ( 269 , 830, 0);
insert into Skill values ( 830 , 'Continuous Improvement');
insert into Has_skill values ( 269 , 1048, 0);
insert into Skill values ( 1048 , 'Pricing');
insert into Has_skill values ( 269 , 1603, 0);
insert into Skill values ( 1603 , 'SAP');
insert into Has_skill values ( 269 , 1789, 0);
insert into Skill values ( 1789 , 'Production Planning');
insert into Has_skill values ( 269 , 378, 0);
insert into Skill values ( 378 , 'Cross-functional Team...');
insert into Has_skill values ( 269 , 494, 0);
insert into Skill values ( 494 , 'Strategy');
insert into Has_skill values ( 269 , 823, 0);
insert into Skill values ( 823 , 'Lean Manufacturing');
insert into Has_skill values ( 269 , 488, 0);
insert into Skill values ( 488 , 'Inventory Management');
insert into Has_skill values ( 269 , 489, 0);
insert into Skill values ( 489 , 'Forecasting');
insert into Has_skill values ( 269 , 1727, 0);
insert into Skill values ( 1727 , 'Demand Planning');
insert into Has_skill values ( 269 , 1736, 0);
insert into Skill values ( 1736 , 'Consumer Products');
insert into Has_skill values ( 269 , 1790, 0);
insert into Skill values ( 1790 , 'Contract Manufacturing');
insert into Member_of values ( 269 , 1706);
insert into Groups values ( 1706 , 'ISM - Institute for Supply Management®', 0);
insert into Member_of values ( 269 , 1707);
insert into Groups values ( 1707 , 'Continuous Improvement, Six Sigma, & Lean Group', 0);
insert into Member_of values ( 269 , 1708);
insert into Groups values ( 1708 , 'Private Label and Contract Manufacturing', 0);
insert into Member_of values ( 269 , 1709);
insert into Groups values ( 1709 , 'American Cleaning Institute', 0);
insert into Member_of values ( 269 , 1710);
insert into Groups values ( 1710 , 'Closure Manufacturers', 0);
insert into Member_of values ( 269 , 1711);
insert into Groups values ( 1711 , 'APICS - Salt Lake Utah Chapter', 0);
insert into Member_of values ( 269 , 1712);
insert into Groups values ( 1712 , 'SCM Professionals', 0);
insert into Member_of values ( 269 , 1474);
insert into Groups values ( 1474 , 'Procurement Jobs (#1 in job leads, career, recruitment & headhunting)', 0);
insert into Member_of values ( 269 , 1478);
insert into Groups values ( 1478 , 'Procurement Professionals (#1 supply chain & sourcing group) Business. Networking. Jobs.', 0);
insert into Employer values ( 1316 , 'Sun Products Corporation');
insert into Experience values ( 269 , 1316, '2008-11-01', '2014-12-15');
insert into Employer values ( 1317 , 'Huish Detergents');
insert into Experience values ( 269 , 1317, '1995-01-01', '');
insert into Employer values ( 1318 , 'Flasher Barricades');
insert into Experience values ( 269 , 1318, '1989-04-01', '1995-04-06');
insert into Employer values ( 1319 , 'Dictaphone Corporation');
insert into Experience values ( 269 , 1319, '1987-06-01', '1989-03-01');

insert into User values ( 270 , 'Scott' , 'Priore', 315, 0, 'Consumer Goods');
insert into Education values ( 270 , 403 , 265 , 'Bachelor of Science (B.S.)', '1993 – 1997', '1993 – 1997');
insert into University values ( 403 , 'University of Massachusetts at Lowell');
insert into Has_skill values ( 270 , 1736, 0);
insert into Skill values ( 1736 , 'Consumer Products');
insert into Has_skill values ( 270 , 474, 0);
insert into Skill values ( 474 , 'FMCG');
insert into Has_skill values ( 270 , 378, 0);
insert into Skill values ( 378 , 'Cross-functional Team...');
insert into Has_skill values ( 270 , 1748, 0);
insert into Skill values ( 1748 , 'Product Innovation');
insert into Has_skill values ( 270 , 1788, 0);
insert into Skill values ( 1788 , 'Packaging');
insert into Has_skill values ( 270 , 830, 0);
insert into Skill values ( 830 , 'Continuous Improvement');
insert into Has_skill values ( 270 , 382, 0);
insert into Skill values ( 382 , 'Product Development');
insert into Has_skill values ( 270 , 820, 0);
insert into Skill values ( 820 , 'Supply Chain');
insert into Has_skill values ( 270 , 822, 0);
insert into Skill values ( 822 , 'Manufacturing');
insert into Has_skill values ( 270 , 1603, 0);
insert into Skill values ( 1603 , 'SAP');
insert into Has_skill values ( 270 , 1747, 0);
insert into Skill values ( 1747 , 'Customer Insight');
insert into Has_skill values ( 270 , 1791, 0);
insert into Skill values ( 1791 , 'R&D');
insert into Has_skill values ( 270 , 1792, 0);
insert into Skill values ( 1792 , 'Quality System');
insert into Has_skill values ( 270 , 1793, 0);
insert into Skill values ( 1793 , 'Packaging Engineering');
insert into Has_skill values ( 270 , 1794, 0);
insert into Skill values ( 1794 , 'Plastics');
insert into Has_skill values ( 270 , 1795, 0);
insert into Skill values ( 1795 , 'Food Packaging');
insert into Has_skill values ( 270 , 1796, 0);
insert into Skill values ( 1796 , 'Injection Molding');
insert into Has_skill values ( 270 , 1789, 0);
insert into Skill values ( 1789 , 'Production Planning');
insert into Has_skill values ( 270 , 1721, 0);
insert into Skill values ( 1721 , 'Manufacturing...');
insert into Has_skill values ( 270 , 1797, 0);
insert into Skill values ( 1797 , 'Blow Molding');
insert into Has_skill values ( 270 , 1798, 0);
insert into Skill values ( 1798 , 'Commercialization');
insert into Has_skill values ( 270 , 1799, 0);
insert into Skill values ( 1799 , 'Extrusion');
insert into Has_skill values ( 270 , 1800, 0);
insert into Skill values ( 1800 , '5S');
insert into Has_skill values ( 270 , 1801, 0);
insert into Skill values ( 1801 , 'Root Cause Analysis');
insert into Has_skill values ( 270 , 1802, 0);
insert into Skill values ( 1802 , 'Personal Care');
insert into Has_skill values ( 270 , 1803, 0);
insert into Skill values ( 1803 , 'SPC');
insert into Member_of values ( 270 , 1713);
insert into Groups values ( 1713 , 'x Cadbury Schweppes', 0);
insert into Member_of values ( 270 , 1714);
insert into Groups values ( 1714 , 'PepsiCo Alumni & Employees', 0);
insert into Member_of values ( 270 , 1715);
insert into Groups values ( 1715 , 'UMass Lowell Plastics Engineering Alumni', 0);
insert into Member_of values ( 270 , 1716);
insert into Groups values ( 1716 , 'Cadbury Affiliates Alumni (2000+ members)', 0);
insert into Member_of values ( 270 , 1717);
insert into Groups values ( 1717 , 'Packaging Digest', 0);
insert into Employer values ( 1316 , 'Sun Products Corporation');
insert into Experience values ( 270 , 1316, '2010-07-01', '2014-12-15');
insert into Employer values ( 1320 , 'PepsiCo');
insert into Experience values ( 270 , 1320, '2006-10-01', '2010-07-03');
insert into Employer values ( 1321 , 'Cadbury Schweppes');
insert into Experience values ( 270 , 1321, '2000-12-01', '2006-10-05');
insert into Employer values ( 1322 , 'Cadbury Schweppes Americas Beverages');
insert into Experience values ( 270 , 1322, '2000-01-01', '');
insert into Employer values ( 1321 , 'Cadbury Schweppes');
insert into Experience values ( 270 , 1321, '2000-01-01', '');
insert into Employer values ( 1322 , 'Cadbury Schweppes Americas Beverages');
insert into Experience values ( 270 , 1322, '2000-01-01', '');
insert into Employer values ( 1323 , 'Motts');
insert into Experience values ( 270 , 1323, '2000-01-01', '');
insert into Employer values ( 1324 , 'Continental PET Technologies');
insert into Experience values ( 270 , 1324, '1997-06-01', '2000-12-03');

insert into User values ( 271 , 'J.D.' , 'English', 389, 0, 'Consumer Goods');
insert into Education values ( 271 , 404 , 300 , 'Bachelor', '2002 – 2007', '2002 – 2007');
insert into University values ( 404 , 'Michigan State University');
insert into Has_skill values ( 271 , 378, 0);
insert into Skill values ( 378 , 'Cross-functional Team...');
insert into Has_skill values ( 271 , 382, 0);
insert into Skill values ( 382 , 'Product Development');
insert into Has_skill values ( 271 , 1788, 0);
insert into Skill values ( 1788 , 'Packaging');
insert into Has_skill values ( 271 , 822, 0);
insert into Skill values ( 822 , 'Manufacturing');
insert into Has_skill values ( 271 , 494, 0);
insert into Skill values ( 494 , 'Strategy');
insert into Has_skill values ( 271 , 504, 0);
insert into Skill values ( 504 , 'Quality Assurance');
insert into Has_skill values ( 271 , 417, 0);
insert into Skill values ( 417 , 'Management');
insert into Has_skill values ( 271 , 892, 0);
insert into Skill values ( 892 , 'Product Launch');
insert into Has_skill values ( 271 , 352, 0);
insert into Skill values ( 352 , 'Marketing');
insert into Has_skill values ( 271 , 1378, 0);
insert into Skill values ( 1378 , 'Purchasing');
insert into Has_skill values ( 271 , 1804, 0);
insert into Skill values ( 1804 , 'FDA');
insert into Has_skill values ( 271 , 1756, 0);
insert into Skill values ( 1756 , 'Creative Direction');
insert into Has_skill values ( 271 , 1723, 0);
insert into Skill values ( 1723 , 'Logistics');
insert into Has_skill values ( 271 , 1084, 0);
insert into Skill values ( 1084 , 'Quality Control');
insert into Has_skill values ( 271 , 1802, 0);
insert into Skill values ( 1802 , 'Personal Care');
insert into Has_skill values ( 271 , 1805, 0);
insert into Skill values ( 1805 , 'Lean Six Sigma Yellow...');
insert into Member_of values ( 271 , 1718);
insert into Groups values ( 1718 , 'Careers In Cosmetics', 0);
insert into Member_of values ( 271 , 1719);
insert into Groups values ( 1719 , 'Michigan State University Alumni', 0);
insert into Member_of values ( 271 , 1720);
insert into Groups values ( 1720 , 'Michigan State University Packaging Young Alumni Association', 0);
insert into Employer values ( 1325 , 'Avon');
insert into Experience values ( 271 , 1325, '2012-08-01', '2014-12-15');
insert into Employer values ( 1326 , 'Wrigley');
insert into Experience values ( 271 , 1326, '2011-10-01', '2012-07-10');
insert into Employer values ( 1327 , 'L'Oreal S.A.');
insert into Experience values ( 271 , 1327, '2010-03-01', '2011-09-01');
insert into Employer values ( 1327 , 'L'Oreal S.A.');
insert into Experience values ( 271 , 1327, '2007-06-01', '2010-07-03');
insert into Employer values ( 1328 , 'Cordis');
insert into Experience values ( 271 , 1328, '2006-05-01', '2006-12-08');
insert into Employer values ( 1329 , 'Kraft Foods');
insert into Experience values ( 271 , 1329, '2005-06-01', '2005-12-07');

insert into User values ( 272 , 'Mike' , 'Bernabei', 500, 0, 'Consumer Goods');
insert into Education values ( 272 , 404 , 214 , 'Bachelor of Science (BS)', '2005 – 2010', '2005 – 2010');
insert into University values ( 404 , 'Michigan State University');
insert into Education values ( 272 , 405 , 211 , 'High School', '2001 – 2005', '2001 – 2005');
insert into University values ( 405 , 'Northville High School');
insert into Has_skill values ( 272 , 1788, 0);
insert into Skill values ( 1788 , 'Packaging');
insert into Has_skill values ( 272 , 1793, 0);
insert into Skill values ( 1793 , 'Packaging Engineering');
insert into Has_skill values ( 272 , 1736, 0);
insert into Skill values ( 1736 , 'Consumer Products');
insert into Has_skill values ( 272 , 1802, 0);
insert into Skill values ( 1802 , 'Personal Care');
insert into Has_skill values ( 272 , 1748, 0);
insert into Skill values ( 1748 , 'Product Innovation');
insert into Has_skill values ( 272 , 1806, 0);
insert into Skill values ( 1806 , 'Retail Displays');
insert into Has_skill values ( 272 , 1722, 0);
insert into Skill values ( 1722 , 'Global Sourcing');
insert into Has_skill values ( 272 , 495, 0);
insert into Skill values ( 495 , 'Marketing Strategy');
insert into Has_skill values ( 272 , 382, 0);
insert into Skill values ( 382 , 'Product Development');
insert into Has_skill values ( 272 , 1807, 0);
insert into Skill values ( 1807 , 'Package Testing');
insert into Has_skill values ( 272 , 762, 0);
insert into Skill values ( 762 , 'Cosmetics');
insert into Has_skill values ( 272 , 1196, 0);
insert into Skill values ( 1196 , 'Supply Chain...');
insert into Has_skill values ( 272 , 378, 0);
insert into Skill values ( 378 , 'Cross-functional Team...');
insert into Has_skill values ( 272 , 1702, 0);
insert into Skill values ( 1702 , 'Strategic Sourcing');
insert into Has_skill values ( 272 , 1796, 0);
insert into Skill values ( 1796 , 'Injection Molding');
insert into Has_skill values ( 272 , 820, 0);
insert into Skill values ( 820 , 'Supply Chain');
insert into Has_skill values ( 272 , 1794, 0);
insert into Skill values ( 1794 , 'Plastics');
insert into Has_skill values ( 272 , 1808, 0);
insert into Skill values ( 1808 , 'Corrugated');
insert into Has_skill values ( 272 , 1395, 0);
insert into Skill values ( 1395 , 'Skin Care');
insert into Has_skill values ( 272 , 1379, 0);
insert into Skill values ( 1379 , 'Product Design');
insert into Has_skill values ( 272 , 1809, 0);
insert into Skill values ( 1809 , 'Fragrance');
insert into Has_skill values ( 272 , 1649, 0);
insert into Skill values ( 1649 , 'Sourcing');
insert into Has_skill values ( 272 , 1810, 0);
insert into Skill values ( 1810 , 'POP Displays');
insert into Has_skill values ( 272 , 1811, 0);
insert into Skill values ( 1811 , 'Consumer Marketing');
insert into Has_skill values ( 272 , 1712, 0);
insert into Skill values ( 1712 , 'Marketing Communications');
insert into Has_skill values ( 272 , 1812, 0);
insert into Skill values ( 1812 , 'Retail Category...');
insert into Has_skill values ( 272 , 1813, 0);
insert into Skill values ( 1813 , 'Industrial Design');
insert into Has_skill values ( 272 , 1814, 0);
insert into Skill values ( 1814 , 'Visual Merchandising');
insert into Has_skill values ( 272 , 1815, 0);
insert into Skill values ( 1815 , 'PDQ');
insert into Has_skill values ( 272 , 1816, 0);
insert into Skill values ( 1816 , 'Big Box');
insert into Has_skill values ( 272 , 1817, 0);
insert into Skill values ( 1817 , 'Supplier Negotiation');
insert into Has_skill values ( 272 , 1787, 0);
insert into Skill values ( 1787 , 'Supplier Development');
insert into Has_skill values ( 272 , 1818, 0);
insert into Skill values ( 1818 , 'Consumer Insight');
insert into Has_skill values ( 272 , 760, 0);
insert into Skill values ( 760 , 'Marketing Research');
insert into Has_skill values ( 272 , 1819, 0);
insert into Skill values ( 1819 , 'Point of Purchase');
insert into Has_skill values ( 272 , 1820, 0);
insert into Skill values ( 1820 , 'ISTA');
insert into Has_skill values ( 272 , 1821, 0);
insert into Skill values ( 1821 , 'Flexo');
insert into Has_skill values ( 272 , 1822, 0);
insert into Skill values ( 1822 , 'Direct Import');
insert into Member_of values ( 272 , 1721);
insert into Groups values ( 1721 , 'MSU Packaging Alumni', 0);
insert into Member_of values ( 272 , 1722);
insert into Groups values ( 1722 , 'Cosmetics/Personal Care Packaging Professionals', 0);
insert into Member_of values ( 272 , 1723);
insert into Groups values ( 1723 , 'Packaging Engineers, Careers and Employment', 0);
insert into Member_of values ( 272 , 1724);
insert into Groups values ( 1724 , 'Thermoform Packaging Professionals', 0);
insert into Member_of values ( 272 , 1725);
insert into Groups values ( 1725 , 'Packaging Connections', 0);
insert into Member_of values ( 272 , 1726);
insert into Groups values ( 1726 , 'Spartan Links - Connecting Michigan State Students & Alumni', 0);
insert into Member_of values ( 272 , 1727);
insert into Groups values ( 1727 , 'Business Development - The Missing Link between Marketing & Sales', 0);
insert into Member_of values ( 272 , 1728);
insert into Groups values ( 1728 , 'Packaging Innovation', 0);
insert into Member_of values ( 272 , 1729);
insert into Groups values ( 1729 , 'NEW YORK CITY JOBS & CAREERS NETWORK', 0);
insert into Member_of values ( 272 , 1730);
insert into Groups values ( 1730 , 'LOréal Past, Present & Future', 0);
insert into Member_of values ( 272 , 1731);
insert into Groups values ( 1731 , 'New Jersey Packaging Executives Club', 0);
insert into Member_of values ( 272 , 1732);
insert into Groups values ( 1732 , 'Package Development Jobs', 0);
insert into Member_of values ( 272 , 1733);
insert into Groups values ( 1733 , 'Sustainable Packaging Professionals', 0);
insert into Member_of values ( 272 , 1734);
insert into Groups values ( 1734 , 'Foam Packaging Professionals', 0);
insert into Member_of values ( 272 , 1735);
insert into Groups values ( 1735 , 'Job Opportunities In Packaging', 0);
insert into Member_of values ( 272 , 1736);
insert into Groups values ( 1736 , 'Beauty Packaging', 0);
insert into Member_of values ( 272 , 1737);
insert into Groups values ( 1737 , 'Redken 5th Avenue NYC', 0);
insert into Member_of values ( 272 , 1738);
insert into Groups values ( 1738 , 'Packaging Design', 0);
insert into Employer values ( 1330 , 'Sleep Innovations');
insert into Experience values ( 272 , 1330, '2014-04-01', '2014-12-15');
insert into Employer values ( 652 , 'LOréal');
insert into Experience values ( 272 , 652, '2011-02-01', '2014-03-03');
insert into Employer values ( 652 , 'LOréal');
insert into Experience values ( 272 , 652, '2010-05-01', '2011-01-09');
insert into Employer values ( 605 , 'GlaxoSmithKline');
insert into Experience values ( 272 , 605, '2009-01-01', '2009-07-07');

insert into User values ( 273 , 'Jennifer' , 'Walsh', 500, 0, 'Cosmetics');
insert into Education values ( 273 , 406 , 202 , '', '2001 – 2004', '2001 – 2004');
insert into University values ( 406 , 'Stony Brook University');
insert into Has_skill values ( 273 , 1788, 0);
insert into Skill values ( 1788 , 'Packaging');
insert into Has_skill values ( 273 , 762, 0);
insert into Skill values ( 762 , 'Cosmetics');
insert into Has_skill values ( 273 , 1823, 0);
insert into Skill values ( 1823 , 'Beauty Industry');
insert into Has_skill values ( 273 , 1802, 0);
insert into Skill values ( 1802 , 'Personal Care');
insert into Has_skill values ( 273 , 1395, 0);
insert into Skill values ( 1395 , 'Skin Care');
insert into Has_skill values ( 273 , 1736, 0);
insert into Skill values ( 1736 , 'Consumer Products');
insert into Has_skill values ( 273 , 759, 0);
insert into Skill values ( 759 , 'Luxury Goods');
insert into Has_skill values ( 273 , 382, 0);
insert into Skill values ( 382 , 'Product Development');
insert into Has_skill values ( 273 , 1748, 0);
insert into Skill values ( 1748 , 'Product Innovation');
insert into Has_skill values ( 273 , 755, 0);
insert into Skill values ( 755 , 'Brand Development');
insert into Has_skill values ( 273 , 485, 0);
insert into Skill values ( 485 , 'Brand Management');
insert into Has_skill values ( 273 , 761, 0);
insert into Skill values ( 761 , 'Fashion');
insert into Has_skill values ( 273 , 1809, 0);
insert into Skill values ( 1809 , 'Fragrance');
insert into Has_skill values ( 273 , 1746, 0);
insert into Skill values ( 1746 , 'Global Marketing');
insert into Has_skill values ( 273 , 1824, 0);
insert into Skill values ( 1824 , 'Hair Care');
insert into Has_skill values ( 273 , 1253, 0);
insert into Skill values ( 1253 , 'International Marketing');
insert into Has_skill values ( 273 , 1825, 0);
insert into Skill values ( 1825 , 'Makeup Artistry');
insert into Has_skill values ( 273 , 476, 0);
insert into Skill values ( 476 , 'Merchandising');
insert into Has_skill values ( 273 , 1793, 0);
insert into Skill values ( 1793 , 'Packaging Engineering');
insert into Has_skill values ( 273 , 1786, 0);
insert into Skill values ( 1786 , 'Raw Materials');
insert into Has_skill values ( 273 , 465, 0);
insert into Skill values ( 465 , 'Retail');
insert into Has_skill values ( 273 , 1790, 0);
insert into Skill values ( 1790 , 'Contract Manufacturing');
insert into Has_skill values ( 273 , 492, 0);
insert into Skill values ( 492 , 'Product Marketing');
insert into Has_skill values ( 273 , 1826, 0);
insert into Skill values ( 1826 , 'Retail Packaging');
insert into Has_skill values ( 273 , 1827, 0);
insert into Skill values ( 1827 , 'Trend Analysis');
insert into Has_skill values ( 273 , 1828, 0);
insert into Skill values ( 1828 , 'Brand Awareness');
insert into Has_skill values ( 273 , 378, 0);
insert into Skill values ( 378 , 'Cross-functional Team...');
insert into Member_of values ( 273 , 1725);
insert into Groups values ( 1725 , 'Packaging Connections', 0);
insert into Member_of values ( 273 , 1739);
insert into Groups values ( 1739 , 'Happi Magazine', 0);
insert into Member_of values ( 273 , 1731);
insert into Groups values ( 1731 , 'New Jersey Packaging Executives Club', 0);
insert into Member_of values ( 273 , 1740);
insert into Groups values ( 1740 , 'Natural skin Care Products', 0);
insert into Member_of values ( 273 , 1741);
insert into Groups values ( 1741 , 'Fragrance & Cosmetics - Distributor & Producer Network', 0);
insert into Member_of values ( 273 , 1742);
insert into Groups values ( 1742 , 'MANAGERS OF BEAUTY', 0);
insert into Member_of values ( 273 , 1735);
insert into Groups values ( 1735 , 'Job Opportunities In Packaging', 0);
insert into Member_of values ( 273 , 1743);
insert into Groups values ( 1743 , 'Paperboard Packaging Group - pulp, paper, corrugated, folding cartons, bags and more', 0);
insert into Member_of values ( 273 , 1744);
insert into Groups values ( 1744 , 'Marie Claire Career Network', 0);
insert into Member_of values ( 273 , 1745);
insert into Groups values ( 1745 , 'ESTEE LAUDER ALUMNI on MANAGERS OF BEAUTY', 0);
insert into Member_of values ( 273 , 1181);
insert into Groups values ( 1181 , 'Cosmetics and Beauty Network', 0);
insert into Member_of values ( 273 , 1746);
insert into Groups values ( 1746 , 'HBA Global Beauty Event', 0);
insert into Member_of values ( 273 , 1747);
insert into Groups values ( 1747 , 'Green Packaging Forum', 0);
insert into Member_of values ( 273 , 1748);
insert into Groups values ( 1748 , 'CosmetCon - Cosmetics and Personal Care Innovation Professionals', 0);
insert into Member_of values ( 273 , 1718);
insert into Groups values ( 1718 , 'Careers In Cosmetics', 0);
insert into Member_of values ( 273 , 1732);
insert into Groups values ( 1732 , 'Package Development Jobs', 0);
insert into Member_of values ( 273 , 1749);
insert into Groups values ( 1749 , 'handbags & related accessories technical issues', 0);
insert into Member_of values ( 273 , 1750);
insert into Groups values ( 1750 , 'Cosmetic Executive Women (US)', 0);
insert into Member_of values ( 273 , 1751);
insert into Groups values ( 1751 , 'Global Cosmetics Community', 0);
insert into Member_of values ( 273 , 1752);
insert into Groups values ( 1752 , 'SUNY @ Stony Brook', 0);
insert into Member_of values ( 273 , 1753);
insert into Groups values ( 1753 , 'Stony Brook University', 0);
insert into Member_of values ( 273 , 1754);
insert into Groups values ( 1754 , 'Estee Lauder Companies Alumni Network', 0);
insert into Member_of values ( 273 , 1736);
insert into Groups values ( 1736 , 'Beauty Packaging', 0);
insert into Member_of values ( 273 , 1755);
insert into Groups values ( 1755 , 'Stony Brook University Alumni Association', 0);
insert into Member_of values ( 273 , 1756);
insert into Groups values ( 1756 , 'Cosmetics, Beauty, and Fashion Job Opportunities', 0);
insert into Member_of values ( 273 , 1757);
insert into Groups values ( 1757 , 'Wellness, Cosmetics, Beauty and Fashion Professionals', 0);
insert into Member_of values ( 273 , 1723);
insert into Groups values ( 1723 , 'Packaging Engineers, Careers and Employment', 0);
insert into Member_of values ( 273 , 1758);
insert into Groups values ( 1758 , 'Luxury Packaging', 0);
insert into Member_of values ( 273 , 1759);
insert into Groups values ( 1759 , 'Long Island Technology Professionals', 0);
insert into Member_of values ( 273 , 1760);
insert into Groups values ( 1760 , 'LUXURY, FASHION, BEAUTY: the network for your job opportunities', 0);
insert into Member_of values ( 273 , 1738);
insert into Groups values ( 1738 , 'Packaging Design', 0);
insert into Member_of values ( 273 , 1761);
insert into Groups values ( 1761 , 'Stony Brook University Career Center', 0);
insert into Member_of values ( 273 , 1762);
insert into Groups values ( 1762 , 'Cosmetics Reviews', 0);
insert into Member_of values ( 273 , 1763);
insert into Groups values ( 1763 , 'Beauty Innovation', 0);
insert into Member_of values ( 273 , 1764);
insert into Groups values ( 1764 , 'LUXURY HEALTH & BEAUTY NETWORK', 0);
insert into Employer values ( 1331 , 'Revlon');
insert into Experience values ( 273 , 1331, '2013-10-01', '2014-12-15');
insert into Employer values ( 1332 , 'La Mer');
insert into Experience values ( 273 , 1332, '2013-07-01', '2013-07-01');
insert into Employer values ( 1332 , 'La Mer');
insert into Experience values ( 273 , 1332, '2011-07-01', '2013-07-02');
insert into Employer values ( 1333 , 'Estee Lauder');
insert into Experience values ( 273 , 1333, '2010-03-01', '2011-07-01');
insert into Employer values ( 1334 , 'Bobbi Brown Cosmetics');
insert into Experience values ( 273 , 1334, '2007-10-01', '2010-03-02');
insert into Employer values ( 1333 , 'Estee Lauder');
insert into Experience values ( 273 , 1333, '2005-03-01', '2007-10-02');

insert into User values ( 274 , 'Marci' , 'Mislinski Wong', 500, 0, 'Cosmetics');
insert into Education values ( 274 , 404 , 204 , 'B.S.', '1996 – 2000', '1996 – 2000');
insert into University values ( 404 , 'Michigan State University');
insert into Has_skill values ( 274 , 1788, 0);
insert into Skill values ( 1788 , 'Packaging');
insert into Has_skill values ( 274 , 466, 0);
insert into Skill values ( 466 , 'Sales');
insert into Has_skill values ( 274 , 1829, 0);
insert into Skill values ( 1829 , 'Shipping');
insert into Has_skill values ( 274 , 762, 0);
insert into Skill values ( 762 , 'Cosmetics');
insert into Has_skill values ( 274 , 1736, 0);
insert into Skill values ( 1736 , 'Consumer Products');
insert into Has_skill values ( 274 , 1793, 0);
insert into Skill values ( 1793 , 'Packaging Engineering');
insert into Has_skill values ( 274 , 1809, 0);
insert into Skill values ( 1809 , 'Fragrance');
insert into Has_skill values ( 274 , 820, 0);
insert into Skill values ( 820 , 'Supply Chain');
insert into Has_skill values ( 274 , 1395, 0);
insert into Skill values ( 1395 , 'Skin Care');
insert into Has_skill values ( 274 , 759, 0);
insert into Skill values ( 759 , 'Luxury Goods');
insert into Has_skill values ( 274 , 384, 0);
insert into Skill values ( 384 , 'Competitive Analysis');
insert into Has_skill values ( 274 , 1748, 0);
insert into Skill values ( 1748 , 'Product Innovation');
insert into Has_skill values ( 274 , 382, 0);
insert into Skill values ( 382 , 'Product Development');
insert into Has_skill values ( 274 , 822, 0);
insert into Skill values ( 822 , 'Manufacturing');
insert into Has_skill values ( 274 , 1802, 0);
insert into Skill values ( 1802 , 'Personal Care');
insert into Has_skill values ( 274 , 755, 0);
insert into Skill values ( 755 , 'Brand Development');
insert into Has_skill values ( 274 , 1795, 0);
insert into Skill values ( 1795 , 'Food Packaging');
insert into Has_skill values ( 274 , 1794, 0);
insert into Skill values ( 1794 , 'Plastics');
insert into Has_skill values ( 274 , 474, 0);
insert into Skill values ( 474 , 'FMCG');
insert into Has_skill values ( 274 , 378, 0);
insert into Skill values ( 378 , 'Cross-functional Team...');
insert into Has_skill values ( 274 , 1808, 0);
insert into Skill values ( 1808 , 'Corrugated');
insert into Has_skill values ( 274 , 485, 0);
insert into Skill values ( 485 , 'Brand Management');
insert into Has_skill values ( 274 , 1823, 0);
insert into Skill values ( 1823 , 'Beauty Industry');
insert into Has_skill values ( 274 , 1790, 0);
insert into Skill values ( 1790 , 'Contract Manufacturing');
insert into Has_skill values ( 274 , 1786, 0);
insert into Skill values ( 1786 , 'Raw Materials');
insert into Has_skill values ( 274 , 1747, 0);
insert into Skill values ( 1747 , 'Customer Insight');
insert into Has_skill values ( 274 , 1791, 0);
insert into Skill values ( 1791 , 'R&D');
insert into Has_skill values ( 274 , 1796, 0);
insert into Skill values ( 1796 , 'Injection Molding');
insert into Member_of values ( 274 , 1756);
insert into Groups values ( 1756 , 'Cosmetics, Beauty, and Fashion Job Opportunities', 0);
insert into Member_of values ( 274 , 1765);
insert into Groups values ( 1765 , 'REAL net - where L'Oreal and Ex L'Oreal people keep in touch', 0);
insert into Member_of values ( 274 , 1720);
insert into Groups values ( 1720 , 'Michigan State University Packaging Young Alumni Association', 0);
insert into Member_of values ( 274 , 1766);
insert into Groups values ( 1766 , 'Cosmetic Industry Buyers and Suppliers', 0);
insert into Member_of values ( 274 , 1733);
insert into Groups values ( 1733 , 'Sustainable Packaging Professionals', 0);
insert into Member_of values ( 274 , 1747);
insert into Groups values ( 1747 , 'Green Packaging Forum', 0);
insert into Member_of values ( 274 , 1742);
insert into Groups values ( 1742 , 'MANAGERS OF BEAUTY', 0);
insert into Member_of values ( 274 , 1736);
insert into Groups values ( 1736 , 'Beauty Packaging', 0);
insert into Member_of values ( 274 , 1181);
insert into Groups values ( 1181 , 'Cosmetics and Beauty Network', 0);
insert into Member_of values ( 274 , 1767);
insert into Groups values ( 1767 , 'Michigan State University Packaging Alumni Association', 0);
insert into Member_of values ( 274 , 1768);
insert into Groups values ( 1768 , 'Cosmetics and Personal Care Industry', 0);
insert into Member_of values ( 274 , 1769);
insert into Groups values ( 1769 , 'Executive Careers & Jobs - Packaging & Print Industries', 0);
insert into Member_of values ( 274 , 1770);
insert into Groups values ( 1770 , 'Packaging Professionals', 0);
insert into Member_of values ( 274 , 1732);
insert into Groups values ( 1732 , 'Package Development Jobs', 0);
insert into Member_of values ( 274 , 1731);
insert into Groups values ( 1731 , 'New Jersey Packaging Executives Club', 0);
insert into Member_of values ( 274 , 1735);
insert into Groups values ( 1735 , 'Job Opportunities In Packaging', 0);
insert into Member_of values ( 274 , 1771);
insert into Groups values ( 1771 , 'Worldwide Careers & Jobs in Plastics and Packaging', 0);
insert into Member_of values ( 274 , 1754);
insert into Groups values ( 1754 , 'Estee Lauder Companies Alumni Network', 0);
insert into Member_of values ( 274 , 1772);
insert into Groups values ( 1772 , 'IOPP New Jersey Chapter', 0);
insert into Member_of values ( 274 , 1721);
insert into Groups values ( 1721 , 'MSU Packaging Alumni', 0);
insert into Member_of values ( 274 , 1773);
insert into Groups values ( 1773 , 'LOREAL Alumni Network', 0);
insert into Member_of values ( 274 , 1722);
insert into Groups values ( 1722 , 'Cosmetics/Personal Care Packaging Professionals', 0);
insert into Member_of values ( 274 , 1774);
insert into Groups values ( 1774 , 'Johnson and Johnsons Alumni Group', 0);
insert into Member_of values ( 274 , 1775);
insert into Groups values ( 1775 , 'MSU Alumni Association', 0);
insert into Member_of values ( 274 , 1758);
insert into Groups values ( 1758 , 'Luxury Packaging', 0);
insert into Member_of values ( 274 , 1718);
insert into Groups values ( 1718 , 'Careers In Cosmetics', 0);
insert into Member_of values ( 274 , 1776);
insert into Groups values ( 1776 , 'Sailing & Cruising', 0);
insert into Employer values ( 1335 , 'Gurwitch Products');
insert into Experience values ( 274 , 1335, '2013-01-01', '');
insert into Employer values ( 1336 , 'Avon Cosmetics');
insert into Experience values ( 274 , 1336, '2010-02-01', '2013-01-03');
insert into Employer values ( 1333 , 'Estee Lauder');
insert into Experience values ( 274 , 1333, '2004-02-01', '2010-02-06');
insert into Employer values ( 1333 , 'Estee Lauder');
insert into Experience values ( 274 , 1333, '2004-02-01', '2007-02-03');
insert into Employer values ( 1337 , 'LOreal');
insert into Experience values ( 274 , 1337, '2003-09-01', '2004-02-06');
insert into Employer values ( 1337 , 'LOreal');
insert into Experience values ( 274 , 1337, '2001-10-01', '2003-09-02');
insert into Employer values ( 1338 , 'Ethicon');
insert into Experience values ( 274 , 1338, '2001-02-01', '2001-10-09');
insert into Employer values ( 1339 , 'Bath & Body Works');
insert into Experience values ( 274 , 1339, '2000-01-01', '');
insert into Employer values ( 1340 , 'Dial');
insert into Experience values ( 274 , 1340, '1999-01-01', '');

insert into User values ( 275 , 'Erin' , 'Teeple', 500, 0, 'Cosmetics');
insert into Employer values ( 1333 , 'Estee Lauder');
insert into Experience values ( 275 , 1333, '2001-08-01', '2014-12-13');
insert into Employer values ( 1341 , 'Estee Lauder Companies, Inc.');
insert into Experience values ( 275 , 1341, '2001-01-01', '2014-12-13');


insert into User values ( 276 , 'Katharine' , 'Price', 19, 0, 'Medical Practice');
insert into Education values ( 276 , 407 , 360 , 'MA', '', '');
insert into University values ( 407 , 'Ohio University');
insert into Education values ( 276 , 408 , 203 , 'BS', '', '');
insert into University values ( 408 , 'State University of New York College at Geneseo');
insert into Education values ( 276 , 409 , 286 , 'MD', '', '');
insert into University values ( 409 , 'University of Rochester School of Medicine and Dentistry');
insert into Employer values ( 1342 , 'Brown University');
insert into Experience values ( 276 , 1342, '2010-07-01', '2014-12-15');

insert into User values ( 277 , 'Anne' , 'Derouin', 5, 0, 'Higher Education');
insert into Employer values ( 1343 , 'Duke school of nursing');
insert into Experience values ( 277 , 1343, '', '');

insert into User values ( 278 , 'Beth' , 'Phillips', 176, 0, 'Hospital & Health Care');
insert into Education values ( 278 , 410 , 229 , 'Masters degree', '1990 – 1993', '1990 – 1993');
insert into University values ( 410 , 'Duke University School of Nursing');
insert into Education values ( 278 , 411 , 214 , 'Bachelor of Science (BS)', '1985 – 1989', '1985 – 1989');
insert into University values ( 411 , 'East Carolina University');
insert into Has_skill values ( 278 , 1036, 0);
insert into Skill values ( 1036 , 'Healthcare');
insert into Has_skill values ( 278 , 318, 0);
insert into Skill values ( 318 , 'Teaching');
insert into Has_skill values ( 278 , 316, 0);
insert into Skill values ( 316 , 'Research');
insert into Has_skill values ( 278 , 422, 0);
insert into Skill values ( 422 , 'Public Speaking');
insert into Has_skill values ( 278 , 1401, 0);
insert into Skill values ( 1401 , 'Nursing');
insert into Has_skill values ( 278 , 1040, 0);
insert into Skill values ( 1040 , 'Hospitals');
insert into Has_skill values ( 278 , 1035, 0);
insert into Skill values ( 1035 , 'Grant Writing');
insert into Has_skill values ( 278 , 1830, 0);
insert into Skill values ( 1830 , 'Program Evaluation');
insert into Has_skill values ( 278 , 1508, 0);
insert into Skill values ( 1508 , 'Health Education');
insert into Has_skill values ( 278 , 1585, 0);
insert into Skill values ( 1585 , 'Critical Care');
insert into Has_skill values ( 278 , 1831, 0);
insert into Skill values ( 1831 , 'BLS');
insert into Has_skill values ( 278 , 321, 0);
insert into Skill values ( 321 , 'Clinical Research');
insert into Has_skill values ( 278 , 372, 0);
insert into Skill values ( 372 , 'Data Analysis');
insert into Has_skill values ( 278 , 1109, 0);
insert into Skill values ( 1109 , 'Healthcare Information...');
insert into Has_skill values ( 278 , 1115, 0);
insert into Skill values ( 1115 , 'Healthcare Management');
insert into Has_skill values ( 278 , 1832, 0);
insert into Skill values ( 1832 , 'Nursing Education');
insert into Has_skill values ( 278 , 1037, 0);
insert into Skill values ( 1037 , 'Public Health');
insert into Has_skill values ( 278 , 1039, 0);
insert into Skill values ( 1039 , 'Program Development');
insert into Has_skill values ( 278 , 1505, 0);
insert into Skill values ( 1505 , 'Cpr Certified');
insert into Has_skill values ( 278 , 1404, 0);
insert into Skill values ( 1404 , 'Patient Safety');
insert into Member_of values ( 278 , 1777);
insert into Groups values ( 1777 , 'Higher Education Teaching and Learning', 0);
insert into Employer values ( 1344 , 'Duke University School of Nursing');
insert into Experience values ( 278 , 1344, '2005-08-01', '2014-12-15');
insert into Employer values ( 1345 , 'Vance Granville Community College');
insert into Experience values ( 278 , 1345, '1998-04-01', '2005-08-07');
insert into Employer values ( 1346 , 'UNC Hospitals');
insert into Experience values ( 278 , 1346, '1993-06-01', '1996-03-02');

insert into User values ( 279 , 'Daniel' , 'Vincent Lacambacal', 145, 0, 'Hospital & Health Care');
insert into Education values ( 279 , 410 , 215 , 'Bachelors Degree', '2013 – 2014', '2013 – 2014');
insert into University values ( 410 , 'Duke University School of Nursing');
insert into Education values ( 279 , 412 , 369 , 'B.S. Biology', '2008 – 2012', '2008 – 2012');
insert into University values ( 412 , 'University of Nevada-Las Vegas');
insert into Education values ( 279 , 413 , 202 , '', '2010 – 2010', '2010 – 2010');
insert into University values ( 413 , 'Universidad de Costa Rica');
insert into Has_skill values ( 279 , 336, 0);
insert into Skill values ( 336 , 'Microsoft Office');
insert into Has_skill values ( 279 , 415, 0);
insert into Skill values ( 415 , 'Access');
insert into Has_skill values ( 279 , 1042, 0);
insert into Skill values ( 1042 , 'Word');
insert into Has_skill values ( 279 , 1833, 0);
insert into Skill values ( 1833 , 'Community Service');
insert into Has_skill values ( 279 , 1834, 0);
insert into Skill values ( 1834 , 'Bioinformatics');
insert into Has_skill values ( 279 , 433, 0);
insert into Skill values ( 433 , 'Nonprofits');
insert into Has_skill values ( 279 , 1038, 0);
insert into Skill values ( 1038 , 'Community Outreach');
insert into Has_skill values ( 279 , 422, 0);
insert into Skill values ( 422 , 'Public Speaking');
insert into Has_skill values ( 279 , 1505, 0);
insert into Skill values ( 1505 , 'Cpr Certified');
insert into Has_skill values ( 279 , 1036, 0);
insert into Skill values ( 1036 , 'Healthcare');
insert into Has_skill values ( 279 , 316, 0);
insert into Skill values ( 316 , 'Research');
insert into Has_skill values ( 279 , 373, 0);
insert into Skill values ( 373 , 'PowerPoint');
insert into Has_skill values ( 279 , 423, 0);
insert into Skill values ( 423 , 'Leadership');
insert into Has_skill values ( 279 , 1835, 0);
insert into Skill values ( 1835 , 'Volunteer Management');
insert into Has_skill values ( 279 , 318, 0);
insert into Skill values ( 318 , 'Teaching');
insert into Has_skill values ( 279 , 416, 0);
insert into Skill values ( 416 , 'Fundraising');
insert into Has_skill values ( 279 , 1213, 0);
insert into Skill values ( 1213 , 'Critical Thinking');
insert into Has_skill values ( 279 , 1133, 0);
insert into Skill values ( 1133 , 'Data Entry');
insert into Has_skill values ( 279 , 341, 0);
insert into Skill values ( 341 , 'Microsoft Excel');
insert into Has_skill values ( 279 , 1836, 0);
insert into Skill values ( 1836 , 'Spanish');
insert into Has_skill values ( 279 , 425, 0);
insert into Skill values ( 425 , 'Microsoft Word');
insert into Has_skill values ( 279 , 1837, 0);
insert into Skill values ( 1837 , 'SPSS');
insert into Has_skill values ( 279 , 1401, 0);
insert into Skill values ( 1401 , 'Nursing');
insert into Has_skill values ( 279 , 1039, 0);
insert into Skill values ( 1039 , 'Program Development');
insert into Has_skill values ( 279 , 1035, 0);
insert into Skill values ( 1035 , 'Grant Writing');
insert into Knows_language values ( 279 , 548);
insert into Languages values ( 548 , 'Tagalog (Fluent)');
insert into Knows_language values ( 279 , 549);
insert into Languages values ( 549 , 'English (Fluent)');
insert into Knows_language values ( 279 , 550);
insert into Languages values ( 550 , 'Spanish (Proficient)');
insert into Employer values ( 1347 , 'Duke University Chapter of the American Assembly for Men in Nursing (AAMN)');
insert into Experience values ( 279 , 1347, '2013-03-01', '2014-02-01');
insert into Employer values ( 1348 , 'Solari Hospice Care');
insert into Experience values ( 279 , 1348, '2011-01-01', '2012-08-01');
insert into Employer values ( 1349 , 'SIFE');
insert into Experience values ( 279 , 1349, '2011-09-01', '2012-05-09');
insert into Employer values ( 1350 , 'St. Thomas Old Catholic Church');
insert into Experience values ( 279 , 1350, '2010-09-01', '2012-05-01');
insert into Employer values ( 1351 , 'UNLV-University Studies Abroad Consortium (USAC)');
insert into Experience values ( 279 , 1351, '2010-08-01', '2012-05-01');
insert into Employer values ( 1352 , 'ACI Pediatrics');
insert into Experience values ( 279 , 1352, '2011-04-01', '2011-07-01');
insert into Employer values ( 1353 , 'Private Practice of Francis E. Jimenez, M.D.');
insert into Experience values ( 279 , 1353, '2010-10-01', '2011-04-07');
insert into Employer values ( 1354 , 'Schiller Lab');
insert into Experience values ( 279 , 1354, '2009-08-01', '2011-01-01');
insert into Employer values ( 1355 , 'St. Rose Pediatrics');
insert into Experience values ( 279 , 1355, '2008-06-01', '2008-08-01');


insert into User values ( 280 , 'Donna' , 'Ryan', 169, 0, 'Hospital & Health Care');
insert into Education values ( 280 , 410 , 370 , 'Doctor of Nursing Practice', '2010 – 2013', '2010 – 2013');
insert into University values ( 410 , 'Duke University School of Nursing');
insert into Has_skill values ( 280 , 321, 0);
insert into Skill values ( 321 , 'Clinical Research');
insert into Has_skill values ( 280 , 1401, 0);
insert into Skill values ( 1401 , 'Nursing');
insert into Has_skill values ( 280 , 1036, 0);
insert into Skill values ( 1036 , 'Healthcare');
insert into Has_skill values ( 280 , 1040, 0);
insert into Skill values ( 1040 , 'Hospitals');
insert into Has_skill values ( 280 , 1831, 0);
insert into Skill values ( 1831 , 'BLS');
insert into Has_skill values ( 280 , 554, 0);
insert into Skill values ( 554 , 'Pediatrics');
insert into Has_skill values ( 280 , 1585, 0);
insert into Skill values ( 1585 , 'Critical Care');
insert into Has_skill values ( 280 , 1404, 0);
insert into Skill values ( 1404 , 'Patient Safety');
insert into Has_skill values ( 280 , 1115, 0);
insert into Skill values ( 1115 , 'Healthcare Management');
insert into Has_skill values ( 280 , 316, 0);
insert into Skill values ( 316 , 'Research');
insert into Has_skill values ( 280 , 1109, 0);
insert into Skill values ( 1109 , 'Healthcare Information...');
insert into Has_skill values ( 280 , 1039, 0);
insert into Skill values ( 1039 , 'Program Development');
insert into Has_skill values ( 280 , 1832, 0);
insert into Skill values ( 1832 , 'Nursing Education');
insert into Member_of values ( 280 , 1778);
insert into Groups values ( 1778 , 'National Association of Neonatal Nurses - NANN', 0);
insert into Member_of values ( 280 , 1779);
insert into Groups values ( 1779 , 'North Carolina Nurses Association', 0);
insert into Member_of values ( 280 , 1780);
insert into Groups values ( 1780 , 'Conference Guru', 0);
insert into Member_of values ( 280 , 1781);
insert into Groups values ( 1781 , 'American Nurses Association', 0);
insert into Member_of values ( 280 , 1782);
insert into Groups values ( 1782 , 'Duke University School of Nursing - Doctor of Nursing Practice', 0);
insert into Employer values ( 1344 , 'Duke University School of Nursing');
insert into Experience values ( 280 , 1344, '2013-12-01', '2014-12-15');

insert into User values ( 281 , 'Jigar' , 'Patel', 141, 0, 'Medical Devices');

insert into User values ( 282 , 'Elise' , 'Rhodes, CFE, CPA, RN', 121, 0, 'Hospital & Health Care');
insert into Education values ( 282 , 414 , 371 , 'Associate of Applied Science', '2011 – 2013', '2011 – 2013');
insert into University values ( 414 , 'NVCC');
insert into Education values ( 282 , 415 , 207 , 'B.A.', '1998 – 2002', '1998 – 2002');
insert into University values ( 415 , 'Mary Baldwin College');
insert into Has_skill values ( 282 , 417, 0);
insert into Skill values ( 417 , 'Management');
insert into Has_skill values ( 282 , 420, 0);
insert into Skill values ( 420 , 'Auditing');
insert into Has_skill values ( 282 , 566, 0);
insert into Skill values ( 566 , 'Internal Controls');
insert into Has_skill values ( 282 , 532, 0);
insert into Skill values ( 532 , 'General Ledger');
insert into Has_skill values ( 282 , 1314, 0);
insert into Skill values ( 1314 , 'Financial Statements');
insert into Has_skill values ( 282 , 1313, 0);
insert into Skill values ( 1313 , 'Financial Audits');
insert into Has_skill values ( 282 , 1299, 0);
insert into Skill values ( 1299 , 'Account Reconciliation');
insert into Has_skill values ( 282 , 1298, 0);
insert into Skill values ( 1298 , 'Accounts Receivable');
insert into Has_skill values ( 282 , 398, 0);
insert into Skill values ( 398 , 'Finance');
insert into Has_skill values ( 282 , 375, 0);
insert into Skill values ( 375 , 'Accounting');
insert into Has_skill values ( 282 , 1779, 0);
insert into Skill values ( 1779 , 'Accounts Payable');
insert into Has_skill values ( 282 , 1302, 0);
insert into Skill values ( 1302 , 'Internal Audit');
insert into Has_skill values ( 282 , 403, 0);
insert into Skill values ( 403 , 'Analysis');
insert into Has_skill values ( 282 , 336, 0);
insert into Skill values ( 336 , 'Microsoft Office');
insert into Has_skill values ( 282 , 1831, 0);
insert into Skill values ( 1831 , 'BLS');
insert into Has_skill values ( 282 , 1838, 0);
insert into Skill values ( 1838 , 'Vital Signs');
insert into Has_skill values ( 282 , 1505, 0);
insert into Skill values ( 1505 , 'Cpr Certified');
insert into Has_skill values ( 282 , 1404, 0);
insert into Skill values ( 1404 , 'Patient Safety');
insert into Has_skill values ( 282 , 1513, 0);
insert into Skill values ( 1513 , 'Patient Education');
insert into Has_skill values ( 282 , 1839, 0);
insert into Skill values ( 1839 , 'Quality Patient Care');
insert into Has_skill values ( 282 , 1840, 0);
insert into Skill values ( 1840 , 'Direct Patient Care');
insert into Has_skill values ( 282 , 1290, 0);
insert into Skill values ( 1290 , 'Medical Terminology');
insert into Employer values ( 1356 , 'MedStar Southern Maryland Hospital Center');
insert into Experience values ( 282 , 1356, '2014-08-01', '2014-12-15');

insert into User values ( 283 , 'Mary' , 'Parker', 17, 0, 'Hospital & Health Care');
insert into Education values ( 283 , 178 , 372 , 'MSN', '2008 – 2011', '2008 – 2011');
insert into University values ( 178 , 'Duke University');
insert into Education values ( 283 , 416 , 373 , 'Diploma RN', '1999 – 2000', '1999 – 2000');
insert into University values ( 416 , 'Watts School of Nursing');
insert into Employer values ( 1357 , 'Duke University Medical Center');
insert into Experience values ( 283 , 1357, '2007-01-01', '');

insert into User values ( 284 , 'Niriksha' , 'Patel', 466, 0, 'Real Estate');

insert into User values ( 285 , 'Anil' , 'Kumar Kalicharan', 500, 0, 'Computer Software');
insert into Has_skill values ( 285 , 779, 0);
insert into Skill values ( 779 , 'IT Strategy');
insert into Has_skill values ( 285 , 560, 0);
insert into Skill values ( 560 , 'Global Delivery');
insert into Has_skill values ( 285 , 494, 0);
insert into Skill values ( 494 , 'Strategy');
insert into Has_skill values ( 285 , 776, 0);
insert into Skill values ( 776 , 'Vendor Management');
insert into Has_skill values ( 285 , 842, 0);
insert into Skill values ( 842 , 'Business Transformation');
insert into Has_skill values ( 285 , 561, 0);
insert into Skill values ( 561 , 'Cloud Computing');
insert into Has_skill values ( 285 , 472, 0);
insert into Skill values ( 472 , 'Outsourcing');
insert into Has_skill values ( 285 , 778, 0);
insert into Skill values ( 778 , 'Change Management');
insert into Has_skill values ( 285 , 471, 0);
insert into Skill values ( 471 , 'CRM');
insert into Has_skill values ( 285 , 834, 0);
insert into Skill values ( 834 , 'PMP');
insert into Has_skill values ( 285 , 1841, 0);
insert into Skill values ( 1841 , 'Pega PRPC');
insert into Has_skill values ( 285 , 818, 0);
insert into Skill values ( 818 , 'Enterprise Architecture');
insert into Has_skill values ( 285 , 353, 0);
insert into Skill values ( 353 , 'Project Management');
insert into Has_skill values ( 285 , 383, 0);
insert into Skill values ( 383 , 'Business Analysis');
insert into Has_skill values ( 285 , 381, 0);
insert into Skill values ( 381 , 'Strategic Planning');
insert into Has_skill values ( 285 , 464, 0);
insert into Skill values ( 464 , 'Business Intelligence');
insert into Has_skill values ( 285 , 860, 0);
insert into Skill values ( 860 , 'IT Service Management');
insert into Has_skill values ( 285 , 417, 0);
insert into Skill values ( 417 , 'Management');
insert into Has_skill values ( 285 , 1842, 0);
insert into Skill values ( 1842 , 'IT Outsourcing');
insert into Has_skill values ( 285 , 379, 0);
insert into Skill values ( 379 , 'Business Development');
insert into Has_skill values ( 285 , 774, 0);
insert into Skill values ( 774 , 'Consulting');
insert into Has_skill values ( 285 , 385, 0);
insert into Skill values ( 385 , 'Management Consulting');
insert into Has_skill values ( 285 , 347, 0);
insert into Skill values ( 347 , 'Business Strategy');
insert into Has_skill values ( 285 , 380, 0);
insert into Skill values ( 380 , 'Analytics');
insert into Has_skill values ( 285 , 826, 0);
insert into Skill values ( 826 , 'Business Process...');
insert into Has_skill values ( 285 , 843, 0);
insert into Skill values ( 843 , 'Solution Architecture');
insert into Has_skill values ( 285 , 430, 0);
insert into Skill values ( 430 , 'Team Leadership');
insert into Has_skill values ( 285 , 423, 0);
insert into Skill values ( 423 , 'Leadership');
insert into Has_skill values ( 285 , 1209, 0);
insert into Skill values ( 1209 , 'Pre-sales');
insert into Has_skill values ( 285 , 826, 0);
insert into Skill values ( 826 , 'Business Process...');
insert into Has_skill values ( 285 , 817, 0);
insert into Skill values ( 817 , 'Enterprise Software');
insert into Has_skill values ( 285 , 738, 0);
insert into Skill values ( 738 , 'SaaS');

insert into User values ( 286 , 'Vivek' , 'Pai', 500, 0, 'Information Technology and Services');
insert into Education values ( 286 , 195 , 202 , '', '1991 – 1995', '1991 – 1995');
insert into University values ( 195 , 'Bangalore University');

insert into User values ( 287 , 'Jayashree' , 'Thacker', 500, 0, 'Management Consulting');
insert into Education values ( 287 , 417 , 374 , 'PGDM', '1985 – 1987', '1985 – 1987');
insert into University values ( 417 , 'Indian Institute of Management, Ahmedabad');
insert into Education values ( 287 , 418 , 375 , 'B.Pharm', '1980 – 1983', '1980 – 1983');
insert into University values ( 418 , 'UDCT, Mumbai');
insert into Education values ( 287 , 116 , 202 , '', '2009 – 2009', '2009 – 2009');
insert into University values ( 116 , 'Cornell University - S.C. Johnson Graduate School of Management');
insert into Has_skill values ( 287 , 385, 0);
insert into Skill values ( 385 , 'Management Consulting');
insert into Has_skill values ( 287 , 494, 0);
insert into Skill values ( 494 , 'Strategy');
insert into Has_skill values ( 287 , 491, 0);
insert into Skill values ( 491 , 'Business Planning');
insert into Has_skill values ( 287 , 842, 0);
insert into Skill values ( 842 , 'Business Transformation');
insert into Has_skill values ( 287 , 376, 0);
insert into Skill values ( 376 , 'Program Management');
insert into Has_skill values ( 287 , 330, 0);
insert into Skill values ( 330 , 'Pharmaceutical Industry');
insert into Has_skill values ( 287 , 1036, 0);
insert into Skill values ( 1036 , 'Healthcare');
insert into Has_skill values ( 287 , 1040, 0);
insert into Skill values ( 1040 , 'Hospitals');
insert into Has_skill values ( 287 , 1367, 0);
insert into Skill values ( 1367 , 'Health Insurance');
insert into Has_skill values ( 287 , 378, 0);
insert into Skill values ( 378 , 'Cross-functional Team...');
insert into Has_skill values ( 287 , 778, 0);
insert into Skill values ( 778 , 'Change Management');
insert into Has_skill values ( 287 , 471, 0);
insert into Skill values ( 471 , 'CRM');
insert into Has_skill values ( 287 , 379, 0);
insert into Skill values ( 379 , 'Business Development');
insert into Has_skill values ( 287 , 560, 0);
insert into Skill values ( 560 , 'Global Delivery');
insert into Has_skill values ( 287 , 901, 0);
insert into Skill values ( 901 , 'Coaching');
insert into Has_skill values ( 287 , 485, 0);
insert into Skill values ( 485 , 'Brand Management');
insert into Has_skill values ( 287 , 477, 0);
insert into Skill values ( 477 , 'Market Research');
insert into Has_skill values ( 287 , 1271, 0);
insert into Skill values ( 1271 , 'University Teaching');
insert into Has_skill values ( 287 , 1843, 0);
insert into Skill values ( 1843 , 'Capability Development');
insert into Member_of values ( 287 , 1783);
insert into Groups values ( 1783 , 'INTERNATIONAL WOMEN LEADERSHIP FORUM', 0);
insert into Member_of values ( 287 , 1784);
insert into Groups values ( 1784 , 'Asia-Pacific Pharmaceutical Industry Professionals', 0);
insert into Member_of values ( 287 , 1785);
insert into Groups values ( 1785 , 'Harvard Business Review - Readers Forum', 0);
insert into Member_of values ( 287 , 1786);
insert into Groups values ( 1786 , 'HEALTH INSURANCE INDIA', 0);
insert into Member_of values ( 287 , 1787);
insert into Groups values ( 1787 , 'Indian Institute of Management Ahmedabad', 0);
insert into Member_of values ( 287 , 1788);
insert into Groups values ( 1788 , 'Global Medical Insurance Professionals 2012 and beyond!', 0);
insert into Member_of values ( 287 , 1789);
insert into Groups values ( 1789 , 'Hospital Sales & Marketing Professionals', 0);
insert into Member_of values ( 287 , 1790);
insert into Groups values ( 1790 , 'India Leadership Network', 0);
insert into Member_of values ( 287 , 1791);
insert into Groups values ( 1791 , 'Quality-by-Design', 0);
insert into Member_of values ( 287 , 1792);
insert into Groups values ( 1792 , 'K&R Negotiation Alumni', 0);
insert into Member_of values ( 287 , 1294);
insert into Groups values ( 1294 , 'Biotech & Pharma Professionals Network', 0);
insert into Member_of values ( 287 , 1082);
insert into Groups values ( 1082 , 'Global Insurance Network', 0);
insert into Member_of values ( 287 , 1793);
insert into Groups values ( 1793 , 'Strategic Business and Competitive Intelligence Professionals', 0);
insert into Member_of values ( 287 , 869);
insert into Groups values ( 869 , 'Healthcare Analytics and Informatics, Healthcare Analytics, Healthcare Informatics', 0);
insert into Member_of values ( 287 , 1794);
insert into Groups values ( 1794 , 'Pharma and Healthcare Professionals: Let The World Know Your Views', 0);
insert into Member_of values ( 287 , 1075);
insert into Groups values ( 1075 , 'Global Insurance Professionals', 0);
insert into Member_of values ( 287 , 1795);
insert into Groups values ( 1795 , 'HIMSS Asia Pacific India Chapter', 0);
insert into Member_of values ( 287 , 1796);
insert into Groups values ( 1796 , 'Pharma Connections Worldwide', 0);
insert into Knows_language values ( 287 , 501);
insert into Languages values ( 501 , 'English');
insert into Knows_language values ( 287 , 504);
insert into Languages values ( 504 , 'Hindi');
insert into Knows_language values ( 287 , 528);
insert into Languages values ( 528 , 'Tamil');
insert into Employer values ( 1358 , 'IBM India Pvt Ltd');
insert into Experience values ( 287 , 1358, '2013-07-01', '2014-12-15');
insert into Employer values ( 1358 , 'IBM India Pvt Ltd');
insert into Experience values ( 287 , 1358, '2012-01-01', '');
insert into Employer values ( 1358 , 'IBM India Pvt Ltd');
insert into Experience values ( 287 , 1358, '2002-01-01', '');
insert into Employer values ( 647 , 'PricewaterhouseCoopers');
insert into Experience values ( 287 , 647, '1998-01-01', '');
insert into Employer values ( 1359 , 'Coopers & Lybrand Pvt Ltd');
insert into Experience values ( 287 , 1359, '1993-01-01', '');
insert into Employer values ( 1360 , 'Boots Pharmaceuticals Limited');
insert into Experience values ( 287 , 1360, '1991-01-01', '');
insert into Employer values ( 1361 , 'Glaxo India Limited');
insert into Experience values ( 287 , 1361, '1987-01-01', '');
insert into Employer values ( 1362 , 'Duphar-Interfran Limited');
insert into Experience values ( 287 , 1362, '1984-01-01', '');
insert into Employer values ( 1363 , 'Raptakos Brett & Co. Ltd');
insert into Experience values ( 287 , 1363, '1983-01-01', '');

insert into User values ( 288 , 'Kiran' , 'Ayyagari', 359, 0, 'Information Technology and Services');

insert into User values ( 289 , 'Bastian' , 'Davis', 486, 0, 'Information Technology and Services');
insert into Education values ( 289 , 419 , 261 , 'MS', '1998 – 2000', '1998 – 2000');
insert into University values ( 419 , 'Alagappa University');
insert into Education values ( 289 , 419 , 320 , 'MSc', '1998 – 2000', '1998 – 2000');
insert into University values ( 419 , 'Alagappa University');
insert into Education values ( 289 , 420 , 376 , 'B.Sc', '1995 – 1998', '1995 – 1998');
insert into University values ( 420 , 'University of Calicut');
insert into Has_skill values ( 289 , 379, 0);
insert into Skill values ( 379 , 'Business Development');
insert into Has_skill values ( 289 , 1212, 0);
insert into Skill values ( 1212 , 'Go-to-market Strategy');
insert into Has_skill values ( 289 , 1053, 0);
insert into Skill values ( 1053 , 'Relationship Management');
insert into Has_skill values ( 289 , 1844, 0);
insert into Skill values ( 1844 , 'Bid Preparation');
insert into Has_skill values ( 289 , 1209, 0);
insert into Skill values ( 1209 , 'Pre-sales');
insert into Has_skill values ( 289 , 843, 0);
insert into Skill values ( 843 , 'Solution Architecture');
insert into Has_skill values ( 289 , 560, 0);
insert into Skill values ( 560 , 'Global Delivery');
insert into Has_skill values ( 289 , 376, 0);
insert into Skill values ( 376 , 'Program Management');
insert into Has_skill values ( 289 , 779, 0);
insert into Skill values ( 779 , 'IT Strategy');
insert into Has_skill values ( 289 , 472, 0);
insert into Skill values ( 472 , 'Outsourcing');
insert into Has_skill values ( 289 , 838, 0);
insert into Skill values ( 838 , 'Requirements Analysis');
insert into Has_skill values ( 289 , 1842, 0);
insert into Skill values ( 1842 , 'IT Outsourcing');
insert into Has_skill values ( 289 , 383, 0);
insert into Skill values ( 383 , 'Business Analysis');
insert into Has_skill values ( 289 , 776, 0);
insert into Skill values ( 776 , 'Vendor Management');
insert into Has_skill values ( 289 , 1692, 0);
insert into Skill values ( 1692 , 'BPO');
insert into Has_skill values ( 289 , 377, 0);
insert into Skill values ( 377 , 'Product Management');
insert into Has_skill values ( 289 , 803, 0);
insert into Skill values ( 803 , 'SDLC');
insert into Has_skill values ( 289 , 494, 0);
insert into Skill values ( 494 , 'Strategy');
insert into Has_skill values ( 289 , 417, 0);
insert into Skill values ( 417 , 'Management');
insert into Member_of values ( 289 , 1797);
insert into Groups values ( 1797 , 'HIMSS', 0);
insert into Member_of values ( 289 , 1798);
insert into Groups values ( 1798 , '2011 State Healthcare IT Connect', 0);
insert into Employer values ( 1364 , 'Hewlett-Packard');
insert into Experience values ( 289 , 1364, '2011-12-01', '2014-12-15');
insert into Employer values ( 834 , 'Wipro Technologies');
insert into Experience values ( 289 , 834, '2011-03-01', '2012-04-01');
insert into Employer values ( 834 , 'Wipro Technologies');
insert into Experience values ( 289 , 834, '2009-02-01', '2011-02-02');
insert into Employer values ( 834 , 'Wipro Technologies');
insert into Experience values ( 289 , 834, '2007-01-01', '2009-02-02');
insert into Employer values ( 834 , 'Wipro Technologies');
insert into Experience values ( 289 , 834, '2004-08-01', '2006-12-02');
insert into Employer values ( 834 , 'Wipro Technologies');
insert into Experience values ( 289 , 834, '2002-11-01', '2004-07-01');
insert into Employer values ( 1365 , 'Spatial Data');
insert into Experience values ( 289 , 1365, '2001-09-01', '2002-10-01');
insert into Employer values ( 1366 , 'world wide applications');
insert into Experience values ( 289 , 1366, '2000-01-01', '');

insert into User values ( 290 , 'Sree' , 'Sahasranaman', 269, 0, 'Information Technology and Services');
insert into Education values ( 290 , 421 , 377 , 'FAHM(Fellow, Academy for Healthcare Management)', '2000 – 2001', '2000 – 2001');
insert into University values ( 421 , 'AHIP');
insert into Education values ( 290 , 422 , 256 , 'MCA', '1993 – 1996', '1993 – 1996');
insert into University values ( 422 , 'Victoria Jubilee Technical Institue(VJTI)');
insert into Has_skill values ( 290 , 1845, 0);
insert into Skill values ( 1845 , 'ICD-10');
insert into Has_skill values ( 290 , 443, 0);
insert into Skill values ( 443 , 'Databases');
insert into Has_skill values ( 290 , 838, 0);
insert into Skill values ( 838 , 'Requirements Analysis');
insert into Has_skill values ( 290 , 376, 0);
insert into Skill values ( 376 , 'Program Management');
insert into Has_skill values ( 290 , 1036, 0);
insert into Skill values ( 1036 , 'Healthcare');
insert into Has_skill values ( 290 , 779, 0);
insert into Skill values ( 779 , 'IT Strategy');
insert into Has_skill values ( 290 , 1109, 0);
insert into Skill values ( 1109 , 'Healthcare Information...');
insert into Has_skill values ( 290 , 891, 0);
insert into Skill values ( 891 , 'SOA');
insert into Has_skill values ( 290 , 803, 0);
insert into Skill values ( 803 , 'SDLC');
insert into Has_skill values ( 290 , 383, 0);
insert into Skill values ( 383 , 'Business Analysis');
insert into Has_skill values ( 290 , 464, 0);
insert into Skill values ( 464 , 'Business Intelligence');
insert into Has_skill values ( 290 , 776, 0);
insert into Skill values ( 776 , 'Vendor Management');
insert into Has_skill values ( 290 , 472, 0);
insert into Skill values ( 472 , 'Outsourcing');
insert into Has_skill values ( 290 , 1209, 0);
insert into Skill values ( 1209 , 'Pre-sales');
insert into Has_skill values ( 290 , 353, 0);
insert into Skill values ( 353 , 'Project Management');
insert into Has_skill values ( 290 , 818, 0);
insert into Skill values ( 818 , 'Enterprise Architecture');
insert into Has_skill values ( 290 , 1846, 0);
insert into Skill values ( 1846 , 'Strategic Consulting');
insert into Has_skill values ( 290 , 1566, 0);
insert into Skill values ( 1566 , 'Healthcare Consulting');
insert into Has_skill values ( 290 , 1847, 0);
insert into Skill values ( 1847 , 'Domain Modeling');
insert into Has_skill values ( 290 , 837, 0);
insert into Skill values ( 837 , 'Business Process');
insert into Member_of values ( 290 , 1799);
insert into Groups values ( 1799 , 'Managed Care Executives - Join 1,000s of your peers', 0);
insert into Member_of values ( 290 , 1797);
insert into Groups values ( 1797 , 'HIMSS', 0);
insert into Member_of values ( 290 , 1800);
insert into Groups values ( 1800 , 'VJTI-MCAs', 0);
insert into Member_of values ( 290 , 1801);
insert into Groups values ( 1801 , 'Indias Health Insurance Plans', 0);
insert into Member_of values ( 290 , 1802);
insert into Groups values ( 1802 , 'VJTI Alumni Network', 0);
insert into Member_of values ( 290 , 1803);
insert into Groups values ( 1803 , 'US Healthcare Insurance', 0);
insert into Member_of values ( 290 , 1804);
insert into Groups values ( 1804 , 'Service Oriented Architecture Special Interest Group', 0);
insert into Member_of values ( 290 , 871);
insert into Groups values ( 871 , 'HealthCare Information Technology', 0);
insert into Member_of values ( 290 , 1805);
insert into Groups values ( 1805 , 'Payer Industry Consultants', 0);
insert into Member_of values ( 290 , 1806);
insert into Groups values ( 1806 , 'MMIS(Medicaid Management Information System) Professionals', 0);
insert into Employer values ( 1367 , 'Cognizant Technology Solutions');
insert into Experience values ( 290 , 1367, '2012-02-01', '2014-12-11');
insert into Employer values ( 834 , 'Wipro Technologies');
insert into Experience values ( 290 , 834, '2004-12-01', '2012-01-07');
insert into Employer values ( 1368 , 'IBM Global Services');
insert into Experience values ( 290 , 1368, '1996-06-01', '2004-12-08');

insert into User values ( 291 , 'Nitin' , 'Bose', 500, 0, 'Health, Wellness and Fitness');
insert into Education values ( 291 , 423 , 378 , 'International Trade Management', '2002 – 2003', '2002 – 2003');
insert into University values ( 423 , 'Narsee Monjee Institute of Management Studies, Bombay');
insert into Education values ( 291 , 424 , 379 , 'MMS (MBA)', '2001 – 2003', '2001 – 2003');
insert into University values ( 424 , 'University of Mumbai');
insert into Education values ( 291 , 424 , 380 , 'Bachelor of Engineering', '1995 – 1999', '1995 – 1999');
insert into University values ( 424 , 'University of Mumbai');
insert into Education values ( 291 , 425 , 211 , 'High School', '1984 – 1992', '1984 – 1992');
insert into University values ( 425 , 'Don Bosco High School');
insert into Has_skill values ( 291 , 1111, 0);
insert into Skill values ( 1111 , 'HIPAA');
insert into Has_skill values ( 291 , 1392, 0);
insert into Skill values ( 1392 , 'Medical Devices');
insert into Has_skill values ( 291 , 1848, 0);
insert into Skill values ( 1848 , 'Payors');
insert into Has_skill values ( 291 , 1849, 0);
insert into Skill values ( 1849 , 'Providers');
insert into Has_skill values ( 291 , 1109, 0);
insert into Skill values ( 1109 , 'Healthcare Information...');
insert into Has_skill values ( 291 , 1752, 0);
insert into Skill values ( 1752 , 'Competitive Intelligence');
insert into Has_skill values ( 291 , 1850, 0);
insert into Skill values ( 1850 , 'Business Analytics');
insert into Has_skill values ( 291 , 1846, 0);
insert into Skill values ( 1846 , 'Strategic Consulting');
insert into Has_skill values ( 291 , 380, 0);
insert into Skill values ( 380 , 'Analytics');
insert into Has_skill values ( 291 , 385, 0);
insert into Skill values ( 385 , 'Management Consulting');
insert into Has_skill values ( 291 , 1851, 0);
insert into Skill values ( 1851 , 'Gap Analysis');
insert into Has_skill values ( 291 , 464, 0);
insert into Skill values ( 464 , 'Business Intelligence');
insert into Has_skill values ( 291 , 383, 0);
insert into Skill values ( 383 , 'Business Analysis');
insert into Has_skill values ( 291 , 826, 0);
insert into Skill values ( 826 , 'Business Process...');
insert into Has_skill values ( 291 , 1852, 0);
insert into Skill values ( 1852 , 'Information Management');
insert into Has_skill values ( 291 , 1845, 0);
insert into Skill values ( 1845 , 'ICD-10');
insert into Has_skill values ( 291 , 1853, 0);
insert into Skill values ( 1853 , 'Health Insurance...');
insert into Has_skill values ( 291 , 376, 0);
insert into Skill values ( 376 , 'Program Management');
insert into Has_skill values ( 291 , 1854, 0);
insert into Skill values ( 1854 , 'speciality pharma');
insert into Has_skill values ( 291 , 1855, 0);
insert into Skill values ( 1855 , 'Pharmacy Benefit...');
insert into Has_skill values ( 291 , 1367, 0);
insert into Skill values ( 1367 , 'Health Insurance');
insert into Has_skill values ( 291 , 1582, 0);
insert into Skill values ( 1582 , 'Informatics');
insert into Has_skill values ( 291 , 779, 0);
insert into Skill values ( 779 , 'IT Strategy');
insert into Has_skill values ( 291 , 842, 0);
insert into Skill values ( 842 , 'Business Transformation');
insert into Has_skill values ( 291 , 471, 0);
insert into Skill values ( 471 , 'CRM');
insert into Has_skill values ( 291 , 347, 0);
insert into Skill values ( 347 , 'Business Strategy');
insert into Has_skill values ( 291 , 565, 0);
insert into Skill values ( 565 , 'Software Project...');
insert into Has_skill values ( 291 , 846, 0);
insert into Skill values ( 846 , 'Data Warehousing');
insert into Has_skill values ( 291 , 774, 0);
insert into Skill values ( 774 , 'Consulting');
insert into Has_skill values ( 291 , 417, 0);
insert into Skill values ( 417 , 'Management');
insert into Has_skill values ( 291 , 776, 0);
insert into Skill values ( 776 , 'Vendor Management');
insert into Has_skill values ( 291 , 843, 0);
insert into Skill values ( 843 , 'Solution Architecture');
insert into Has_skill values ( 291 , 423, 0);
insert into Skill values ( 423 , 'Leadership');
insert into Has_skill values ( 291 , 1856, 0);
insert into Skill values ( 1856 , 'Master Data Management');
insert into Has_skill values ( 291 , 353, 0);
insert into Skill values ( 353 , 'Project Management');
insert into Has_skill values ( 291 , 826, 0);
insert into Skill values ( 826 , 'Business Process...');
insert into Has_skill values ( 291 , 803, 0);
insert into Skill values ( 803 , 'SDLC');
insert into Has_skill values ( 291 , 1857, 0);
insert into Skill values ( 1857 , 'Process Consulting');
insert into Has_skill values ( 291 , 837, 0);
insert into Skill values ( 837 , 'Business Process');
insert into Has_skill values ( 291 , 818, 0);
insert into Skill values ( 818 , 'Enterprise Architecture');
insert into Has_skill values ( 291 , 844, 0);
insert into Skill values ( 844 , 'Requirements Gathering');
insert into Has_skill values ( 291 , 838, 0);
insert into Skill values ( 838 , 'Requirements Analysis');
insert into Has_skill values ( 291 , 826, 0);
insert into Skill values ( 826 , 'Business Process...');
insert into Has_skill values ( 291 , 1209, 0);
insert into Skill values ( 1209 , 'Pre-sales');
insert into Has_skill values ( 291 , 1858, 0);
insert into Skill values ( 1858 , 'Business Process Design');
insert into Has_skill values ( 291 , 891, 0);
insert into Skill values ( 891 , 'SOA');
insert into Has_skill values ( 291 , 560, 0);
insert into Skill values ( 560 , 'Global Delivery');
insert into Has_skill values ( 291 , 1036, 0);
insert into Skill values ( 1036 , 'Healthcare');
insert into Has_skill values ( 291 , 472, 0);
insert into Skill values ( 472 , 'Outsourcing');
insert into Has_skill values ( 291 , 494, 0);
insert into Skill values ( 494 , 'Strategy');
insert into Member_of values ( 291 , 1807);
insert into Groups values ( 1807 , 'HIPAA 5010/ICD-10 (A new Dimension in Healthcare)-Testing, Conversion, Implementation Experts.', 0);
insert into Member_of values ( 291 , 1808);
insert into Groups values ( 1808 , 'Top Consulting Firms - Employees and Alumni', 0);
insert into Member_of values ( 291 , 1809);
insert into Groups values ( 1809 , 'eOffice Workplace Design Community', 0);
insert into Member_of values ( 291 , 1810);
insert into Groups values ( 1810 , 'Global Generic Medicine Markets', 0);
insert into Member_of values ( 291 , 1811);
insert into Groups values ( 1811 , 'Business Intelligence: Leaders & Professionals.', 0);
insert into Member_of values ( 291 , 1812);
insert into Groups values ( 1812 , 'Non Resident Indians', 0);
insert into Member_of values ( 291 , 1813);
insert into Groups values ( 1813 , 'Infy Connection', 0);
insert into Member_of values ( 291 , 1814);
insert into Groups values ( 1814 , 'Connected in Far West End - Richmond VA', 0);
insert into Member_of values ( 291 , 1815);
insert into Groups values ( 1815 , 'Life Sciences Reimbursement Group', 0);
insert into Member_of values ( 291 , 1816);
insert into Groups values ( 1816 , 'LiMS forum - Laboratory Informatics Institute users group for LIMS, Scientific & Health Informatics', 0);
insert into Member_of values ( 291 , 1196);
insert into Groups values ( 1196 , 'Health 2.0', 0);
insert into Member_of values ( 291 , 1817);
insert into Groups values ( 1817 , 'Patient Portal', 0);
insert into Member_of values ( 291 , 1818);
insert into Groups values ( 1818 , 'Clinical Informatics Leadership', 0);
insert into Member_of values ( 291 , 1819);
insert into Groups values ( 1819 , 'INDIA OUTSOURCING', 0);
insert into Member_of values ( 291 , 1786);
insert into Groups values ( 1786 , 'HEALTH INSURANCE INDIA', 0);
insert into Member_of values ( 291 , 1820);
insert into Groups values ( 1820 , 'Forum for Healthcare Strategists', 0);
insert into Member_of values ( 291 , 1821);
insert into Groups values ( 1821 , 'Health Information Exchange (HIE), Disease Management, Accountable Care Orgs. (ACOs), Medical Homes', 0);
insert into Member_of values ( 291 , 1822);
insert into Groups values ( 1822 , 'Infosys Consulting', 0);
insert into Member_of values ( 291 , 1823);
insert into Groups values ( 1823 , 'Business Intelligence, Big Data, Analytics, MIS Reporting & Database Group', 0);
insert into Member_of values ( 291 , 1824);
insert into Groups values ( 1824 , 'Consulting Community', 0);
insert into Member_of values ( 291 , 1825);
insert into Groups values ( 1825 , 'Disease Management Association of India', 0);
insert into Member_of values ( 291 , 1826);
insert into Groups values ( 1826 , 'Healthcare Technology Alliance', 0);
insert into Member_of values ( 291 , 1827);
insert into Groups values ( 1827 , 'Infosys Consulting network', 0);
insert into Member_of values ( 291 , 1828);
insert into Groups values ( 1828 , 'Healthcare Reform, Health Care Reforms Effect on Health Insurance in the US', 0);
insert into Member_of values ( 291 , 1829);
insert into Groups values ( 1829 , 'MyLinkWiki', 0);
insert into Member_of values ( 291 , 1830);
insert into Groups values ( 1830 , 'Pharmaceutical Discussion Group', 0);
insert into Member_of values ( 291 , 1831);
insert into Groups values ( 1831 , 'Indian Healthcare Industry ( Meet people who matter)', 0);
insert into Member_of values ( 291 , 1832);
insert into Groups values ( 1832 , 'IHF Dubai', 0);
insert into Member_of values ( 291 , 1833);
insert into Groups values ( 1833 , 'Facebook User Group', 0);
insert into Member_of values ( 291 , 1834);
insert into Groups values ( 1834 , 'Returning Indians - NRIs, Returned Indians & Expatriates', 0);
insert into Member_of values ( 291 , 1835);
insert into Groups values ( 1835 , 'Infy Alumni', 0);
insert into Member_of values ( 291 , 1836);
insert into Groups values ( 1836 , 'BCBS Corporate Network', 0);
insert into Member_of values ( 291 , 1837);
insert into Groups values ( 1837 , 'Pharmaceutical, Biotech & Healthcare Discussion Group', 0);
insert into Member_of values ( 291 , 1838);
insert into Groups values ( 1838 , 'Free Resume Drop BOX - (Global Job Seekers)', 0);
insert into Member_of values ( 291 , 1839);
insert into Groups values ( 1839 , 'HealthCare & Pharma Jobs', 0);
insert into Member_of values ( 291 , 1840);
insert into Groups values ( 1840 , 'Management Consulting Jobs - Powered by IvyExec.com', 0);
insert into Member_of values ( 291 , 1841);
insert into Groups values ( 1841 , 'Lifesciences Opportunities in US', 0);
insert into Member_of values ( 291 , 1842);
insert into Groups values ( 1842 , 'HealthForge - the Open Access Health Informatics Community', 0);
insert into Member_of values ( 291 , 1843);
insert into Groups values ( 1843 , 'HFMA - Healthcare Financial Management Association (U.S.A.)', 0);
insert into Member_of values ( 291 , 1844);
insert into Groups values ( 1844 , 'Healthcare Meaningful Use Portal', 0);
insert into Member_of values ( 291 , 862);
insert into Groups values ( 862 , 'Healthcare IT World', 0);
insert into Member_of values ( 291 , 1845);
insert into Groups values ( 1845 , 'Innovative Trends in improvement of Medical billing,Coding (ICD9 to ICD10 Converstion)& MT.', 0);
insert into Member_of values ( 291 , 1846);
insert into Groups values ( 1846 , 'Consulting Life Sciences', 0);
insert into Member_of values ( 291 , 1847);
insert into Groups values ( 1847 , 'Consulting magazine Forum', 0);
insert into Member_of values ( 291 , 1848);
insert into Groups values ( 1848 , 'I want a career, not a J-O-B', 0);
insert into Member_of values ( 291 , 1849);
insert into Groups values ( 1849 , 'Healthcare IT News', 0);
insert into Member_of values ( 291 , 506);
insert into Groups values ( 506 , 'Harvard Business Review', 0);
insert into Member_of values ( 291 , 1793);
insert into Groups values ( 1793 , 'Strategic Business and Competitive Intelligence Professionals', 0);
insert into Knows_language values ( 291 , 501);
insert into Languages values ( 501 , 'English');
insert into Knows_language values ( 291 , 526);
insert into Languages values ( 526 , 'Marathi');
insert into Knows_language values ( 291 , 527);
insert into Languages values ( 527 , 'Malayalam');
insert into Knows_language values ( 291 , 509);
insert into Languages values ( 509 , 'French');
insert into Knows_language values ( 291 , 504);
insert into Languages values ( 504 , 'Hindi');
insert into Employer values ( 1369 , 'Anthem Inc.');
insert into Experience values ( 291 , 1369, '2014-09-01', '2014-12-15');
insert into Employer values ( 1370 , 'Infosys');
insert into Experience values ( 291 , 1370, '2014-07-01', '2014-09-03');
insert into Employer values ( 1370 , 'Infosys');
insert into Experience values ( 291 , 1370, '2011-10-01', '2014-06-02');
insert into Employer values ( 1371 , 'Infosys Consulting, Inc.');
insert into Experience values ( 291 , 1371, '2010-02-01', '2011-10-01');
insert into Employer values ( 1372 , 'Infosys Consulting');
insert into Experience values ( 291 , 1372, '2004-05-01', '2010-01-05');
insert into Employer values ( 1373 , 'Frost & Sullivan');
insert into Experience values ( 291 , 1373, '2003-02-01', '2004-04-01');
insert into Employer values ( 1374 , 'Elder Pharmaceuticals');
insert into Experience values ( 291 , 1374, '2002-05-01', '2002-08-04');
insert into Employer values ( 1375 , 'EagleBurgmann');
insert into Experience values ( 291 , 1375, '1999-12-01', '2001-01-01');

insert into User values ( 292 , 'Pravat' , 'Jena', 500, 0, 'Information Technology and Services');
insert into Education values ( 292 , 426 , 202 , '', '', '');
insert into University values ( 426 , 'National Institute of Technology Rourkela');
insert into Education values ( 292 , 427 , 374 , 'PGDM', '', '');
insert into University values ( 427 , 'Xavier Institute of Management');
insert into Has_skill values ( 292 , 472, 0);
insert into Skill values ( 472 , 'Outsourcing');
insert into Has_skill values ( 292 , 347, 0);
insert into Skill values ( 347 , 'Business Strategy');
insert into Has_skill values ( 292 , 779, 0);
insert into Skill values ( 779 , 'IT Strategy');
insert into Has_skill values ( 292 , 1209, 0);
insert into Skill values ( 1209 , 'Pre-sales');
insert into Has_skill values ( 292 , 828, 0);
insert into Skill values ( 828 , 'Supply Chain Management');
insert into Has_skill values ( 292 , 385, 0);
insert into Skill values ( 385 , 'Management Consulting');
insert into Has_skill values ( 292 , 673, 0);
insert into Skill values ( 673 , 'New Business Development');
insert into Has_skill values ( 292 , 1036, 0);
insert into Skill values ( 1036 , 'Healthcare');
insert into Has_skill values ( 292 , 1154, 0);
insert into Skill values ( 1154 , 'Lifesciences');
insert into Has_skill values ( 292 , 999, 0);
insert into Skill values ( 999 , 'Aerospace');
insert into Has_skill values ( 292 , 1859, 0);
insert into Skill values ( 1859 , 'Large Scale Change...');
insert into Has_skill values ( 292 , 1860, 0);
insert into Skill values ( 1860 , 'Large Deals');
insert into Has_skill values ( 292 , 1861, 0);
insert into Skill values ( 1861 , 'Full P&L Responsibility');
insert into Has_skill values ( 292 , 1737, 0);
insert into Skill values ( 1737 , 'P&L Responsibility');
insert into Has_skill values ( 292 , 379, 0);
insert into Skill values ( 379 , 'Business Development');
insert into Has_skill values ( 292 , 417, 0);
insert into Skill values ( 417 , 'Management');
insert into Has_skill values ( 292 , 423, 0);
insert into Skill values ( 423 , 'Leadership');
insert into Has_skill values ( 292 , 774, 0);
insert into Skill values ( 774 , 'Consulting');
insert into Has_skill values ( 292 , 842, 0);
insert into Skill values ( 842 , 'Business Transformation');
insert into Member_of values ( 292 , 1790);
insert into Groups values ( 1790 , 'India Leadership Network', 0);
insert into Member_of values ( 292 , 1850);
insert into Groups values ( 1850 , 'Healthcare & Pharma Jobs - Top Healthcare & Pharma Jobs in India', 0);
insert into Member_of values ( 292 , 1851);
insert into Groups values ( 1851 , 'PwC India Alumni', 0);
insert into Member_of values ( 292 , 1852);
insert into Groups values ( 1852 , 'IBM Official Alumni Group: The Greater IBM Connection', 0);
insert into Member_of values ( 292 , 1853);
insert into Groups values ( 1853 , 'Xavier Institute of Management Bhubaneswar - Alumni', 0);
insert into Member_of values ( 292 , 1854);
insert into Groups values ( 1854 , 'The Recruitment Network', 0);
insert into Member_of values ( 292 , 1855);
insert into Groups values ( 1855 , 'Life Sciences Industry Executive Network', 0);
insert into Member_of values ( 292 , 1856);
insert into Groups values ( 1856 , 'IBM Institute for Business Value', 0);
insert into Member_of values ( 292 , 1857);
insert into Groups values ( 1857 , 'NIT (REC) Rourkela', 0);
insert into Member_of values ( 292 , 1294);
insert into Groups values ( 1294 , 'Biotech & Pharma Professionals Network', 0);
insert into Member_of values ( 292 , 1858);
insert into Groups values ( 1858 , 'Pharma and Life Sciences', 0);
insert into Member_of values ( 292 , 1859);
insert into Groups values ( 1859 , 'ibm.com', 0);
insert into Member_of values ( 292 , 1860);
insert into Groups values ( 1860 , 'Top Jobs in Asia', 0);
insert into Member_of values ( 292 , 1808);
insert into Groups values ( 1808 , 'Top Consulting Firms - Employees and Alumni', 0);
insert into Member_of values ( 292 , 1861);
insert into Groups values ( 1861 , 'Smarter Healthcare', 0);
insert into Member_of values ( 292 , 1862);
insert into Groups values ( 1862 , 'Xavier Institute of Management Bhubaneswar (XIMB)', 0);
insert into Employer values ( 694 , 'IBM');
insert into Experience values ( 292 , 694, '2005-04-01', '2014-12-15');
insert into Employer values ( 1376 , 'Honeywell');
insert into Experience values ( 292 , 1376, '2003-01-01', '2005-03-02');
insert into Employer values ( 1377 , 'Ramco Systems');
insert into Experience values ( 292 , 1377, '2001-01-01', '');
insert into Employer values ( 1378 , 'PriceWaterhouseCoopers');
insert into Experience values ( 292 , 1378, '1997-01-01', '');

insert into User values ( 293 , 'Muralikrishnan' , 'Sundararajan', 500, 0, 'Pharmaceuticals');
insert into Education values ( 293 , 428 , 277 , 'Certification', '2013 – 2013', '2013 – 2013');
insert into University values ( 428 , 'Oracle University');
insert into Education values ( 293 , 429 , 318 , 'Certificate', '2008 – 2008', '2008 – 2008');
insert into University values ( 429 , 'California Medical Education');
insert into Education values ( 293 , 429 , 318 , 'Certificate', '2008 – 2008', '2008 – 2008');
insert into University values ( 429 , 'California Medical Education');
insert into Education values ( 293 , 430 , 381 , 'BOSC-CPIM', '2006 – 2006', '2006 – 2006');
insert into University values ( 430 , 'APICS');
insert into Education values ( 293 , 419 , 382 , 'ADPM', '2003 – 2004', '2003 – 2004');
insert into University values ( 419 , 'Alagappa University');
insert into Education values ( 293 , 431 , 383 , 'PGDOM', '1999 – 2002', '1999 – 2002');
insert into University values ( 431 , 'IGNOU');
insert into Education values ( 293 , 254 , 384 , 'B.Tech (chemical)', '1996 – 1999', '1996 – 1999');
insert into University values ( 254 , 'University of Madras');
insert into Education values ( 293 , 432 , 385 , 'DIS', '1996 – 1997', '1996 – 1997');
insert into University values ( 432 , 'Annamalai University');
insert into Education values ( 293 , 433 , 386 , 'Diploma in Chemical Technology', '1992 – 1995', '1992 – 1995');
insert into University values ( 433 , 'State Board of Technical Education');
insert into Education values ( 293 , 434 , 387 , 'SSLC', '1987 – 1992', '1987 – 1992');
insert into University values ( 434 , 'Sir.M.Ct.M.H.S.S');
insert into Has_skill values ( 293 , 801, 0);
insert into Skill values ( 801 , 'ERP');
insert into Has_skill values ( 293 , 837, 0);
insert into Skill values ( 837 , 'Business Process');
insert into Has_skill values ( 293 , 383, 0);
insert into Skill values ( 383 , 'Business Analysis');
insert into Has_skill values ( 293 , 385, 0);
insert into Skill values ( 385 , 'Management Consulting');
insert into Has_skill values ( 293 , 1209, 0);
insert into Skill values ( 1209 , 'Pre-sales');
insert into Has_skill values ( 293 , 472, 0);
insert into Skill values ( 472 , 'Outsourcing');
insert into Has_skill values ( 293 , 494, 0);
insert into Skill values ( 494 , 'Strategy');
insert into Has_skill values ( 293 , 826, 0);
insert into Skill values ( 826 , 'Business Process...');
insert into Has_skill values ( 293 , 478, 0);
insert into Skill values ( 478 , 'Team Management');
insert into Has_skill values ( 293 , 471, 0);
insert into Skill values ( 471 , 'CRM');
insert into Has_skill values ( 293 , 1862, 0);
insert into Skill values ( 1862 , '21 CFR Part 11');
insert into Has_skill values ( 293 , 1603, 0);
insert into Skill values ( 1603 , 'SAP');
insert into Has_skill values ( 293 , 1582, 0);
insert into Skill values ( 1582 , 'Informatics');
insert into Has_skill values ( 293 , 712, 0);
insert into Skill values ( 712 , 'Procurement');
insert into Has_skill values ( 293 , 417, 0);
insert into Skill values ( 417 , 'Management');
insert into Has_skill values ( 293 , 779, 0);
insert into Skill values ( 779 , 'IT Strategy');
insert into Has_skill values ( 293 , 1863, 0);
insert into Skill values ( 1863 , 'Thought Leadership');
insert into Has_skill values ( 293 , 902, 0);
insert into Skill values ( 902 , 'Product Lifecycle...');
insert into Has_skill values ( 293 , 778, 0);
insert into Skill values ( 778 , 'Change Management');
insert into Has_skill values ( 293 , 541, 0);
insert into Skill values ( 541 , 'Process Improvement');
insert into Has_skill values ( 293 , 774, 0);
insert into Skill values ( 774 , 'Consulting');
insert into Has_skill values ( 293 , 842, 0);
insert into Skill values ( 842 , 'Business Transformation');
insert into Has_skill values ( 293 , 423, 0);
insert into Skill values ( 423 , 'Leadership');
insert into Has_skill values ( 293 , 1196, 0);
insert into Skill values ( 1196 , 'Supply Chain...');
insert into Has_skill values ( 293 , 1864, 0);
insert into Skill values ( 1864 , 'Warehousing');
insert into Has_skill values ( 293 , 1865, 0);
insert into Skill values ( 1865 , 'Computer System...');
insert into Has_skill values ( 293 , 1866, 0);
insert into Skill values ( 1866 , 'GxP');
insert into Has_skill values ( 293 , 1867, 0);
insert into Skill values ( 1867 , 'Industrial Safety');
insert into Has_skill values ( 293 , 826, 0);
insert into Skill values ( 826 , 'Business Process...');
insert into Has_skill values ( 293 , 828, 0);
insert into Skill values ( 828 , 'Supply Chain Management');
insert into Has_skill values ( 293 , 353, 0);
insert into Skill values ( 353 , 'Project Management');
insert into Has_skill values ( 293 , 817, 0);
insert into Skill values ( 817 , 'Enterprise Software');
insert into Has_skill values ( 293 , 559, 0);
insert into Skill values ( 559 , 'Project Delivery');
insert into Has_skill values ( 293 , 464, 0);
insert into Skill values ( 464 , 'Business Intelligence');
insert into Has_skill values ( 293 , 1868, 0);
insert into Skill values ( 1868 , 'Procurement Business...');
insert into Has_skill values ( 293 , 1567, 0);
insert into Skill values ( 1567 , 'Practice Management');
insert into Has_skill values ( 293 , 1869, 0);
insert into Skill values ( 1869 , 'USFDA regulations');
insert into Has_skill values ( 293 , 1870, 0);
insert into Skill values ( 1870 , 'API production');
insert into Has_skill values ( 293 , 1871, 0);
insert into Skill values ( 1871 , 'Presales');
insert into Has_skill values ( 293 , 1872, 0);
insert into Skill values ( 1872 , 'Application Portfolio...');
insert into Has_skill values ( 293 , 1198, 0);
insert into Skill values ( 1198 , 'Proposal Writing');
insert into Has_skill values ( 293 , 820, 0);
insert into Skill values ( 820 , 'Supply Chain');
insert into Has_skill values ( 293 , 498, 0);
insert into Skill values ( 498 , 'Project Planning');
insert into Has_skill values ( 293 , 1873, 0);
insert into Skill values ( 1873 , 'Quality Management');
insert into Has_skill values ( 293 , 1874, 0);
insert into Skill values ( 1874 , 'Pharma Center of...');
insert into Has_skill values ( 293 , 1875, 0);
insert into Skill values ( 1875 , 'SAP preconfigured...');
insert into Has_skill values ( 293 , 1876, 0);
insert into Skill values ( 1876 , 'SAP BAiO');
insert into Has_skill values ( 293 , 1877, 0);
insert into Skill values ( 1877 , 'Proposal Management');
insert into Has_skill values ( 293 , 430, 0);
insert into Skill values ( 430 , 'Team Leadership');
insert into Has_skill values ( 293 , 1878, 0);
insert into Skill values ( 1878 , 'Oracle ERP...');
insert into Knows_language values ( 293 , 504);
insert into Languages values ( 504 , 'Hindi');
insert into Knows_language values ( 293 , 528);
insert into Languages values ( 528 , 'Tamil');
insert into Knows_language values ( 293 , 501);
insert into Languages values ( 501 , 'English');
insert into Employer values ( 1379 , 'Varian Medical Systems');
insert into Experience values ( 293 , 1379, '2014-04-01', '2014-12-15');
insert into Employer values ( 1380 , 'NTT DATA');
insert into Experience values ( 293 , 1380, '2010-10-01', '2014-04-03');
insert into Employer values ( 1381 , 'Mphasis');
insert into Experience values ( 293 , 1381, '2010-05-01', '2010-09-05');
insert into Employer values ( 1371 , 'Infosys Consulting, Inc.');
insert into Experience values ( 293 , 1371, '2010-01-01', '2010-04-04');
insert into Employer values ( 1371 , 'Infosys Consulting, Inc.');
insert into Experience values ( 293 , 1371, '2008-04-01', '2009-12-01');
insert into Employer values ( 1382 , 'Infosys Technologies Ltd');
insert into Experience values ( 293 , 1382, '2006-04-01', '2008-03-02');
insert into Employer values ( 1383 , 'L&T infotech Limited');
insert into Experience values ( 293 , 1383, '2005-08-01', '2006-03-08');
insert into Employer values ( 1384 , 'Spectrasoft Technologies');
insert into Experience values ( 293 , 1384, '2005-02-01', '2005-08-07');
insert into Employer values ( 1385 , 'Dr. Reddys Laboratories');
insert into Experience values ( 293 , 1385, '2004-07-01', '2005-01-01');
insert into Employer values ( 1386 , 'Sanmar Speciality Chemicals Ltd');
insert into Experience values ( 293 , 1386, '1999-12-01', '2004-07-04');
insert into Employer values ( 1387 , 'Manali Petrochemical Limited');
insert into Experience values ( 293 , 1387, '1995-06-01', '1996-07-01');

insert into User values ( 294 , 'Narender' , 'Dureja', 500, 0, 'Computer Software');

insert into User values ( 295 , 'Jeyaseelan' , 'Jeyaraj', 500, 0, 'Hospital & Health Care');
insert into Education values ( 295 , 435 , 202 , '', '', '');
insert into University values ( 435 , 'Bharathidasan University');
insert into Education values ( 295 , 436 , 202 , '', '', '');
insert into University values ( 436 , 'Indian Institute of Management, Calcutta');
insert into Education values ( 295 , 437 , 202 , '', '', '');
insert into University values ( 437 , 'The American College');
insert into Has_skill values ( 295 , 417, 0);
insert into Skill values ( 417 , 'Management');
insert into Has_skill values ( 295 , 1111, 0);
insert into Skill values ( 1111 , 'HIPAA');
insert into Has_skill values ( 295 , 472, 0);
insert into Skill values ( 472 , 'Outsourcing');
insert into Has_skill values ( 295 , 558, 0);
insert into Skill values ( 558 , 'Service Delivery');
insert into Has_skill values ( 295 , 1586, 0);
insert into Skill values ( 1586 , 'Medical Imaging');
insert into Has_skill values ( 295 , 479, 0);
insert into Skill values ( 479 , 'Account Management');
insert into Has_skill values ( 295 , 387, 0);
insert into Skill values ( 387 , 'Risk Management');
insert into Has_skill values ( 295 , 1856, 0);
insert into Skill values ( 1856 , 'Master Data Management');
insert into Has_skill values ( 295 , 494, 0);
insert into Skill values ( 494 , 'Strategy');
insert into Has_skill values ( 295 , 1109, 0);
insert into Skill values ( 1109 , 'Healthcare Information...');
insert into Has_skill values ( 295 , 1209, 0);
insert into Skill values ( 1209 , 'Pre-sales');
insert into Has_skill values ( 295 , 565, 0);
insert into Skill values ( 565 , 'Software Project...');
insert into Has_skill values ( 295 , 780, 0);
insert into Skill values ( 780 , 'Integration');
insert into Has_skill values ( 295 , 377, 0);
insert into Skill values ( 377 , 'Product Management');
insert into Has_skill values ( 295 , 383, 0);
insert into Skill values ( 383 , 'Business Analysis');
insert into Has_skill values ( 295 , 817, 0);
insert into Skill values ( 817 , 'Enterprise Software');
insert into Has_skill values ( 295 , 1392, 0);
insert into Skill values ( 1392 , 'Medical Devices');
insert into Has_skill values ( 295 , 801, 0);
insert into Skill values ( 801 , 'ERP');
insert into Has_skill values ( 295 , 379, 0);
insert into Skill values ( 379 , 'Business Development');
insert into Has_skill values ( 295 , 378, 0);
insert into Skill values ( 378 , 'Cross-functional Team...');
insert into Has_skill values ( 295 , 774, 0);
insert into Skill values ( 774 , 'Consulting');
insert into Has_skill values ( 295 , 1879, 0);
insert into Skill values ( 1879 , 'Governance');
insert into Has_skill values ( 295 , 804, 0);
insert into Skill values ( 804 , 'Information Technology');
insert into Has_skill values ( 295 , 838, 0);
insert into Skill values ( 838 , 'Requirements Analysis');
insert into Has_skill values ( 295 , 478, 0);
insert into Skill values ( 478 , 'Team Management');
insert into Has_skill values ( 295 , 541, 0);
insert into Skill values ( 541 , 'Process Improvement');
insert into Has_skill values ( 295 , 803, 0);
insert into Skill values ( 803 , 'SDLC');
insert into Has_skill values ( 295 , 376, 0);
insert into Skill values ( 376 , 'Program Management');
insert into Has_skill values ( 295 , 471, 0);
insert into Skill values ( 471 , 'CRM');
insert into Has_skill values ( 295 , 776, 0);
insert into Skill values ( 776 , 'Vendor Management');
insert into Has_skill values ( 295 , 385, 0);
insert into Skill values ( 385 , 'Management Consulting');
insert into Has_skill values ( 295 , 848, 0);
insert into Skill values ( 848 , 'Project Portfolio...');
insert into Has_skill values ( 295 , 559, 0);
insert into Skill values ( 559 , 'Project Delivery');
insert into Has_skill values ( 295 , 1023, 0);
insert into Skill values ( 1023 , 'Managed Services');
insert into Has_skill values ( 295 , 423, 0);
insert into Skill values ( 423 , 'Leadership');
insert into Has_skill values ( 295 , 818, 0);
insert into Skill values ( 818 , 'Enterprise Architecture');
insert into Has_skill values ( 295 , 842, 0);
insert into Skill values ( 842 , 'Business Transformation');
insert into Has_skill values ( 295 , 837, 0);
insert into Skill values ( 837 , 'Business Process');
insert into Has_skill values ( 295 , 560, 0);
insert into Skill values ( 560 , 'Global Delivery');
insert into Has_skill values ( 295 , 826, 0);
insert into Skill values ( 826 , 'Business Process...');
insert into Has_skill values ( 295 , 464, 0);
insert into Skill values ( 464 , 'Business Intelligence');
insert into Has_skill values ( 295 , 860, 0);
insert into Skill values ( 860 , 'IT Service Management');
insert into Has_skill values ( 295 , 843, 0);
insert into Skill values ( 843 , 'Solution Architecture');
insert into Has_skill values ( 295 , 834, 0);
insert into Skill values ( 834 , 'PMP');
insert into Has_skill values ( 295 , 738, 0);
insert into Skill values ( 738 , 'SaaS');
insert into Has_skill values ( 295 , 561, 0);
insert into Skill values ( 561 , 'Cloud Computing');
insert into Has_skill values ( 295 , 1880, 0);
insert into Skill values ( 1880 , 'Professional Services');
insert into Has_skill values ( 295 , 382, 0);
insert into Skill values ( 382 , 'Product Development');
insert into Has_skill values ( 295 , 839, 0);
insert into Skill values ( 839 , 'PMO');
insert into Member_of values ( 295 , 1863);
insert into Groups values ( 1863 , 'Y-Axis Overseas Careers', 0);
insert into Member_of values ( 295 , 1864);
insert into Groups values ( 1864 , 'American Telemedicine Association', 0);
insert into Member_of values ( 295 , 1826);
insert into Groups values ( 1826 , 'Healthcare Technology Alliance', 0);
insert into Member_of values ( 295 , 1865);
insert into Groups values ( 1865 , 'TEDMED', 0);
insert into Member_of values ( 295 , 1866);
insert into Groups values ( 1866 , 'Sustainable Healthcare, Green Hospital, Healthcare Design, Development and Construction', 0);
insert into Member_of values ( 295 , 1867);
insert into Groups values ( 1867 , 'IT in Healthcare and Life Sciences', 0);
insert into Member_of values ( 295 , 1868);
insert into Groups values ( 1868 , 'Disruptive Big Data Ideas', 0);
insert into Member_of values ( 295 , 1869);
insert into Groups values ( 1869 , 'Preparative and Industrial Chromatography', 0);
insert into Member_of values ( 295 , 1870);
insert into Groups values ( 1870 , 'eCTD Regulatory Submissions Network', 0);
insert into Member_of values ( 295 , 1871);
insert into Groups values ( 1871 , 'Vitaphone Telemedicine', 0);
insert into Member_of values ( 295 , 1872);
insert into Groups values ( 1872 , 'Online Lead Generation', 0);
insert into Member_of values ( 295 , 506);
insert into Groups values ( 506 , 'Harvard Business Review', 0);
insert into Member_of values ( 295 , 1169);
insert into Groups values ( 1169 , 'Medical Device Field - MDField', 0);
insert into Member_of values ( 295 , 1873);
insert into Groups values ( 1873 , 'mHealth World Forum', 0);
insert into Member_of values ( 295 , 1874);
insert into Groups values ( 1874 , 'Salus Healthcare Resources', 0);
insert into Member_of values ( 295 , 1617);
insert into Groups values ( 1617 , 'Executive Suite', 0);
insert into Member_of values ( 295 , 1875);
insert into Groups values ( 1875 , 'HL7 Singapore', 0);
insert into Member_of values ( 295 , 1876);
insert into Groups values ( 1876 , 'Innovations In Health', 0);
insert into Member_of values ( 295 , 1877);
insert into Groups values ( 1877 , 'Medical Device Opportunity', 0);
insert into Member_of values ( 295 , 1878);
insert into Groups values ( 1878 , 'National Association for Healthcare Quality (NAHQ)', 0);
insert into Member_of values ( 295 , 1879);
insert into Groups values ( 1879 , 'HEALTHCARE INDIA ( 10,000+ The largest networking forum for Healthcare Professionals in India)', 0);
insert into Member_of values ( 295 , 1880);
insert into Groups values ( 1880 , 'Talent Miners', 0);
insert into Member_of values ( 295 , 1881);
insert into Groups values ( 1881 , 'Health IT Outsourcing', 0);
insert into Member_of values ( 295 , 1882);
insert into Groups values ( 1882 , 'Co-Founders & Core Teams for Startups', 0);
insert into Member_of values ( 295 , 1883);
insert into Groups values ( 1883 , 'Healthcare 3.0', 0);
insert into Member_of values ( 295 , 1884);
insert into Groups values ( 1884 , 'Mobile Marketing & Payment Solutions Forum', 0);
insert into Member_of values ( 295 , 812);
insert into Groups values ( 812 , 'CISCO', 0);
insert into Member_of values ( 295 , 1885);
insert into Groups values ( 1885 , 'Precision Medicine & Big-DATA', 0);
insert into Member_of values ( 295 , 1886);
insert into Groups values ( 1886 , 'Asia Pacific Healthcare Thought Leaders Network', 0);
insert into Member_of values ( 295 , 1887);
insert into Groups values ( 1887 , 'YOUNG INDIAN ENTREPRENEURS', 0);
insert into Member_of values ( 295 , 1888);
insert into Groups values ( 1888 , 'Big Data Analytics, Predictive Modeling, Social Media, Business Analytics, Cloud Computing', 0);
insert into Member_of values ( 295 , 872);
insert into Groups values ( 872 , 'Healthcare IT - Careers, Jobs & Opportunities', 0);
insert into Member_of values ( 295 , 1889);
insert into Groups values ( 1889 , 'Telecare and Telehealth', 0);
insert into Member_of values ( 295 , 1890);
insert into Groups values ( 1890 , 'TED India: Ideas worth spreading', 0);
insert into Member_of values ( 295 , 1891);
insert into Groups values ( 1891 , 'Clinical Informatics News', 0);
insert into Member_of values ( 295 , 1892);
insert into Groups values ( 1892 , 'IT Strategy', 0);
insert into Employer values ( 1388 , 'Oracle');
insert into Experience values ( 295 , 1388, '2014-10-01', '2014-12-15');
insert into Employer values ( 1389 , 'EMC');
insert into Experience values ( 295 , 1389, '2013-09-01', '2014-10-01');
insert into Employer values ( 1390 , 'Cisco Systems');
insert into Experience values ( 295 , 1390, '2008-10-01', '2013-09-05');
insert into Employer values ( 834 , 'Wipro Technologies');
insert into Experience values ( 295 , 834, '2002-09-01', '2008-09-06');
insert into Employer values ( 1391 , 'LG Soft India');
insert into Experience values ( 295 , 1391, '1999-01-01', '');

insert into User values ( 296 , 'Dr.' , 'S. B. Bhattacharyya', 500, 0, 'Hospital & Health Care');
insert into Education values ( 296 , 438 , 202 , '', '1996 – 1997', '1996 – 1997');
insert into University values ( 438 , 'European University');
insert into Education values ( 296 , 439 , 202 , '', '1981 – 1986', '1981 – 1986');
insert into University values ( 439 , 'Calcutta University');
insert into Education values ( 296 , 440 , 202 , '', '1979 – 1981', '1979 – 1981');
insert into University values ( 440 , 'Calcutta Boys School');
insert into Employer values ( 833 , 'Tata Consultancy Services');
insert into Experience values ( 296 , 833, '2010-08-01', '2014-12-15');
insert into Employer values ( 1392 , 'IMA Faridabad');
insert into Experience values ( 296 , 1392, '2010-04-01', '2013-03-03');
insert into Employer values ( 1393 , 'Indian Association for Medical Informatics');
insert into Experience values ( 296 , 1393, '2010-01-01', '2011-12-02');
insert into Employer values ( 1394 , 'Sudisa Consultancy Services');
insert into Experience values ( 296 , 1394, '2010-01-01', '2010-07-07');
insert into Employer values ( 1395 , 'Karishma Software Ltd.');
insert into Experience values ( 296 , 1395, '2007-01-01', '2009-12-03');
insert into Employer values ( 1396 , 'GE Healthcare');
insert into Experience values ( 296 , 1396, '2005-05-01', '2007-01-01');
insert into Employer values ( 1397 , 'Oracle India');
insert into Experience values ( 296 , 1397, '2004-12-01', '2005-05-06');
insert into Employer values ( 1398 , 'Satyam Computer Services Limited');
insert into Experience values ( 296 , 1398, '2003-06-01', '2004-11-01');
insert into Employer values ( 1399 , 'iSOFT R&D India Pvt. Ltd');
insert into Experience values ( 296 , 1399, '2002-12-01', '2003-05-06');
insert into Employer values ( 1394 , 'Sudisa Consultancy Services');
insert into Experience values ( 296 , 1394, '1999-04-01', '2002-04-03');
insert into Employer values ( 1400 , 'Megasoft');
insert into Experience values ( 296 , 1400, '2002-01-01', '');
insert into Employer values ( 1401 , 'Noble Hospital');
insert into Experience values ( 296 , 1401, '1995-02-01', '1999-03-04');
insert into Employer values ( 1394 , 'Sudisa Consultancy Services');
insert into Experience values ( 296 , 1394, '1990-12-01', '1995-01-04');
insert into Employer values ( 1402 , 'Holy Family Hospital');
insert into Experience values ( 296 , 1402, '1990-05-01', '1990-11-07');
insert into Employer values ( 1403 , 'Holy Family Hospitals');
insert into Experience values ( 296 , 1403, '1990-05-01', '1990-11-07');
insert into Employer values ( 1404 , 'Sudisa Consultancy Services General Medical');
insert into Experience values ( 296 , 1404, '1988-12-01', '1990-05-01');

insert into User values ( 297 , 'Girish' , 'Kumar', 500, 0, 'Hospital & Health Care');
insert into Education values ( 297 , 441 , 388 , 'IT Management', '2002 – 2003', '2002 – 2003');
insert into University values ( 441 , 'Naval Institute of Computer Application');
insert into Education values ( 297 , 442 , 389 , 'Masters in Hospital Management', '1996 – 1999', '1996 – 1999');
insert into University values ( 442 , 'Apollo Institute of Hospital Administration');
insert into Education values ( 297 , 443 , 390 , 'Management', '1990 – 1991', '1990 – 1991');
insert into University values ( 443 , 'School of Management&logistics');
insert into Has_skill values ( 297 , 1881, 0);
insert into Skill values ( 1881 , 'International Exposure');
insert into Has_skill values ( 297 , 1109, 0);
insert into Skill values ( 1109 , 'Healthcare Information...');
insert into Has_skill values ( 297 , 1036, 0);
insert into Skill values ( 1036 , 'Healthcare');
insert into Has_skill values ( 297 , 1040, 0);
insert into Skill values ( 1040 , 'Hospitals');
insert into Has_skill values ( 297 , 353, 0);
insert into Skill values ( 353 , 'Project Management');
insert into Has_skill values ( 297 , 381, 0);
insert into Skill values ( 381 , 'Strategic Planning');
insert into Has_skill values ( 297 , 417, 0);
insert into Skill values ( 417 , 'Management');
insert into Has_skill values ( 297 , 423, 0);
insert into Skill values ( 423 , 'Leadership');
insert into Has_skill values ( 297 , 1115, 0);
insert into Skill values ( 1115 , 'Healthcare Management');
insert into Has_skill values ( 297 , 1582, 0);
insert into Skill values ( 1582 , 'Informatics');
insert into Has_skill values ( 297 , 1587, 0);
insert into Skill values ( 1587 , 'EHR');
insert into Has_skill values ( 297 , 419, 0);
insert into Skill values ( 419 , 'Training');
insert into Has_skill values ( 297 , 376, 0);
insert into Skill values ( 376 , 'Program Management');
insert into Has_skill values ( 297 , 377, 0);
insert into Skill values ( 377 , 'Product Management');
insert into Has_skill values ( 297 , 504, 0);
insert into Skill values ( 504 , 'Quality Assurance');
insert into Has_skill values ( 297 , 1111, 0);
insert into Skill values ( 1111 , 'HIPAA');
insert into Has_skill values ( 297 , 781, 0);
insert into Skill values ( 781 , 'Operations Management');
insert into Has_skill values ( 297 , 347, 0);
insert into Skill values ( 347 , 'Business Strategy');
insert into Has_skill values ( 297 , 379, 0);
insert into Skill values ( 379 , 'Business Development');
insert into Has_skill values ( 297 , 478, 0);
insert into Skill values ( 478 , 'Team Management');
insert into Has_skill values ( 297 , 464, 0);
insert into Skill values ( 464 , 'Business Intelligence');
insert into Has_skill values ( 297 , 840, 0);
insert into Skill values ( 840 , 'Software Documentation');
insert into Has_skill values ( 297 , 541, 0);
insert into Skill values ( 541 , 'Process Improvement');
insert into Has_skill values ( 297 , 1444, 0);
insert into Skill values ( 1444 , 'EMR');
insert into Has_skill values ( 297 , 1882, 0);
insert into Skill values ( 1882 , 'HL7');
insert into Has_skill values ( 297 , 776, 0);
insert into Skill values ( 776 , 'Vendor Management');
insert into Has_skill values ( 297 , 498, 0);
insert into Skill values ( 498 , 'Project Planning');
insert into Has_skill values ( 297 , 673, 0);
insert into Skill values ( 673 , 'New Business Development');
insert into Has_skill values ( 297 , 383, 0);
insert into Skill values ( 383 , 'Business Analysis');
insert into Has_skill values ( 297 , 494, 0);
insert into Skill values ( 494 , 'Strategy');
insert into Has_skill values ( 297 , 1392, 0);
insert into Skill values ( 1392 , 'Medical Devices');
insert into Has_skill values ( 297 , 372, 0);
insert into Skill values ( 372 , 'Data Analysis');
insert into Has_skill values ( 297 , 472, 0);
insert into Skill values ( 472 , 'Outsourcing');
insert into Has_skill values ( 297 , 803, 0);
insert into Skill values ( 803 , 'SDLC');
insert into Has_skill values ( 297 , 838, 0);
insert into Skill values ( 838 , 'Requirements Analysis');
insert into Has_skill values ( 297 , 779, 0);
insert into Skill values ( 779 , 'IT Strategy');
insert into Has_skill values ( 297 , 775, 0);
insert into Skill values ( 775 , 'Team Building');
insert into Member_of values ( 297 , 1876);
insert into Groups values ( 1876 , 'Innovations In Health', 0);
insert into Member_of values ( 297 , 1893);
insert into Groups values ( 1893 , 'India Healthcare IT', 0);
insert into Member_of values ( 297 , 1894);
insert into Groups values ( 1894 , 'HealthCare & Wellness Innovators, Medical, Pharmaceuticals & Biotech Innovation Health Care Network', 0);
insert into Member_of values ( 297 , 1895);
insert into Groups values ( 1895 , 'India Healthcare Network', 0);
insert into Member_of values ( 297 , 1896);
insert into Groups values ( 1896 , 'ICD 9 to ICD 10 Migration experts', 0);
insert into Member_of values ( 297 , 1897);
insert into Groups values ( 1897 , 'VRWorx - India', 0);
insert into Employer values ( 1364 , 'Hewlett-Packard');
insert into Experience values ( 297 , 1364, '2013-05-01', '2014-12-15');
insert into Employer values ( 1364 , 'Hewlett-Packard');
insert into Experience values ( 297 , 1364, '2008-06-01', '2013-04-04');
insert into Employer values ( 1364 , 'Hewlett-Packard');
insert into Experience values ( 297 , 1364, '2007-05-01', '2008-05-01');
insert into Employer values ( 1405 , 'Indian Navy');
insert into Experience values ( 297 , 1405, '1985-10-01', '2007-04-21');

insert into User values ( 298 , 'KV' , 'Subrahmanyam', 500, 0, 'Information Technology and Services');
insert into Has_skill values ( 298 , 1677, 0);
insert into Skill values ( 1677 , 'Performance Management');
insert into Has_skill values ( 298 , 1013, 0);
insert into Skill values ( 1013 , 'Organizational...');
insert into Has_skill values ( 298 , 592, 0);
insert into Skill values ( 592 , 'Financial Services');
insert into Has_skill values ( 298 , 774, 0);
insert into Skill values ( 774 , 'Consulting');
insert into Has_skill values ( 298 , 1012, 0);
insert into Skill values ( 1012 , 'Government');

insert into User values ( 299 , 'Jagdeep' , 'Singh Chawla', 500, 0, 'Information Technology and Services');
insert into Education values ( 299 , 444 , 391 , 'BTech', '1991 – 1997', '1991 – 1997');
insert into University values ( 444 , 'Aligarh Muslim University');
insert into Education values ( 299 , 445 , 392 , 'Higher Secondary', '1991', '1991');
insert into University values ( 445 , 'Our lady of Fatima');
insert into Employer values ( 1406 , 'HCL');
insert into Experience values ( 299 , 1406, '2006-05-01', '2014-12-15');
insert into Employer values ( 1407 , 'Perot Systems');
insert into Experience values ( 299 , 1407, '2004-12-01', '2006-05-01');
insert into Employer values ( 1408 , 'Alle Technologies');
insert into Experience values ( 299 , 1408, '2000-08-01', '2004-12-04');
insert into Employer values ( 1409 , 'Xansa');
insert into Experience values ( 299 , 1409, '1997-07-01', '2000-07-03');

insert into User values ( 300 , 'Ajay' , 'Tomar', 40, 0, 'Information Technology and Services');
insert into Has_skill values ( 300 , 560, 0);
insert into Skill values ( 560 , 'Global Delivery');
insert into Employer values ( 1410 , 'HCL Technologies');
insert into Experience values ( 300 , 1410, '1999-10-01', '2014-12-15');

insert into User values ( 301 , 'Souvik' , 'Bit', 500, 0, 'Pharmaceuticals');
insert into Education values ( 301 , 446 , 243 , 'MBA', '2005 – 2007', '2005 – 2007');
insert into University values ( 446 , 'Amity Business School');
insert into Education values ( 301 , 447 , 393 , 'B.Sc(H)', '2002 – 2005', '2002 – 2005');
insert into University values ( 447 , 'Meerut University');
insert into Education values ( 301 , 448 , 394 , '10+2', '1992 – 2002', '1992 – 2002');
insert into University values ( 448 , 'Denobili School,FRI');
insert into Has_skill values ( 301 , 838, 0);
insert into Skill values ( 838 , 'Requirements Analysis');
insert into Has_skill values ( 301 , 1883, 0);
insert into Skill values ( 1883 , 'Use Case Analysis');
insert into Has_skill values ( 301 , 844, 0);
insert into Skill values ( 844 , 'Requirements Gathering');
insert into Has_skill values ( 301 , 518, 0);
insert into Skill values ( 518 , 'Six Sigma');
insert into Has_skill values ( 301 , 478, 0);
insert into Skill values ( 478 , 'Team Management');
insert into Has_skill values ( 301 , 541, 0);
insert into Skill values ( 541 , 'Process Improvement');
insert into Has_skill values ( 301 , 353, 0);
insert into Skill values ( 353 , 'Project Management');
insert into Has_skill values ( 301 , 839, 0);
insert into Skill values ( 839 , 'PMO');
insert into Has_skill values ( 301 , 824, 0);
insert into Skill values ( 824 , 'Resource Management');
insert into Has_skill values ( 301 , 379, 0);
insert into Skill values ( 379 , 'Business Development');
insert into Has_skill values ( 301 , 558, 0);
insert into Skill values ( 558 , 'Service Delivery');
insert into Has_skill values ( 301 , 803, 0);
insert into Skill values ( 803 , 'SDLC');
insert into Has_skill values ( 301 , 504, 0);
insert into Skill values ( 504 , 'Quality Assurance');
insert into Has_skill values ( 301 , 776, 0);
insert into Skill values ( 776 , 'Vendor Management');
insert into Has_skill values ( 301 , 565, 0);
insert into Skill values ( 565 , 'Software Project...');
insert into Has_skill values ( 301 , 383, 0);
insert into Skill values ( 383 , 'Business Analysis');
insert into Has_skill values ( 301 , 812, 0);
insert into Skill values ( 812 , 'ITIL');
insert into Has_skill values ( 301 , 498, 0);
insert into Skill values ( 498 , 'Project Planning');
insert into Has_skill values ( 301 , 1884, 0);
insert into Skill values ( 1884 , 'Business Process Mapping');
insert into Has_skill values ( 301 , 372, 0);
insert into Skill values ( 372 , 'Data Analysis');
insert into Has_skill values ( 301 , 1885, 0);
insert into Skill values ( 1885 , 'Business Requirements');
insert into Has_skill values ( 301 , 497, 0);
insert into Skill values ( 497 , 'Visio');
insert into Has_skill values ( 301 , 501, 0);
insert into Skill values ( 501 , 'MS Project');
insert into Has_skill values ( 301 , 860, 0);
insert into Skill values ( 860 , 'IT Service Management');
insert into Member_of values ( 301 , 1898);
insert into Groups values ( 1898 , 'LIMS Professionals', 0);
insert into Member_of values ( 301 , 1899);
insert into Groups values ( 1899 , 'Business Analyst Recruiters', 0);
insert into Member_of values ( 301 , 1900);
insert into Groups values ( 1900 , 'Capgemini Global', 0);
insert into Member_of values ( 301 , 1901);
insert into Groups values ( 1901 , 'Pharmaceuticals in Europe', 0);
insert into Member_of values ( 301 , 1902);
insert into Groups values ( 1902 , 'Alumni - Amity Business School', 0);
insert into Member_of values ( 301 , 1903);
insert into Groups values ( 1903 , 'CAREERS AT HCL in APAC & MEA Region', 0);
insert into Member_of values ( 301 , 1904);
insert into Groups values ( 1904 , 'Computer System Validation Pharma Industry', 0);
insert into Member_of values ( 301 , 508);
insert into Groups values ( 508 , 'IIBA (International Institute of Business Analysis)', 0);
insert into Member_of values ( 301 , 1905);
insert into Groups values ( 1905 , 'Oracle Life Science Community', 0);
insert into Member_of values ( 301 , 1906);
insert into Groups values ( 1906 , 'SIRE | Life Sciences - Recruitment & Executive Search in Pharma, Biotech, Medical, Food & Healthcare', 0);
insert into Member_of values ( 301 , 1907);
insert into Groups values ( 1907 , 'Clinical Research Jobs', 0);
insert into Member_of values ( 301 , 1908);
insert into Groups values ( 1908 , 'ITIL & ISO20000 Service Management + ITSM Subgroups', 0);
insert into Member_of values ( 301 , 1909);
insert into Groups values ( 1909 , 'Accenture Strategy Careers', 0);
insert into Employer values ( 1411 , 'Quintiles');
insert into Experience values ( 301 , 1411, '2014-09-01', '2014-12-15');
insert into Employer values ( 1410 , 'HCL Technologies');
insert into Experience values ( 301 , 1410, '2012-01-01', '2014-09-02');
insert into Employer values ( 1410 , 'HCL Technologies');
insert into Experience values ( 301 , 1410, '2010-06-01', '2012-10-02');
insert into Employer values ( 1412 , 'Organization - HCL Technologies');
insert into Experience values ( 301 , 1412, '2009-01-01', '2009-12-01');
insert into Employer values ( 1410 , 'HCL Technologies');
insert into Experience values ( 301 , 1410, '2007-05-01', '2008-12-01');
insert into Employer values ( 1413 , 'Reliance Lifesciences Ltd and HCL Technologies Ltd');
insert into Experience values ( 301 , 1413, '2006-09-01', '2007-01-05');

insert into User values ( 302 , 'Dinesh' , 'Bhatt', 344, 0, 'Information Technology and Services');
insert into Education values ( 302 , 449 , 202 , '', '1993 – 1996', '1993 – 1996');
insert into University values ( 449 , 'D.A.V. College, DehraDun');
insert into Education values ( 302 , 450 , 395 , 'Graduate/Six Sigma Green Belt/GNIIT/MCSE/MCDBA', '1980 – 1990', '1980 – 1990');
insert into University values ( 450 , 'S.G.R.R. Public School, Dehradun');
insert into Has_skill values ( 302 , 1886, 0);
insert into Skill values ( 1886 , 'Requirements Management');
insert into Has_skill values ( 302 , 1887, 0);
insert into Skill values ( 1887 , 'User Acceptance Testing');
insert into Has_skill values ( 302 , 1888, 0);
insert into Skill values ( 1888 , 'Test Cases');
insert into Has_skill values ( 302 , 838, 0);
insert into Skill values ( 838 , 'Requirements Analysis');
insert into Has_skill values ( 302 , 840, 0);
insert into Skill values ( 840 , 'Software Documentation');
insert into Has_skill values ( 302 , 776, 0);
insert into Skill values ( 776 , 'Vendor Management');
insert into Has_skill values ( 302 , 844, 0);
insert into Skill values ( 844 , 'Requirements Gathering');
insert into Has_skill values ( 302 , 1330, 0);
insert into Skill values ( 1330 , 'Insurance');
insert into Has_skill values ( 302 , 832, 0);
insert into Skill values ( 832 , 'Testing');
insert into Has_skill values ( 302 , 383, 0);
insert into Skill values ( 383 , 'Business Analysis');
insert into Has_skill values ( 302 , 559, 0);
insert into Skill values ( 559 , 'Project Delivery');
insert into Has_skill values ( 302 , 826, 0);
insert into Skill values ( 826 , 'Business Process...');
insert into Has_skill values ( 302 , 387, 0);
insert into Skill values ( 387 , 'Risk Management');
insert into Has_skill values ( 302 , 1889, 0);
insert into Skill values ( 1889 , 'MIS');
insert into Has_skill values ( 302 , 565, 0);
insert into Skill values ( 565 , 'Software Project...');
insert into Has_skill values ( 302 , 1851, 0);
insert into Skill values ( 1851 , 'Gap Analysis');
insert into Has_skill values ( 302 , 837, 0);
insert into Skill values ( 837 , 'Business Process');
insert into Has_skill values ( 302 , 803, 0);
insert into Skill values ( 803 , 'SDLC');
insert into Has_skill values ( 302 , 478, 0);
insert into Skill values ( 478 , 'Team Management');
insert into Has_skill values ( 302 , 1885, 0);
insert into Skill values ( 1885 , 'Business Requirements');
insert into Member_of values ( 302 , 1910);
insert into Groups values ( 1910 , 'Indian Insurance Professionals', 0);
insert into Member_of values ( 302 , 1911);
insert into Groups values ( 1911 , 'Product Development in Life Insurance', 0);
insert into Member_of values ( 302 , 1912);
insert into Groups values ( 1912 , 'India Insurance & Reinsurance Forum', 0);
insert into Member_of values ( 302 , 1913);
insert into Groups values ( 1913 , 'Insurance Specialists', 0);
insert into Member_of values ( 302 , 1914);
insert into Groups values ( 1914 , 'Insurance Business Analyst and Domain Experts', 0);
insert into Member_of values ( 302 , 1915);
insert into Groups values ( 1915 , 'Information Technology in Insurance', 0);
insert into Member_of values ( 302 , 1075);
insert into Groups values ( 1075 , 'Global Insurance Professionals', 0);
insert into Member_of values ( 302 , 1082);
insert into Groups values ( 1082 , 'Global Insurance Network', 0);
insert into Member_of values ( 302 , 1038);
insert into Groups values ( 1038 , 'Insurance Professionals', 0);
insert into Member_of values ( 302 , 1916);
insert into Groups values ( 1916 , 'Risk and Insurance Management Society', 0);
insert into Member_of values ( 302 , 1917);
insert into Groups values ( 1917 , 'IBMers - India', 0);
insert into Employer values ( 1411 , 'Quintiles');
insert into Experience values ( 302 , 1411, '2014-09-01', '2014-12-15');
insert into Employer values ( 1358 , 'IBM India Pvt Ltd');
insert into Experience values ( 302 , 1358, '2012-01-01', '2014-09-02');
insert into Employer values ( 1414 , 'MetLife India Insurance Co. Ltd');
insert into Experience values ( 302 , 1414, '2008-02-01', '2011-12-03');
insert into Employer values ( 1415 , 'MetLife India Insurance Co Ltd');
insert into Experience values ( 302 , 1415, '2007-07-01', '2008-01-07');
insert into Employer values ( 1416 , 'HCL Technologies India/Malaysia');
insert into Experience values ( 302 , 1416, '2002-09-01', '2006-12-04');
insert into Employer values ( 1417 , 'NIIT DehraDun');
insert into Experience values ( 302 , 1417, '2001-09-01', '2002-09-01');
insert into Employer values ( 1418 , 'Indian Institute of Astrophysics, Bangalore');
insert into Experience values ( 302 , 1418, '2000-10-01', '2001-05-08');
insert into Employer values ( 1417 , 'NIIT DehraDun');
insert into Experience values ( 302 , 1417, '1999-03-01', '2000-06-01');

insert into User values ( 303 , 'Vishwa' , 'Nath', 302, 0, 'Information Technology and Services');
insert into Education values ( 303 , 451 , 256 , 'MCA', '2002 – 2005', '2002 – 2005');
insert into University values ( 451 , 'Osmania University');
insert into Has_skill values ( 303 , 776, 0);
insert into Skill values ( 776 , 'Vendor Management');
insert into Has_skill values ( 303 , 448, 0);
insert into Skill values ( 448 , 'Oracle');
insert into Has_skill values ( 303 , 478, 0);
insert into Skill values ( 478 , 'Team Management');
insert into Has_skill values ( 303 , 1890, 0);
insert into Skill values ( 1890 , 'MySQL');
insert into Has_skill values ( 303 , 347, 0);
insert into Skill values ( 347 , 'Business Strategy');
insert into Has_skill values ( 303 , 491, 0);
insert into Skill values ( 491 , 'Business Planning');
insert into Has_skill values ( 303 , 803, 0);
insert into Skill values ( 803 , 'SDLC');
insert into Has_skill values ( 303 , 383, 0);
insert into Skill values ( 383 , 'Business Analysis');
insert into Has_skill values ( 303 , 464, 0);
insert into Skill values ( 464 , 'Business Intelligence');
insert into Has_skill values ( 303 , 838, 0);
insert into Skill values ( 838 , 'Requirements Analysis');
insert into Has_skill values ( 303 , 1209, 0);
insert into Skill values ( 1209 , 'Pre-sales');
insert into Has_skill values ( 303 , 565, 0);
insert into Skill values ( 565 , 'Software Project...');
insert into Has_skill values ( 303 , 779, 0);
insert into Skill values ( 779 , 'IT Strategy');
insert into Has_skill values ( 303 , 860, 0);
insert into Skill values ( 860 , 'IT Service Management');
insert into Has_skill values ( 303 , 558, 0);
insert into Skill values ( 558 , 'Service Delivery');
insert into Has_skill values ( 303 , 471, 0);
insert into Skill values ( 471 , 'CRM');
insert into Has_skill values ( 303 , 812, 0);
insert into Skill values ( 812 , 'ITIL');
insert into Has_skill values ( 303 , 472, 0);
insert into Skill values ( 472 , 'Outsourcing');
insert into Has_skill values ( 303 , 824, 0);
insert into Skill values ( 824 , 'Resource Management');
insert into Has_skill values ( 303 , 843, 0);
insert into Skill values ( 843 , 'Solution Architecture');
insert into Has_skill values ( 303 , 801, 0);
insert into Skill values ( 801 , 'ERP');
insert into Member_of values ( 303 , 1617);
insert into Groups values ( 1617 , 'Executive Suite', 0);
insert into Member_of values ( 303 , 1918);
insert into Groups values ( 1918 , 'Lateral Hiring', 0);
insert into Member_of values ( 303 , 1514);
insert into Groups values ( 1514 , 'TopLinked.com (Open Networkers)', 0);
insert into Member_of values ( 303 , 1919);
insert into Groups values ( 1919 , 'IT/Software Development Outsourcing and Offshoring', 0);
insert into Member_of values ( 303 , 1920);
insert into Groups values ( 1920 , 'The Indus Entrepreneurs (TiE), Bangalore', 0);
insert into Member_of values ( 303 , 1921);
insert into Groups values ( 1921 , 'SAP Job Postings', 0);
insert into Member_of values ( 303 , 1922);
insert into Groups values ( 1922 , 'Consultants Network', 0);
insert into Member_of values ( 303 , 1923);
insert into Groups values ( 1923 , 'Business Development Process', 0);
insert into Member_of values ( 303 , 1872);
insert into Groups values ( 1872 , 'Online Lead Generation', 0);
insert into Member_of values ( 303 , 1924);
insert into Groups values ( 1924 , 'DATA ENTRY WORK WITHOUT ANY FEES', 0);
insert into Member_of values ( 303 , 1925);
insert into Groups values ( 1925 , 'Freelance IT Sales Professional and Business Development Manager', 0);
insert into Member_of values ( 303 , 1443);
insert into Groups values ( 1443 , 'The Recruiter.com Network', 0);
insert into Member_of values ( 303 , 1926);
insert into Groups values ( 1926 , 'Technical Sales Group (software/data/internet/wireless)', 0);
insert into Member_of values ( 303 , 1927);
insert into Groups values ( 1927 , 'Fidelity Investments Alumni Association (unofficial)', 0);
insert into Member_of values ( 303 , 1928);
insert into Groups values ( 1928 , 'IBM WebSphere Enthusiasts', 0);
insert into Member_of values ( 303 , 1929);
insert into Groups values ( 1929 , 'Australian IT Industry', 0);
insert into Member_of values ( 303 , 1930);
insert into Groups values ( 1930 , 'Software Professionals', 0);
insert into Member_of values ( 303 , 1931);
insert into Groups values ( 1931 , 'Oracle PartnerNetwork', 0);
insert into Member_of values ( 303 , 1932);
insert into Groups values ( 1932 , 'IT Professionals World Wide', 0);
insert into Member_of values ( 303 , 1409);
insert into Groups values ( 1409 , 'Corporate Recruiters. #1 Group for Corporate Recruiters.', 0);
insert into Member_of values ( 303 , 812);
insert into Groups values ( 812 , 'CISCO', 0);
insert into Member_of values ( 303 , 1933);
insert into Groups values ( 1933 , 'ITC Infotech.', 0);
insert into Member_of values ( 303 , 1934);
insert into Groups values ( 1934 , 'Business Intelligence', 0);
insert into Member_of values ( 303 , 1935);
insert into Groups values ( 1935 , 'Software + Services (SAAS)', 0);
insert into Member_of values ( 303 , 1576);
insert into Groups values ( 1576 , 'COO Network (Chief Operating Officer)', 0);
insert into Member_of values ( 303 , 1936);
insert into Groups values ( 1936 , 'Outsourcing@UK', 0);
insert into Member_of values ( 303 , 1937);
insert into Groups values ( 1937 , 'Malaysia Web Design Professionals (MWDP)', 0);
insert into Member_of values ( 303 , 756);
insert into Groups values ( 756 , 'Linked:HR (#1 Human Resources Group)', 0);
insert into Member_of values ( 303 , 1938);
insert into Groups values ( 1938 , 'Technical Recruitment', 0);
insert into Member_of values ( 303 , 1294);
insert into Groups values ( 1294 , 'Biotech & Pharma Professionals Network', 0);
insert into Member_of values ( 303 , 1462);
insert into Groups values ( 1462 , 'Recruiting Professionals Network', 0);
insert into Member_of values ( 303 , 1939);
insert into Groups values ( 1939 , '3i Infotech', 0);
insert into Member_of values ( 303 , 1940);
insert into Groups values ( 1940 , 'Tech Hub @ FunAsia', 0);
insert into Member_of values ( 303 , 1364);
insert into Groups values ( 1364 , 'Open Source', 0);
insert into Member_of values ( 303 , 1941);
insert into Groups values ( 1941 , 'Singapore Careers', 0);
insert into Member_of values ( 303 , 1942);
insert into Groups values ( 1942 , 'Developer Tech - HTML5, Android, iOS, Windows, Java, BlackBerry, Developers', 0);
insert into Member_of values ( 303 , 1943);
insert into Groups values ( 1943 , 'Remote Project Outsourcing Direct Management for Web Development, Software & Business Projects', 0);
insert into Member_of values ( 303 , 1944);
insert into Groups values ( 1944 , 'Syntel Careers', 0);
insert into Member_of values ( 303 , 1945);
insert into Groups values ( 1945 , 'ADP - Automatic Data Processing Alumni Group', 0);
insert into Member_of values ( 303 , 1946);
insert into Groups values ( 1946 , 'IBM co/ex workers independent group', 0);
insert into Member_of values ( 303 , 1947);
insert into Groups values ( 1947 , 'India Jobs Network', 0);
insert into Member_of values ( 303 , 1948);
insert into Groups values ( 1948 , 'IBM WebSphere Application Server', 0);
insert into Member_of values ( 303 , 1949);
insert into Groups values ( 1949 , 'Join the HR Revolution! Let’s make things happen', 0);
insert into Member_of values ( 303 , 960);
insert into Groups values ( 960 , 'Finance Club', 0);
insert into Member_of values ( 303 , 1950);
insert into Groups values ( 1950 , 'Bug Free : Discussions in Software Testing', 0);
insert into Member_of values ( 303 , 1951);
insert into Groups values ( 1951 , 'Accounting professionals', 0);
insert into Member_of values ( 303 , 1952);
insert into Groups values ( 1952 , 'Business Opportunity & Outsource Worldwide with Business lead & Auction', 0);
insert into Member_of values ( 303 , 517);
insert into Groups values ( 517 , 'On Startups - The Community For Entrepreneurs', 0);
insert into Employer values ( 1419 , 'iTechnogroup');
insert into Experience values ( 303 , 1419, '2009-02-01', '2014-12-11');

insert into User values ( 304 , 'David' , 'Moses A.G', 266, 0, 'Information Technology and Services');
insert into Has_skill values ( 304 , 843, 0);
insert into Skill values ( 843 , 'Solution Architecture');
insert into Has_skill values ( 304 , 818, 0);
insert into Skill values ( 818 , 'Enterprise Architecture');
insert into Has_skill values ( 304 , 560, 0);
insert into Skill values ( 560 , 'Global Delivery');
insert into Has_skill values ( 304 , 565, 0);
insert into Skill values ( 565 , 'Software Project...');
insert into Has_skill values ( 304 , 561, 0);
insert into Skill values ( 561 , 'Cloud Computing');
insert into Has_skill values ( 304 , 825, 0);
insert into Skill values ( 825 , 'Unix');
insert into Has_skill values ( 304 , 812, 0);
insert into Skill values ( 812 , 'ITIL');
insert into Has_skill values ( 304 , 1891, 0);
insert into Skill values ( 1891 , 'DevOps');
insert into Has_skill values ( 304 , 852, 0);
insert into Skill values ( 852 , 'Architectures');
insert into Has_skill values ( 304 , 779, 0);
insert into Skill values ( 779 , 'IT Strategy');
insert into Has_skill values ( 304 , 850, 0);
insert into Skill values ( 850 , 'Architecture');
insert into Has_skill values ( 304 , 844, 0);
insert into Skill values ( 844 , 'Requirements Gathering');
insert into Has_skill values ( 304 , 801, 0);
insert into Skill values ( 801 , 'ERP');
insert into Has_skill values ( 304 , 806, 0);
insert into Skill values ( 806 , 'Virtualization');
insert into Has_skill values ( 304 , 803, 0);
insert into Skill values ( 803 , 'SDLC');
insert into Has_skill values ( 304 , 860, 0);
insert into Skill values ( 860 , 'IT Service Management');
insert into Has_skill values ( 304 , 834, 0);
insert into Skill values ( 834 , 'PMP');
insert into Has_skill values ( 304 , 502, 0);
insert into Skill values ( 502 , 'Linux');
insert into Has_skill values ( 304 , 891, 0);
insert into Skill values ( 891 , 'SOA');
insert into Has_skill values ( 304 , 1209, 0);
insert into Skill values ( 1209 , 'Pre-sales');
insert into Has_skill values ( 304 , 838, 0);
insert into Skill values ( 838 , 'Requirements Analysis');
insert into Has_skill values ( 304 , 578, 0);
insert into Skill values ( 578 , 'Software Development');
insert into Has_skill values ( 304 , 832, 0);
insert into Skill values ( 832 , 'Testing');
insert into Has_skill values ( 304 , 780, 0);
insert into Skill values ( 780 , 'Integration');
insert into Has_skill values ( 304 , 774, 0);
insert into Skill values ( 774 , 'Consulting');
insert into Has_skill values ( 304 , 1892, 0);
insert into Skill values ( 1892 , 'CMMI');
insert into Has_skill values ( 304 , 1893, 0);
insert into Skill values ( 1893 , 'Consultancy');
insert into Has_skill values ( 304 , 827, 0);
insert into Skill values ( 827 , 'Application Development');
insert into Has_skill values ( 304 , 895, 0);
insert into Skill values ( 895 , 'People Management');
insert into Has_skill values ( 304 , 1894, 0);
insert into Skill values ( 1894 , 'Mainframe');
insert into Has_skill values ( 304 , 1895, 0);
insert into Skill values ( 1895 , 'DB2');
insert into Has_skill values ( 304 , 1896, 0);
insert into Skill values ( 1896 , 'Legacy Modernization');
insert into Has_skill values ( 304 , 1897, 0);
insert into Skill values ( 1897 , 'OpenStack');
insert into Member_of values ( 304 , 1953);
insert into Groups values ( 1953 , 'iCMG Architecture World', 0);
insert into Member_of values ( 304 , 1954);
insert into Groups values ( 1954 , 'From Strategy to Execution', 0);
insert into Member_of values ( 304 , 1955);
insert into Groups values ( 1955 , 'Mainframe (COBOL,JCL,DB2,CICS,VSAM,MVS,Adabas/Natural ) Experts', 0);
insert into Member_of values ( 304 , 1956);
insert into Groups values ( 1956 , 'Mainframe Security Gurus', 0);
insert into Member_of values ( 304 , 1957);
insert into Groups values ( 1957 , 'Mainframe Experts Network', 0);
insert into Member_of values ( 304 , 1958);
insert into Groups values ( 1958 , 'Supply Chain Management Practitioners & Experts', 0);
insert into Member_of values ( 304 , 1959);
insert into Groups values ( 1959 , 'Offshore Services', 0);
insert into Member_of values ( 304 , 1960);
insert into Groups values ( 1960 , 'Capacity Planning and Performance Evaluation', 0);
insert into Member_of values ( 304 , 1961);
insert into Groups values ( 1961 , 'The IT Architect Network', 0);
insert into Member_of values ( 304 , 1962);
insert into Groups values ( 1962 , 'Rainmaker Network', 0);
insert into Member_of values ( 304 , 506);
insert into Groups values ( 506 , 'Harvard Business Review', 0);
insert into Member_of values ( 304 , 1963);
insert into Groups values ( 1963 , 'Global Mainframe Group', 0);
insert into Member_of values ( 304 , 1964);
insert into Groups values ( 1964 , 'HCL Thought Leadership Forum', 0);
insert into Member_of values ( 304 , 1965);
insert into Groups values ( 1965 , 'The Project Manager Network - #1 Group for Project Managers', 0);
insert into Member_of values ( 304 , 708);
insert into Groups values ( 708 , 'TCS Alumni Network', 0);
insert into Member_of values ( 304 , 1966);
insert into Groups values ( 1966 , 'HCL Technologies', 0);
insert into Member_of values ( 304 , 1790);
insert into Groups values ( 1790 , 'India Leadership Network', 0);
insert into Member_of values ( 304 , 1967);
insert into Groups values ( 1967 , 'Iasa: The Global IT Architect Association', 0);
insert into Member_of values ( 304 , 1968);
insert into Groups values ( 1968 , 'ArchiMate', 0);
insert into Employer values ( 1410 , 'HCL Technologies');
insert into Experience values ( 304 , 1410, '2013-12-01', '2014-12-15');
insert into Employer values ( 1420 , 'HCL Technologies Ltd');
insert into Experience values ( 304 , 1420, '2010-06-01', '2014-12-15');
insert into Employer values ( 1421 , 'hcl technologies');
insert into Experience values ( 304 , 1421, '1995-01-01', '');
insert into Employer values ( 1410 , 'HCL Technologies');
insert into Experience values ( 304 , 1410, '1996-05-01', '2001-06-05');
insert into Employer values ( 833 , 'Tata Consultancy Services');
insert into Experience values ( 304 , 833, '1993-01-01', '');

insert into User values ( 305 , 'Sanjay' , 'Jain', 500, 0, 'Human Resources');
insert into Education values ( 305 , 452 , 396 , 'B.A - Social Management', '2011 – 2013', '2011 – 2013');
insert into University values ( 452 , 'The Central University of Gujarat, Gandhinagar.');
insert into Education values ( 305 , 453 , 397 , 'H.S.C', '2009 – 2010', '2009 – 2010');
insert into University values ( 453 , 'G.S.E.B');
insert into Education values ( 305 , 453 , 398 , 'S S C', '2007 – 2008', '2007 – 2008');
insert into University values ( 453 , 'G.S.E.B');
insert into Has_skill values ( 305 , 1898, 0);
insert into Skill values ( 1898 , 'Recruitments');
insert into Has_skill values ( 305 , 419, 0);
insert into Skill values ( 419 , 'Training');
insert into Has_skill values ( 305 , 318, 0);
insert into Skill values ( 318 , 'Teaching');
insert into Has_skill values ( 305 , 379, 0);
insert into Skill values ( 379 , 'Business Development');
insert into Has_skill values ( 305 , 1899, 0);
insert into Skill values ( 1899 , 'Online Business...');
insert into Has_skill values ( 305 , 678, 0);
insert into Skill values ( 678 , 'Client Development');
insert into Has_skill values ( 305 , 1900, 0);
insert into Skill values ( 1900 , 'Manage Client...');
insert into Has_skill values ( 305 , 381, 0);
insert into Skill values ( 381 , 'Strategic Planning');
insert into Knows_language values ( 305 , 501);
insert into Languages values ( 501 , 'English');
insert into Knows_language values ( 305 , 504);
insert into Languages values ( 504 , 'Hindi');
insert into Knows_language values ( 305 , 551);
insert into Languages values ( 551 , 'Gujarati');
insert into Employer values ( 1422 , 'NAUKRIBAZAR.COM');
insert into Experience values ( 305 , 1422, '2011-12-01', '2014-12-15');
insert into Employer values ( 1423 , 'UNICEF and Development Quest Foundation');
insert into Experience values ( 305 , 1423, '2010-05-01', '2011-11-01');
insert into Employer values ( 1424 , 'Academy of Career Management');
insert into Experience values ( 305 , 1424, '2009-12-01', '2010-04-05');

insert into User values ( 306 , 'Jagdish' , 'Saxena', 500, 0, 'Human Resources');
insert into Has_skill values ( 306 , 1208, 0);
insert into Skill values ( 1208 , 'Human Resources');
insert into Has_skill values ( 306 , 1898, 0);
insert into Skill values ( 1898 , 'Recruitments');
insert into Has_skill values ( 306 , 810, 0);
insert into Skill values ( 810 , 'Infrastructure');
insert into Has_skill values ( 306 , 1901, 0);
insert into Skill values ( 1901 , 'Infrastructure...');
insert into Has_skill values ( 306 , 668, 0);
insert into Skill values ( 668 , 'Construction');
insert into Has_skill values ( 306 , 1664, 0);
insert into Skill values ( 1664 , 'Staffing Services');
insert into Has_skill values ( 306 , 1902, 0);
insert into Skill values ( 1902 , 'Ports');
insert into Has_skill values ( 306 , 1903, 0);
insert into Skill values ( 1903 , 'Airport Development');
insert into Has_skill values ( 306 , 1595, 0);
insert into Skill values ( 1595 , 'Engineering');
insert into Employer values ( 1422 , 'NAUKRIBAZAR.COM');
insert into Experience values ( 306 , 1422, '2012-11-01', '2014-12-15');
insert into Employer values ( 1422 , 'NAUKRIBAZAR.COM');
insert into Experience values ( 306 , 1422, '2011-04-01', '2012-10-01');

insert into User values ( 307 , 'Smita' , 'Tripathy', 500, 0, 'Information Technology and Services');
insert into Education values ( 307 , 454 , 202 , '', '', '');
insert into University values ( 454 , 'Central School');
insert into Has_skill values ( 307 , 1652, 0);
insert into Skill values ( 1652 , 'Recruiting');
insert into Has_skill values ( 307 , 1208, 0);
insert into Skill values ( 1208 , 'Human Resources');
insert into Has_skill values ( 307 , 379, 0);
insert into Skill values ( 379 , 'Business Development');
insert into Has_skill values ( 307 , 419, 0);
insert into Skill values ( 419 , 'Training');
insert into Has_skill values ( 307 , 421, 0);
insert into Skill values ( 421 , 'Time Management');
insert into Has_skill values ( 307 , 1692, 0);
insert into Skill values ( 1692 , 'BPO');
insert into Has_skill values ( 307 , 1024, 0);
insert into Skill values ( 1024 , 'Solution Selling');
insert into Has_skill values ( 307 , 381, 0);
insert into Skill values ( 381 , 'Strategic Planning');
insert into Has_skill values ( 307 , 471, 0);
insert into Skill values ( 471 , 'CRM');
insert into Has_skill values ( 307 , 463, 0);
insert into Skill values ( 463 , 'Customer Satisfaction');
insert into Member_of values ( 307 , 1969);
insert into Groups values ( 1969 , 'WTM Software And Hardware Partnership Program', 0);
insert into Employer values ( 1422 , 'NAUKRIBAZAR.COM');
insert into Experience values ( 307 , 1422, '2012-05-01', '2014-12-15');
insert into Employer values ( 1422 , 'NAUKRIBAZAR.COM');
insert into Experience values ( 307 , 1422, '2010-01-01', '2012-04-02');

insert into User values ( 308 , 'Adarsh' , 'Pillai', 500, 0, 'Staffing and Recruiting');
insert into Education values ( 308 , 455 , 399 , 'Master of Business Administration (M.B.A.)', '', '');
insert into University values ( 455 , 'Symbiosis institute of Management Studies');
insert into Has_skill values ( 308 , 1898, 0);
insert into Skill values ( 1898 , 'Recruitments');
insert into Has_skill values ( 308 , 1208, 0);
insert into Skill values ( 1208 , 'Human Resources');
insert into Has_skill values ( 308 , 1664, 0);
insert into Skill values ( 1664 , 'Staffing Services');
insert into Has_skill values ( 308 , 330, 0);
insert into Skill values ( 330 , 'Pharmaceutical Industry');
insert into Has_skill values ( 308 , 1904, 0);
insert into Skill values ( 1904 , 'Pharmaceutical Sales');
insert into Has_skill values ( 308 , 1157, 0);
insert into Skill values ( 1157 , 'Biotechnology');
insert into Has_skill values ( 308 , 1905, 0);
insert into Skill values ( 1905 , 'Biotechnology Industry');
insert into Has_skill values ( 308 , 1392, 0);
insert into Skill values ( 1392 , 'Medical Devices');
insert into Has_skill values ( 308 , 1036, 0);
insert into Skill values ( 1036 , 'Healthcare');
insert into Has_skill values ( 308 , 1906, 0);
insert into Skill values ( 1906 , 'Veterinary');
insert into Has_skill values ( 308 , 1907, 0);
insert into Skill values ( 1907 , 'Wine & Spirits Industry');
insert into Has_skill values ( 308 , 474, 0);
insert into Skill values ( 474 , 'FMCG');
insert into Has_skill values ( 308 , 1908, 0);
insert into Skill values ( 1908 , 'Headhunt');
insert into Member_of values ( 308 , 1970);
insert into Groups values ( 1970 , 'BPO, KPO, LPO, RPO Group Forum', 0);
insert into Employer values ( 1422 , 'NAUKRIBAZAR.COM');
insert into Experience values ( 308 , 1422, '2012-05-01', '2014-12-15');
insert into Employer values ( 1422 , 'NAUKRIBAZAR.COM');
insert into Experience values ( 308 , 1422, '2010-01-01', '2012-04-02');

insert into User values ( 309 , 'Ayesha' , 'Rath', 500, 0, 'Human Resources');
insert into Education values ( 309 , 456 , 205 , 'Master of Business Administration (MBA)', '', '');
insert into University values ( 456 , 'Utkal University');
insert into Has_skill values ( 309 , 417, 0);
insert into Skill values ( 417 , 'Management');
insert into Has_skill values ( 309 , 1652, 0);
insert into Skill values ( 1652 , 'Recruiting');
insert into Has_skill values ( 309 , 1208, 0);
insert into Skill values ( 1208 , 'Human Resources');
insert into Has_skill values ( 309 , 1662, 0);
insert into Skill values ( 1662 , 'Interviews');
insert into Has_skill values ( 309 , 1667, 0);
insert into Skill values ( 1667 , 'Onboarding');
insert into Has_skill values ( 309 , 491, 0);
insert into Skill values ( 491 , 'Business Planning');
insert into Has_skill values ( 309 , 347, 0);
insert into Skill values ( 347 , 'Business Strategy');
insert into Has_skill values ( 309 , 713, 0);
insert into Skill values ( 713 , 'Banking');
insert into Has_skill values ( 309 , 427, 0);
insert into Skill values ( 427 , 'Customer Service');
insert into Has_skill values ( 309 , 1646, 0);
insert into Skill values ( 1646 , 'Technical Recruiting');
insert into Has_skill values ( 309 , 1647, 0);
insert into Skill values ( 1647 , 'Talent Acquisition');
insert into Has_skill values ( 309 , 1665, 0);
insert into Skill values ( 1665 , 'Executive Search');
insert into Has_skill values ( 309 , 1125, 0);
insert into Skill values ( 1125 , 'Employee Relations');
insert into Has_skill values ( 309 , 1649, 0);
insert into Skill values ( 1649 , 'Sourcing');
insert into Has_skill values ( 309 , 398, 0);
insert into Skill values ( 398 , 'Finance');
insert into Member_of values ( 309 , 1971);
insert into Groups values ( 1971 , 'Campus Connect @2015', 0);
insert into Employer values ( 1422 , 'NAUKRIBAZAR.COM');
insert into Experience values ( 309 , 1422, '2010-05-01', '2014-12-15');
insert into Employer values ( 1422 , 'NAUKRIBAZAR.COM');
insert into Experience values ( 309 , 1422, '2009-02-01', '2010-04-01');

insert into User values ( 310 , 'Dipa' , 'Rani', 500, 0, 'Human Resources');
insert into Education values ( 310 , 457 , 202 , '', '1994 – 1997', '1994 – 1997');
insert into University values ( 457 , 'Berhampur University');
insert into Has_skill values ( 310 , 1909, 0);
insert into Skill values ( 1909 , 'networking');
insert into Has_skill values ( 310 , 1910, 0);
insert into Skill values ( 1910 , 'recruiting');
insert into Has_skill values ( 310 , 1911, 0);
insert into Skill values ( 1911 , 'blogger');
insert into Has_skill values ( 310 , 1652, 0);
insert into Skill values ( 1652 , 'Recruiting');
insert into Has_skill values ( 310 , 1127, 0);
insert into Skill values ( 1127 , 'Career Counseling');
insert into Has_skill values ( 310 , 1912, 0);
insert into Skill values ( 1912 , 'RFP');
insert into Has_skill values ( 310 , 859, 0);
insert into Skill values ( 859 , 'Networking');
insert into Has_skill values ( 310 , 1260, 0);
insert into Skill values ( 1260 , 'Strategic Leadership');
insert into Has_skill values ( 310 , 1716, 0);
insert into Skill values ( 1716 , 'Process Management');
insert into Has_skill values ( 310 , 600, 0);
insert into Skill values ( 600 , 'Executive Management');
insert into Has_skill values ( 310 , 1655, 0);
insert into Skill values ( 1655 , 'Benefits Negotiation');
insert into Has_skill values ( 310 , 1665, 0);
insert into Skill values ( 1665 , 'Executive Search');
insert into Has_skill values ( 310 , 1651, 0);
insert into Skill values ( 1651 , 'Screening');
insert into Has_skill values ( 310 , 1647, 0);
insert into Skill values ( 1647 , 'Talent Acquisition');
insert into Has_skill values ( 310 , 1646, 0);
insert into Skill values ( 1646 , 'Technical Recruiting');
insert into Has_skill values ( 310 , 478, 0);
insert into Skill values ( 478 , 'Team Management');
insert into Has_skill values ( 310 , 1913, 0);
insert into Skill values ( 1913 , 'Blogger');
insert into Has_skill values ( 310 , 1649, 0);
insert into Skill values ( 1649 , 'Sourcing');
insert into Has_skill values ( 310 , 417, 0);
insert into Skill values ( 417 , 'Management');
insert into Has_skill values ( 310 , 1653, 0);
insert into Skill values ( 1653 , 'Contract Recruitment');
insert into Has_skill values ( 310 , 419, 0);
insert into Skill values ( 419 , 'Training');
insert into Has_skill values ( 310 , 1679, 0);
insert into Skill values ( 1679 , 'Employee Engagement');
insert into Has_skill values ( 310 , 1654, 0);
insert into Skill values ( 1654 , 'Screening Resumes');
insert into Has_skill values ( 310 , 803, 0);
insert into Skill values ( 803 , 'SDLC');
insert into Has_skill values ( 310 , 471, 0);
insert into Skill values ( 471 , 'CRM');
insert into Has_skill values ( 310 , 1658, 0);
insert into Skill values ( 1658 , 'Talent Management');
insert into Has_skill values ( 310 , 1208, 0);
insert into Skill values ( 1208 , 'Human Resources');
insert into Has_skill values ( 310 , 1662, 0);
insert into Skill values ( 1662 , 'Interviews');
insert into Has_skill values ( 310 , 1125, 0);
insert into Skill values ( 1125 , 'Employee Relations');
insert into Has_skill values ( 310 , 1676, 0);
insert into Skill values ( 1676 , 'HR Consulting');
insert into Has_skill values ( 310 , 1771, 0);
insert into Skill values ( 1771 , 'Performance Appraisal');
insert into Has_skill values ( 310 , 1659, 0);
insert into Skill values ( 1659 , 'Internet Recruiting');
insert into Has_skill values ( 310 , 1889, 0);
insert into Skill values ( 1889 , 'MIS');
insert into Has_skill values ( 310 , 1898, 0);
insert into Skill values ( 1898 , 'Recruitments');
insert into Has_skill values ( 310 , 1677, 0);
insert into Skill values ( 1677 , 'Performance Management');
insert into Has_skill values ( 310 , 1666, 0);
insert into Skill values ( 1666 , 'IT Recruitment');
insert into Has_skill values ( 310 , 1680, 0);
insert into Skill values ( 1680 , 'Personnel Management');
insert into Has_skill values ( 310 , 1670, 0);
insert into Skill values ( 1670 , 'Permanent Placement');
insert into Has_skill values ( 310 , 1914, 0);
insert into Skill values ( 1914 , 'Recruitment Advertising');
insert into Has_skill values ( 310 , 776, 0);
insert into Skill values ( 776 , 'Vendor Management');
insert into Has_skill values ( 310 , 1650, 0);
insert into Skill values ( 1650 , 'Applicant Tracking...');
insert into Has_skill values ( 310 , 1660, 0);
insert into Skill values ( 1660 , 'Temporary Placement');
insert into Has_skill values ( 310 , 1915, 0);
insert into Skill values ( 1915 , 'Strategic HR');
insert into Has_skill values ( 310 , 1668, 0);
insert into Skill values ( 1668 , 'Employer Branding');
insert into Has_skill values ( 310 , 1052, 0);
insert into Skill values ( 1052 , 'Employee Training');
insert into Has_skill values ( 310 , 824, 0);
insert into Skill values ( 824 , 'Resource Management');
insert into Has_skill values ( 310 , 1916, 0);
insert into Skill values ( 1916 , 'Job Descriptions');
insert into Has_skill values ( 310 , 1685, 0);
insert into Skill values ( 1685 , 'HR Policies');
insert into Has_skill values ( 310 , 1692, 0);
insert into Skill values ( 1692 , 'BPO');
insert into Has_skill values ( 310 , 1667, 0);
insert into Skill values ( 1667 , 'Onboarding');
insert into Employer values ( 1425 , 'Live Connections');
insert into Experience values ( 310 , 1425, '2014-06-01', '2014-12-15');
insert into Employer values ( 1425 , 'Live Connections');
insert into Experience values ( 310 , 1425, '2006-03-01', '2014-01-07');
insert into Employer values ( 1426 , 'Fact Personnel Pvt Ltd');
insert into Experience values ( 310 , 1426, '2005-07-01', '2006-02-08');
insert into Employer values ( 1427 , 'Xsilica software solutions');
insert into Experience values ( 310 , 1427, '2004-01-01', '');

insert into User values ( 311 , 'Jayalakshmi' , 'E', 500, 0, 'Human Resources');
insert into Education values ( 311 , 458 , 400 , 'BE', '2004 – 2008', '2004 – 2008');
insert into University values ( 458 , 'Anna University');
insert into Education values ( 311 , 458 , 202 , '', '', '');
insert into University values ( 458 , 'Anna University');
insert into Education values ( 311 , 459 , 202 , '', '', '');
insert into University values ( 459 , 'State Board');
insert into Has_skill values ( 311 , 1652, 0);
insert into Skill values ( 1652 , 'Recruiting');
insert into Has_skill values ( 311 , 1649, 0);
insert into Skill values ( 1649 , 'Sourcing');
insert into Has_skill values ( 311 , 1917, 0);
insert into Skill values ( 1917 , 'Performance Tuning');
insert into Has_skill values ( 311 , 1646, 0);
insert into Skill values ( 1646 , 'Technical Recruiting');
insert into Has_skill values ( 311 , 1651, 0);
insert into Skill values ( 1651 , 'Screening');
insert into Has_skill values ( 311 , 1208, 0);
insert into Skill values ( 1208 , 'Human Resources');
insert into Has_skill values ( 311 , 1662, 0);
insert into Skill values ( 1662 , 'Interviews');
insert into Has_skill values ( 311 , 443, 0);
insert into Skill values ( 443 , 'Databases');
insert into Has_skill values ( 311 , 1655, 0);
insert into Skill values ( 1655 , 'Benefits Negotiation');
insert into Member_of values ( 311 , 1972);
insert into Groups values ( 1972 , '.NET Developers', 0);
insert into Member_of values ( 311 , 1973);
insert into Groups values ( 1973 , 'SAP PS (Project Systems)', 0);
insert into Member_of values ( 311 , 1974);
insert into Groups values ( 1974 , 'IT Temp Staffing - Chennai', 0);
insert into Member_of values ( 311 , 1975);
insert into Groups values ( 1975 , 'Lithuanian IT Professionals', 0);
insert into Member_of values ( 311 , 1976);
insert into Groups values ( 1976 , 'IT Recruiters', 0);
insert into Member_of values ( 311 , 1977);
insert into Groups values ( 1977 , 'Telecom Professionals Europe', 0);
insert into Member_of values ( 311 , 1978);
insert into Groups values ( 1978 , 'Corporate HR-India', 0);
insert into Member_of values ( 311 , 1979);
insert into Groups values ( 1979 , 'Ericsson Global', 0);
insert into Member_of values ( 311 , 1980);
insert into Groups values ( 1980 , 'Test automation', 0);
insert into Member_of values ( 311 , 1981);
insert into Groups values ( 1981 , 'Netherland Telecommunication and IT Professional', 0);
insert into Member_of values ( 311 , 1982);
insert into Groups values ( 1982 , 'Bangalore Opportunities (I)', 0);
insert into Member_of values ( 311 , 1983);
insert into Groups values ( 1983 , 'Pune IT Jobs', 0);
insert into Member_of values ( 311 , 1984);
insert into Groups values ( 1984 , 'Technical Writer Forum', 0);
insert into Member_of values ( 311 , 1985);
insert into Groups values ( 1985 , 'aimkaam : HR Professionals & Trainers Group - Creating success for you!', 0);
insert into Member_of values ( 311 , 1986);
insert into Groups values ( 1986 , 'FIRST AMACE ALUMNI', 0);
insert into Member_of values ( 311 , 1987);
insert into Groups values ( 1987 , 'BMC Remedy & ITSM Professionals', 0);
insert into Member_of values ( 311 , 1988);
insert into Groups values ( 1988 , 'RIM - Remote Infrastructure Management', 0);
insert into Member_of values ( 311 , 1989);
insert into Groups values ( 1989 , 'Adeccoites', 0);
insert into Member_of values ( 311 , 1990);
insert into Groups values ( 1990 , 'Software Testing Jobs in India', 0);
insert into Member_of values ( 311 , 1443);
insert into Groups values ( 1443 , 'The Recruiter.com Network', 0);
insert into Member_of values ( 311 , 1991);
insert into Groups values ( 1991 , 'Bangalore HR Leaders', 0);
insert into Member_of values ( 311 , 1559);
insert into Groups values ( 1559 , 'CXO (CEO, COO, CKO, CFO, CIO, CPO, CMO, CAO, CVO, CDO, CRO, CLO, CSO & CTO) Community', 0);
insert into Member_of values ( 311 , 1992);
insert into Groups values ( 1992 , 'Bharat Headhunters', 0);
insert into Member_of values ( 311 , 1993);
insert into Groups values ( 1993 , 'SAP People(9000+ Member)', 0);
insert into Member_of values ( 311 , 1994);
insert into Groups values ( 1994 , 'Java Developers', 0);
insert into Member_of values ( 311 , 1995);
insert into Groups values ( 1995 , 'Recruitment Consultant UK', 0);
insert into Member_of values ( 311 , 1996);
insert into Groups values ( 1996 , 'IT Staffing & Services', 0);
insert into Member_of values ( 311 , 1997);
insert into Groups values ( 1997 , 'Human Resource Jobs in India', 0);
insert into Member_of values ( 311 , 1998);
insert into Groups values ( 1998 , 'H1B360', 0);
insert into Member_of values ( 311 , 1999);
insert into Groups values ( 1999 , 'AS400 specialists', 0);
insert into Member_of values ( 311 , 2000);
insert into Groups values ( 2000 , 'SAP Career Opportunities Group', 0);
insert into Member_of values ( 311 , 756);
insert into Groups values ( 756 , 'Linked:HR (#1 Human Resources Group)', 0);
insert into Member_of values ( 311 , 1329);
insert into Groups values ( 1329 , 'Recruitment Consultants and Staffing Professionals', 0);
insert into Member_of values ( 311 , 1941);
insert into Groups values ( 1941 , 'Singapore Careers', 0);
insert into Member_of values ( 311 , 2001);
insert into Groups values ( 2001 , 'job LITHUANIA', 0);
insert into Member_of values ( 311 , 2002);
insert into Groups values ( 2002 , 'Siebel Community', 0);
insert into Member_of values ( 311 , 2003);
insert into Groups values ( 2003 , 'RAN Engineer Group (Telecoms)', 0);
insert into Member_of values ( 311 , 1557);
insert into Groups values ( 1557 , 'Telecoms Europe Roles', 0);
insert into Member_of values ( 311 , 2004);
insert into Groups values ( 2004 , 'Software Testing & Quality Assurance (QA) @standqa', 0);
insert into Member_of values ( 311 , 2005);
insert into Groups values ( 2005 , 'Performance Testing', 0);
insert into Employer values ( 1428 , 'Project People');
insert into Experience values ( 311 , 1428, '2012-03-01', '2014-12-10');
insert into Employer values ( 1429 , 'Adecco');
insert into Experience values ( 311 , 1429, '2010-01-01', '2011-07-01');
insert into Employer values ( 1430 , 'AARGEE STAFFING SERVICES PRIVATE LIMITED');
insert into Experience values ( 311 , 1430, '2008-11-01', '2010-01-01');

insert into User values ( 312 , 'divya' , 'viswanathan', 500, 0, 'Human Resources');
insert into Education values ( 312 , 460 , 243 , 'MBA', '2007 – 2009', '2007 – 2009');
insert into University values ( 460 , 'Bharathiar University');
insert into Education values ( 312 , 461 , 376 , 'B.Sc', '2003 – 2006', '2003 – 2006');
insert into University values ( 461 , 'Avinashilingam Deemed University');
insert into Education values ( 312 , 462 , 401 , '+2', '2001 – 2003', '2001 – 2003');
insert into University values ( 462 , 'Breeks Memorial AngloIndian Higher Secondary School');
insert into Has_skill values ( 312 , 1125, 0);
insert into Skill values ( 1125 , 'Employee Relations');
insert into Has_skill values ( 312 , 1771, 0);
insert into Skill values ( 1771 , 'Performance Appraisal');
insert into Has_skill values ( 312 , 478, 0);
insert into Skill values ( 478 , 'Team Management');
insert into Has_skill values ( 312 , 1679, 0);
insert into Skill values ( 1679 , 'Employee Engagement');
insert into Has_skill values ( 312 , 1646, 0);
insert into Skill values ( 1646 , 'Technical Recruiting');
insert into Has_skill values ( 312 , 1666, 0);
insert into Skill values ( 1666 , 'IT Recruitment');
insert into Has_skill values ( 312 , 1918, 0);
insert into Skill values ( 1918 , 'Recriutment');
insert into Has_skill values ( 312 , 1919, 0);
insert into Skill values ( 1919 , 'ITES Recriutment');
insert into Has_skill values ( 312 , 1652, 0);
insert into Skill values ( 1652 , 'Recruiting');
insert into Has_skill values ( 312 , 1649, 0);
insert into Skill values ( 1649 , 'Sourcing');
insert into Has_skill values ( 312 , 1651, 0);
insert into Skill values ( 1651 , 'Screening');
insert into Has_skill values ( 312 , 1647, 0);
insert into Skill values ( 1647 , 'Talent Acquisition');
insert into Has_skill values ( 312 , 1677, 0);
insert into Skill values ( 1677 , 'Performance Management');
insert into Has_skill values ( 312 , 1208, 0);
insert into Skill values ( 1208 , 'Human Resources');
insert into Has_skill values ( 312 , 1920, 0);
insert into Skill values ( 1920 , 'Soft Skills');
insert into Member_of values ( 312 , 2006);
insert into Groups values ( 2006 , 'Campus Recruitment India - Biggest Campus Recruitment Group', 0);
insert into Member_of values ( 312 , 2007);
insert into Groups values ( 2007 , 'HRinIndia', 0);
insert into Member_of values ( 312 , 2008);
insert into Groups values ( 2008 , 'All India Campus Placement Professionals Community (AICPPC)', 0);
insert into Member_of values ( 312 , 2009);
insert into Groups values ( 2009 , 'Chennai HR Professionals (CHRP)', 0);
insert into Member_of values ( 312 , 2010);
insert into Groups values ( 2010 , 'HR Jobs', 0);
insert into Member_of values ( 312 , 2011);
insert into Groups values ( 2011 , 'HR JOBS India.', 0);
insert into Member_of values ( 312 , 2012);
insert into Groups values ( 2012 , 'BADAGAS', 0);
insert into Member_of values ( 312 , 2013);
insert into Groups values ( 2013 , 'HR & Psychometrics', 0);
insert into Member_of values ( 312 , 2014);
insert into Groups values ( 2014 , 'Looking for a Job Change?', 0);
insert into Member_of values ( 312 , 2015);
insert into Groups values ( 2015 , 'Innovation Group India', 0);
insert into Member_of values ( 312 , 2016);
insert into Groups values ( 2016 , 'Ministry Of Human Resources ( Govt Of India)', 0);
insert into Member_of values ( 312 , 2017);
insert into Groups values ( 2017 , 'BUSINESSMASTERS 360°', 0);
insert into Knows_language values ( 312 , 552);
insert into Languages values ( 552 , 'Kannada');
insert into Knows_language values ( 312 , 528);
insert into Languages values ( 528 , 'Tamil');
insert into Knows_language values ( 312 , 504);
insert into Languages values ( 504 , 'Hindi');
insert into Knows_language values ( 312 , 501);
insert into Languages values ( 501 , 'English');
insert into Employer values ( 1431 , 'Golden Opportunities Pvt Ltd');
insert into Experience values ( 312 , 1431, '2009-10-01', '2010-04-07');

insert into User values ( 313 , 'Jagadishwari' , 'V', 500, 0, 'Human Resources');
insert into Education values ( 313 , 463 , 399 , 'Master of Business Administration (M.B.A.)', '2008 – 2010', '2008 – 2010');
insert into University values ( 463 , 'Anna University Tiruchirappalli');
insert into Education values ( 313 , 464 , 202 , '', '', '');
insert into University values ( 464 , 'Chow Nanda Memorial School, Chowkham, Arunachal Pradesh');
insert into Has_skill values ( 313 , 1208, 0);
insert into Skill values ( 1208 , 'Human Resources');
insert into Has_skill values ( 313 , 1647, 0);
insert into Skill values ( 1647 , 'Talent Acquisition');
insert into Has_skill values ( 313 , 1652, 0);
insert into Skill values ( 1652 , 'Recruiting');
insert into Has_skill values ( 313 , 1921, 0);
insert into Skill values ( 1921 , 'SAP HCM');
insert into Has_skill values ( 313 , 1922, 0);
insert into Skill values ( 1922 , 'SAP SuccessFactors');
insert into Has_skill values ( 313 , 1923, 0);
insert into Skill values ( 1923 , 'SAP HR');
insert into Has_skill values ( 313 , 1655, 0);
insert into Skill values ( 1655 , 'Benefits Negotiation');
insert into Has_skill values ( 313 , 1651, 0);
insert into Skill values ( 1651 , 'Screening');
insert into Has_skill values ( 313 , 417, 0);
insert into Skill values ( 417 , 'Management');
insert into Has_skill values ( 313 , 336, 0);
insert into Skill values ( 336 , 'Microsoft Office');
insert into Has_skill values ( 313 , 1125, 0);
insert into Skill values ( 1125 , 'Employee Relations');
insert into Has_skill values ( 313 , 1680, 0);
insert into Skill values ( 1680 , 'Personnel Management');
insert into Has_skill values ( 313 , 1924, 0);
insert into Skill values ( 1924 , 'Analytical Skills');
insert into Has_skill values ( 313 , 1646, 0);
insert into Skill values ( 1646 , 'Technical Recruiting');
insert into Has_skill values ( 313 , 1679, 0);
insert into Skill values ( 1679 , 'Employee Engagement');
insert into Has_skill values ( 313 , 1649, 0);
insert into Skill values ( 1649 , 'Sourcing');
insert into Has_skill values ( 313 , 1654, 0);
insert into Skill values ( 1654 , 'Screening Resumes');
insert into Has_skill values ( 313 , 1667, 0);
insert into Skill values ( 1667 , 'Onboarding');
insert into Has_skill values ( 313 , 1677, 0);
insert into Skill values ( 1677 , 'Performance Management');
insert into Has_skill values ( 313 , 1674, 0);
insert into Skill values ( 1674 , 'HRIS');
insert into Has_skill values ( 313 , 1771, 0);
insert into Skill values ( 1771 , 'Performance Appraisal');
insert into Has_skill values ( 313 , 1685, 0);
insert into Skill values ( 1685 , 'HR Policies');
insert into Has_skill values ( 313 , 477, 0);
insert into Skill values ( 477 , 'Market Research');
insert into Has_skill values ( 313 , 1658, 0);
insert into Skill values ( 1658 , 'Talent Management');
insert into Has_skill values ( 313 , 1676, 0);
insert into Skill values ( 1676 , 'HR Consulting');
insert into Has_skill values ( 313 , 1665, 0);
insert into Skill values ( 1665 , 'Executive Search');
insert into Has_skill values ( 313 , 1663, 0);
insert into Skill values ( 1663 , 'Hiring');
insert into Has_skill values ( 313 , 1668, 0);
insert into Skill values ( 1668 , 'Employer Branding');
insert into Has_skill values ( 313 , 1735, 0);
insert into Skill values ( 1735 , 'Innovation');
insert into Has_skill values ( 313 , 1925, 0);
insert into Skill values ( 1925 , 'Oratory');
insert into Has_skill values ( 313 , 1708, 0);
insert into Skill values ( 1708 , 'Taleo');
insert into Member_of values ( 313 , 2018);
insert into Groups values ( 2018 , 'HR GURU', 0);
insert into Member_of values ( 313 , 708);
insert into Groups values ( 708 , 'TCS Alumni Network', 0);
insert into Member_of values ( 313 , 1436);
insert into Groups values ( 1436 , 'NLP (Neuro-linguistic Programming)', 0);
insert into Member_of values ( 313 , 2019);
insert into Groups values ( 2019 , 'H.R. Professionals Association - Human Resources', 0);
insert into Member_of values ( 313 , 2020);
insert into Groups values ( 2020 , 'SAPJobsIndia.net', 0);
insert into Member_of values ( 313 , 1438);
insert into Groups values ( 1438 , 'Talent HQ', 0);
insert into Member_of values ( 313 , 2021);
insert into Groups values ( 2021 , 'SAP HR and SuccessFactors Sponsored Jobs World Wide', 0);
insert into Member_of values ( 313 , 2022);
insert into Groups values ( 2022 , 'HRcommunity | India', 0);
insert into Member_of values ( 313 , 2023);
insert into Groups values ( 2023 , 'HP India Alumni Network', 0);
insert into Member_of values ( 313 , 2024);
insert into Groups values ( 2024 , 'CHENNAI HR CLUB', 0);
insert into Member_of values ( 313 , 2025);
insert into Groups values ( 2025 , 'National HRD Network, India', 0);
insert into Member_of values ( 313 , 2026);
insert into Groups values ( 2026 , 'Obama for America', 0);
insert into Member_of values ( 313 , 2027);
insert into Groups values ( 2027 , 'Hewlett Packard India', 0);
insert into Member_of values ( 313 , 2028);
insert into Groups values ( 2028 , 'Market Research Professionals', 0);
insert into Member_of values ( 313 , 756);
insert into Groups values ( 756 , 'Linked:HR (#1 Human Resources Group)', 0);
insert into Member_of values ( 313 , 2029);
insert into Groups values ( 2029 , 'MTHR Global', 0);
insert into Member_of values ( 313 , 2030);
insert into Groups values ( 2030 , 'Hewlett Packard', 0);
insert into Member_of values ( 313 , 2031);
insert into Groups values ( 2031 , 'Blogging', 0);
insert into Member_of values ( 313 , 2032);
insert into Groups values ( 2032 , 'HR Era', 0);
insert into Member_of values ( 313 , 2033);
insert into Groups values ( 2033 , 'Organisational Development', 0);
insert into Member_of values ( 313 , 2011);
insert into Groups values ( 2011 , 'HR JOBS India.', 0);
insert into Member_of values ( 313 , 2034);
insert into Groups values ( 2034 , 'SAP Career Worldwide', 0);
insert into Member_of values ( 313 , 2035);
insert into Groups values ( 2035 , 'SHRM India', 0);
insert into Member_of values ( 313 , 506);
insert into Groups values ( 506 , 'Harvard Business Review', 0);
insert into Member_of values ( 313 , 2036);
insert into Groups values ( 2036 , 'JobsForGood', 0);
insert into Member_of values ( 313 , 2037);
insert into Groups values ( 2037 , 'JOBS @ CORPORATE', 0);
insert into Member_of values ( 313 , 2038);
insert into Groups values ( 2038 , 'Public Sector - employees and consultants', 0);
insert into Member_of values ( 313 , 2039);
insert into Groups values ( 2039 , 'Bangalore HR Folks', 0);
insert into Member_of values ( 313 , 2040);
insert into Groups values ( 2040 , 'MBA @ ANNA UNIVERSITY TIRUCHIRAPPALLI', 0);
insert into Member_of values ( 313 , 1443);
insert into Groups values ( 1443 , 'The Recruiter.com Network', 0);
insert into Member_of values ( 313 , 2041);
insert into Groups values ( 2041 , 'SAP HCM Opportunities - Worldwide', 0);
insert into Member_of values ( 313 , 1991);
insert into Groups values ( 1991 , 'Bangalore HR Leaders', 0);
insert into Member_of values ( 313 , 2042);
insert into Groups values ( 2042 , 'Blog', 0);
insert into Member_of values ( 313 , 2043);
insert into Groups values ( 2043 , 'HR Leadership Forum (2087281)', 0);
insert into Knows_language values ( 313 , 501);
insert into Languages values ( 501 , 'English');
insert into Knows_language values ( 313 , 504);
insert into Languages values ( 504 , 'Hindi');
insert into Employer values ( 1364 , 'Hewlett-Packard');
insert into Experience values ( 313 , 1364, '2011-01-01', '');
insert into Employer values ( 1432 , 'Ameexusa Technologies Pvt. Ltd');
insert into Experience values ( 313 , 1432, '2010-07-01', '2011-01-07');
insert into Employer values ( 833 , 'Tata Consultancy Services');
insert into Experience values ( 313 , 833, '2007-05-01', '2008-04-01');

insert into User values ( 314 , 'Priyadarshini' , 'Bharath', 500, 0, 'Information Technology and Services');
insert into Education values ( 314 , 465 , 257 , 'GNIIT', '1995 – 1998', '1995 – 1998');
insert into University values ( 465 , 'National Institute of Information Technology');
insert into Education values ( 314 , 254 , 206 , 'BBA', '1995 – 1998', '1995 – 1998');
insert into University values ( 254 , 'University of Madras');
insert into Education values ( 314 , 466 , 202 , '', '', '');
insert into University values ( 466 , 'Holy Angels Convent AIHSS');
insert into Education values ( 314 , 467 , 402 , 'Human Resources Management', '', '');
insert into University values ( 467 , 'Loyola Institute Of Business Administration');
insert into Has_skill values ( 314 , 1677, 0);
insert into Skill values ( 1677 , 'Performance Management');
insert into Has_skill values ( 314 , 1125, 0);
insert into Skill values ( 1125 , 'Employee Relations');
insert into Has_skill values ( 314 , 1926, 0);
insert into Skill values ( 1926 , 'Competency Management');
insert into Has_skill values ( 314 , 1674, 0);
insert into Skill values ( 1674 , 'HRIS');
insert into Has_skill values ( 314 , 1658, 0);
insert into Skill values ( 1658 , 'Talent Management');
insert into Has_skill values ( 314 , 1707, 0);
insert into Skill values ( 1707 , 'New Hire Orientations');
insert into Has_skill values ( 314 , 498, 0);
insert into Skill values ( 498 , 'Project Planning');
insert into Has_skill values ( 314 , 376, 0);
insert into Skill values ( 376 , 'Program Management');
insert into Has_skill values ( 314 , 417, 0);
insert into Skill values ( 417 , 'Management');
insert into Has_skill values ( 314 , 1771, 0);
insert into Skill values ( 1771 , 'Performance Appraisal');
insert into Has_skill values ( 314 , 1647, 0);
insert into Skill values ( 1647 , 'Talent Acquisition');
insert into Has_skill values ( 314 , 1208, 0);
insert into Skill values ( 1208 , 'Human Resources');
insert into Has_skill values ( 314 , 1652, 0);
insert into Skill values ( 1652 , 'Recruiting');
insert into Has_skill values ( 314 , 775, 0);
insert into Skill values ( 775 , 'Team Building');
insert into Has_skill values ( 314 , 1651, 0);
insert into Skill values ( 1651 , 'Screening');
insert into Has_skill values ( 314 , 419, 0);
insert into Skill values ( 419 , 'Training');
insert into Has_skill values ( 314 , 423, 0);
insert into Skill values ( 423 , 'Leadership');
insert into Has_skill values ( 314 , 1655, 0);
insert into Skill values ( 1655 , 'Benefits Negotiation');
insert into Has_skill values ( 314 , 1679, 0);
insert into Skill values ( 1679 , 'Employee Engagement');
insert into Has_skill values ( 314 , 1709, 0);
insert into Skill values ( 1709 , 'Benefits Administration');
insert into Has_skill values ( 314 , 1680, 0);
insert into Skill values ( 1680 , 'Personnel Management');
insert into Has_skill values ( 314 , 776, 0);
insert into Skill values ( 776 , 'Vendor Management');
insert into Has_skill values ( 314 , 1649, 0);
insert into Skill values ( 1649 , 'Sourcing');
insert into Has_skill values ( 314 , 494, 0);
insert into Skill values ( 494 , 'Strategy');
insert into Has_skill values ( 314 , 478, 0);
insert into Skill values ( 478 , 'Team Management');
insert into Has_skill values ( 314 , 1646, 0);
insert into Skill values ( 1646 , 'Technical Recruiting');
insert into Has_skill values ( 314 , 1898, 0);
insert into Skill values ( 1898 , 'Recruitments');
insert into Has_skill values ( 314 , 1685, 0);
insert into Skill values ( 1685 , 'HR Policies');
insert into Has_skill values ( 314 , 1131, 0);
insert into Skill values ( 1131 , 'Career Development');
insert into Has_skill values ( 314 , 421, 0);
insert into Skill values ( 421 , 'Time Management');
insert into Has_skill values ( 314 , 1654, 0);
insert into Skill values ( 1654 , 'Screening Resumes');
insert into Has_skill values ( 314 , 1676, 0);
insert into Skill values ( 1676 , 'HR Consulting');
insert into Has_skill values ( 314 , 1920, 0);
insert into Skill values ( 1920 , 'Soft Skills');
insert into Has_skill values ( 314 , 1681, 0);
insert into Skill values ( 1681 , 'Deferred Compensation');
insert into Has_skill values ( 314 , 1013, 0);
insert into Skill values ( 1013 , 'Organizational...');
insert into Has_skill values ( 314 , 1666, 0);
insert into Skill values ( 1666 , 'IT Recruitment');
insert into Has_skill values ( 314 , 1659, 0);
insert into Skill values ( 1659 , 'Internet Recruiting');
insert into Has_skill values ( 314 , 824, 0);
insert into Skill values ( 824 , 'Resource Management');
insert into Has_skill values ( 314 , 1915, 0);
insert into Skill values ( 1915 , 'Strategic HR');
insert into Has_skill values ( 314 , 426, 0);
insert into Skill values ( 426 , 'Teamwork');
insert into Member_of values ( 314 , 2044);
insert into Groups values ( 2044 , 'Chennai HR Group', 0);
insert into Member_of values ( 314 , 2045);
insert into Groups values ( 2045 , 'Branding Professionals', 0);
insert into Member_of values ( 314 , 2046);
insert into Groups values ( 2046 , 'MF Cobol', 0);
insert into Member_of values ( 314 , 2009);
insert into Groups values ( 2009 , 'Chennai HR Professionals (CHRP)', 0);
insert into Member_of values ( 314 , 1991);
insert into Groups values ( 1991 , 'Bangalore HR Leaders', 0);
insert into Member_of values ( 314 , 2047);
insert into Groups values ( 2047 , 'MGL(Mascon Global Limited)', 0);
insert into Member_of values ( 314 , 2048);
insert into Groups values ( 2048 , 'Quadrant 4 Systems', 0);
insert into Member_of values ( 314 , 756);
insert into Groups values ( 756 , 'Linked:HR (#1 Human Resources Group)', 0);
insert into Member_of values ( 314 , 2049);
insert into Groups values ( 2049 , 'HR JOBS Ahmedabad, Chennai, Banaglore, Chennai, Delhi, Noida, Pune, Mumbai', 0);
insert into Member_of values ( 314 , 2050);
insert into Groups values ( 2050 , 'Competency-Based HR Management', 0);
insert into Member_of values ( 314 , 2051);
insert into Groups values ( 2051 , 'Training Professionals', 0);
insert into Member_of values ( 314 , 2052);
insert into Groups values ( 2052 , 'IIHR', 0);
insert into Member_of values ( 314 , 1673);
insert into Groups values ( 1673 , 'Organization Development & Training (Sponsored by the Human Capital Institute)', 0);
insert into Member_of values ( 314 , 2053);
insert into Groups values ( 2053 , 'Sutherland Global Services Alumni', 0);
insert into Member_of values ( 314 , 2024);
insert into Groups values ( 2024 , 'CHENNAI HR CLUB', 0);
insert into Member_of values ( 314 , 2054);
insert into Groups values ( 2054 , 'International Association of Business Communicators (IABC)', 0);
insert into Member_of values ( 314 , 2055);
insert into Groups values ( 2055 , 'Forum of HR and Recruitment professionals, Chennai', 0);
insert into Member_of values ( 314 , 2056);
insert into Groups values ( 2056 , 'Compensation & Benefits Forum', 0);
insert into Member_of values ( 314 , 2057);
insert into Groups values ( 2057 , 'Recruitment and Hiring Practices Forum', 0);
insert into Member_of values ( 314 , 2058);
insert into Groups values ( 2058 , 'HR Jobs in Metro Cities', 0);
insert into Member_of values ( 314 , 2059);
insert into Groups values ( 2059 , 'Coporate Branding Group', 0);
insert into Member_of values ( 314 , 2060);
insert into Groups values ( 2060 , 'HR Solutions & Conaultancy', 0);
insert into Member_of values ( 314 , 2061);
insert into Groups values ( 2061 , 'Corporate Communication', 0);
insert into Member_of values ( 314 , 2062);
insert into Groups values ( 2062 , 'Born to Win Learning', 0);
insert into Member_of values ( 314 , 2043);
insert into Groups values ( 2043 , 'HR Leadership Forum (2087281)', 0);
insert into Member_of values ( 314 , 2063);
insert into Groups values ( 2063 , 'HR Insights with Hays', 0);
insert into Employer values ( 1433 , 'HTC Global Services');
insert into Experience values ( 314 , 1433, '2014-06-01', '2014-12-15');
insert into Employer values ( 1434 , 'Quadrant 4 Systems Corporation');
insert into Experience values ( 314 , 1434, '2011-05-01', '2014-06-03');
insert into Employer values ( 1435 , 'CSS Corp');
insert into Experience values ( 314 , 1435, '2009-11-01', '2010-12-01');
insert into Employer values ( 1436 , 'MGL');
insert into Experience values ( 314 , 1436, '2006-02-01', '2009-11-03');
insert into Employer values ( 1437 , 'Sutherland Global Services');
insert into Experience values ( 314 , 1437, '2004-08-01', '2006-01-01');
insert into Employer values ( 1410 , 'HCL Technologies');
insert into Experience values ( 314 , 1410, '2002-06-01', '2003-07-01');
insert into Employer values ( 1438 , 'Intimate Fashions');
insert into Experience values ( 314 , 1438, '2000-10-01', '2002-05-01');
insert into Employer values ( 1439 , 'Sree Ramana Surgical Clinic');
insert into Experience values ( 314 , 1439, '1995-03-01', '2000-09-05');

insert into User values ( 315 , 'Aarthi' , 'Murugaesen', 500, 0, 'Human Resources');
insert into Education values ( 315 , 468 , 243 , 'MBA', '2009 – 2011', '2009 – 2011');
insert into University values ( 468 , 'Sathyabama University');
insert into Education values ( 315 , 469 , 403 , 'B.Com', '2006 – 2009', '2006 – 2009');
insert into University values ( 469 , 'Anna Adarsh College, Chennai');
insert into Education values ( 315 , 470 , 392 , 'Higher Secondary', '1999 – 2006', '1999 – 2006');
insert into University values ( 470 , 'Karthikeyan School, Chennai');
insert into Has_skill values ( 315 , 1649, 0);
insert into Skill values ( 1649 , 'Sourcing');
insert into Has_skill values ( 315 , 1647, 0);
insert into Skill values ( 1647 , 'Talent Acquisition');
insert into Has_skill values ( 315 , 1651, 0);
insert into Skill values ( 1651 , 'Screening');
insert into Has_skill values ( 315 , 1646, 0);
insert into Skill values ( 1646 , 'Technical Recruiting');
insert into Has_skill values ( 315 , 1652, 0);
insert into Skill values ( 1652 , 'Recruiting');
insert into Has_skill values ( 315 , 1679, 0);
insert into Skill values ( 1679 , 'Employee Engagement');
insert into Has_skill values ( 315 , 1676, 0);
insert into Skill values ( 1676 , 'HR Consulting');
insert into Has_skill values ( 315 , 1658, 0);
insert into Skill values ( 1658 , 'Talent Management');
insert into Has_skill values ( 315 , 1665, 0);
insert into Skill values ( 1665 , 'Executive Search');
insert into Has_skill values ( 315 , 1653, 0);
insert into Skill values ( 1653 , 'Contract Recruitment');
insert into Has_skill values ( 315 , 1208, 0);
insert into Skill values ( 1208 , 'Human Resources');
insert into Has_skill values ( 315 , 1654, 0);
insert into Skill values ( 1654 , 'Screening Resumes');
insert into Has_skill values ( 315 , 1920, 0);
insert into Skill values ( 1920 , 'Soft Skills');
insert into Has_skill values ( 315 , 478, 0);
insert into Skill values ( 478 , 'Team Management');
insert into Has_skill values ( 315 , 1898, 0);
insert into Skill values ( 1898 , 'Recruitments');
insert into Has_skill values ( 315 , 1889, 0);
insert into Skill values ( 1889 , 'MIS');
insert into Member_of values ( 315 , 2010);
insert into Groups values ( 2010 , 'HR Jobs', 0);
insert into Member_of values ( 315 , 2064);
insert into Groups values ( 2064 , 'Chennai based Recruiter', 0);
insert into Member_of values ( 315 , 2065);
insert into Groups values ( 2065 , 'Antal International', 0);
insert into Member_of values ( 315 , 2066);
insert into Groups values ( 2066 , 'Jobs in HR', 0);
insert into Member_of values ( 315 , 2067);
insert into Groups values ( 2067 , 'HR/ Recruiter Jobs in India', 0);
insert into Member_of values ( 315 , 2068);
insert into Groups values ( 2068 , 'Antal International Human Resources', 0);
insert into Member_of values ( 315 , 2069);
insert into Groups values ( 2069 , 'U.S.A HR Career Network (Post Jobs and Resumes)', 0);
insert into Member_of values ( 315 , 2070);
insert into Groups values ( 2070 , 'Non IT Recruiters', 0);
insert into Member_of values ( 315 , 2071);
insert into Groups values ( 2071 , 'Share Jobs - Only for HR & Recruiters', 0);
insert into Member_of values ( 315 , 2072);
insert into Groups values ( 2072 , 'RecruitingRecruiters.', 0);
insert into Employer values ( 1440 , 'Lycatel');
insert into Experience values ( 315 , 1440, '2012-11-01', '2014-12-15');
insert into Employer values ( 1441 , 'Orion Edutech');
insert into Experience values ( 315 , 1441, '2011-05-01', '2012-11-01');
insert into Employer values ( 1442 , 'Dell Perot system');
insert into Experience values ( 315 , 1442, '2010-09-01', '2011-03-07');

insert into User values ( 316 , 'BHUVANES' , 'DEVI', 265, 0, 'Human Resources');
insert into Education values ( 316 , 471 , 243 , 'MBA', '2008 – 2010', '2008 – 2010');
insert into University values ( 471 , 'GRG SCHOOL OF MANAGEMENT STUDIES');
insert into Education values ( 316 , 472 , 404 , 'bcom', '2005 – 2008', '2005 – 2008');
insert into University values ( 472 , 'PSGR Krishnammal college for women');
insert into Member_of values ( 316 , 2073);
insert into Groups values ( 2073 , 'PT Alumni Worldwide (Official Group of PT education)', 0);
insert into Member_of values ( 316 , 2074);
insert into Groups values ( 2074 , 'Human Resource Management', 0);
insert into Member_of values ( 316 , 2011);
insert into Groups values ( 2011 , 'HR JOBS India.', 0);
insert into Member_of values ( 316 , 756);
insert into Groups values ( 756 , 'Linked:HR (#1 Human Resources Group)', 0);
insert into Member_of values ( 316 , 722);
insert into Groups values ( 722 , 'Job Openings, Job Leads and Job Connections!', 0);

insert into User values ( 317 , 'Shanthi' , 'HG', 500, 0, 'Human Resources');
insert into Has_skill values ( 317 , 1679, 0);
insert into Skill values ( 1679 , 'Employee Engagement');
insert into Has_skill values ( 317 , 1676, 0);
insert into Skill values ( 1676 , 'HR Consulting');
insert into Has_skill values ( 317 , 1649, 0);
insert into Skill values ( 1649 , 'Sourcing');
insert into Has_skill values ( 317 , 1208, 0);
insert into Skill values ( 1208 , 'Human Resources');
insert into Has_skill values ( 317 , 1655, 0);
insert into Skill values ( 1655 , 'Benefits Negotiation');
insert into Has_skill values ( 317 , 1125, 0);
insert into Skill values ( 1125 , 'Employee Relations');
insert into Has_skill values ( 317 , 1664, 0);
insert into Skill values ( 1664 , 'Staffing Services');
insert into Has_skill values ( 317 , 1674, 0);
insert into Skill values ( 1674 , 'HRIS');
insert into Has_skill values ( 317 , 1646, 0);
insert into Skill values ( 1646 , 'Technical Recruiting');
insert into Has_skill values ( 317 , 1681, 0);
insert into Skill values ( 1681 , 'Deferred Compensation');
insert into Has_skill values ( 317 , 1651, 0);
insert into Skill values ( 1651 , 'Screening');
insert into Has_skill values ( 317 , 1647, 0);
insert into Skill values ( 1647 , 'Talent Acquisition');
insert into Has_skill values ( 317 , 1652, 0);
insert into Skill values ( 1652 , 'Recruiting');
insert into Has_skill values ( 317 , 1658, 0);
insert into Skill values ( 1658 , 'Talent Management');
insert into Has_skill values ( 317 , 1684, 0);
insert into Skill values ( 1684 , 'Employee Benefits');
insert into Has_skill values ( 317 , 1889, 0);
insert into Skill values ( 1889 , 'MIS');
insert into Has_skill values ( 317 , 1927, 0);
insert into Skill values ( 1927 , 'HR Metrics');
insert into Has_skill values ( 317 , 1013, 0);
insert into Skill values ( 1013 , 'Organizational...');
insert into Has_skill values ( 317 , 1928, 0);
insert into Skill values ( 1928 , 'CFRA');
insert into Has_skill values ( 317 , 1898, 0);
insert into Skill values ( 1898 , 'Recruitments');
insert into Has_skill values ( 317 , 478, 0);
insert into Skill values ( 478 , 'Team Management');
insert into Has_skill values ( 317 , 776, 0);
insert into Skill values ( 776 , 'Vendor Management');
insert into Has_skill values ( 317 , 1650, 0);
insert into Skill values ( 1650 , 'Applicant Tracking...');
insert into Has_skill values ( 317 , 1680, 0);
insert into Skill values ( 1680 , 'Personnel Management');
insert into Has_skill values ( 317 , 1667, 0);
insert into Skill values ( 1667 , 'Onboarding');
insert into Has_skill values ( 317 , 1666, 0);
insert into Skill values ( 1666 , 'IT Recruitment');
insert into Has_skill values ( 317 , 1677, 0);
insert into Skill values ( 1677 , 'Performance Management');
insert into Has_skill values ( 317 , 1673, 0);
insert into Skill values ( 1673 , 'Temporary Staffing');
insert into Has_skill values ( 317 , 336, 0);
insert into Skill values ( 336 , 'Microsoft Office');
insert into Has_skill values ( 317 , 419, 0);
insert into Skill values ( 419 , 'Training');
insert into Has_skill values ( 317 , 1707, 0);
insert into Skill values ( 1707 , 'New Hire Orientations');
insert into Has_skill values ( 317 , 1654, 0);
insert into Skill values ( 1654 , 'Screening Resumes');
insert into Has_skill values ( 317 , 1659, 0);
insert into Skill values ( 1659 , 'Internet Recruiting');
insert into Has_skill values ( 317 , 1675, 0);
insert into Skill values ( 1675 , 'Workforce Planning');
insert into Has_skill values ( 317 , 1915, 0);
insert into Skill values ( 1915 , 'Strategic HR');
insert into Has_skill values ( 317 , 1692, 0);
insert into Skill values ( 1692 , 'BPO');
insert into Has_skill values ( 317 , 1052, 0);
insert into Skill values ( 1052 , 'Employee Training');
insert into Has_skill values ( 317 , 1685, 0);
insert into Skill values ( 1685 , 'HR Policies');
insert into Has_skill values ( 317 , 1665, 0);
insert into Skill values ( 1665 , 'Executive Search');
insert into Has_skill values ( 317 , 1660, 0);
insert into Skill values ( 1660 , 'Temporary Placement');
insert into Has_skill values ( 317 , 1771, 0);
insert into Skill values ( 1771 , 'Performance Appraisal');
insert into Has_skill values ( 317 , 379, 0);
insert into Skill values ( 379 , 'Business Development');
insert into Has_skill values ( 317 , 775, 0);
insert into Skill values ( 775 , 'Team Building');
insert into Has_skill values ( 317 , 1929, 0);
insert into Skill values ( 1929 , 'Talent Intelligence');
insert into Has_skill values ( 317 , 1662, 0);
insert into Skill values ( 1662 , 'Interviews');
insert into Has_skill values ( 317 , 1930, 0);
insert into Skill values ( 1930 , 'Job Analysis');
insert into Has_skill values ( 317 , 1690, 0);
insert into Skill values ( 1690 , 'Labor Relations');
insert into Has_skill values ( 317 , 1772, 0);
insert into Skill values ( 1772 , 'Payroll');
insert into Has_skill values ( 317 , 1653, 0);
insert into Skill values ( 1653 , 'Contract Recruitment');
insert into Has_skill values ( 317 , 778, 0);
insert into Skill values ( 778 , 'Change Management');
insert into Member_of values ( 317 , 2075);
insert into Groups values ( 2075 , 'HR Circle', 0);
insert into Member_of values ( 317 , 2076);
insert into Groups values ( 2076 , 'India HR Network', 0);
insert into Member_of values ( 317 , 2071);
insert into Groups values ( 2071 , 'Share Jobs - Only for HR & Recruiters', 0);
insert into Member_of values ( 317 , 2077);
insert into Groups values ( 2077 , 'Fixed Income Investors and Traders', 0);
insert into Member_of values ( 317 , 2078);
insert into Groups values ( 2078 , 'Hotel Investors', 0);
insert into Member_of values ( 317 , 2079);
insert into Groups values ( 2079 , 'Automobile Companies', 0);
insert into Member_of values ( 317 , 2080);
insert into Groups values ( 2080 , 'Thirumalai Engineering College', 0);
insert into Member_of values ( 317 , 2010);
insert into Groups values ( 2010 , 'HR Jobs', 0);
insert into Member_of values ( 317 , 2081);
insert into Groups values ( 2081 , 'Current Openings in IT Sector(India&Overseas)', 0);
insert into Member_of values ( 317 , 2082);
insert into Groups values ( 2082 , 'Group-Up', 0);
insert into Member_of values ( 317 , 2083);
insert into Groups values ( 2083 , 'Hero Honda Motors Ltd. Alumini', 0);
insert into Member_of values ( 317 , 2084);
insert into Groups values ( 2084 , 'H.R Network', 0);
insert into Member_of values ( 317 , 2085);
insert into Groups values ( 2085 , 'Redpoint Data Solutions Design Forum', 0);
insert into Member_of values ( 317 , 2086);
insert into Groups values ( 2086 , '3D Visualisation and Graphics Programming', 0);
insert into Member_of values ( 317 , 2087);
insert into Groups values ( 2087 , 'Jobtardis.in', 0);
insert into Member_of values ( 317 , 2088);
insert into Groups values ( 2088 , 'Corporate Trainers- India', 0);
insert into Member_of values ( 317 , 2089);
insert into Groups values ( 2089 , 'HR INDIA [OPENING ONLY]', 0);
insert into Member_of values ( 317 , 2090);
insert into Groups values ( 2090 , 'Business Headlines', 0);
insert into Member_of values ( 317 , 2091);
insert into Groups values ( 2091 , 'HP Operations Orchestration', 0);
insert into Member_of values ( 317 , 2074);
insert into Groups values ( 2074 , 'Human Resource Management', 0);
insert into Member_of values ( 317 , 2092);
insert into Groups values ( 2092 , 'HADOOP LEARNING & PROJECTS', 0);
insert into Member_of values ( 317 , 2093);
insert into Groups values ( 2093 , 'US IT Staffing Recruiters Group - Connecting Ideas !', 0);
insert into Member_of values ( 317 , 2094);
insert into Groups values ( 2094 , 'B2B Online Marketing', 0);
insert into Member_of values ( 317 , 2024);
insert into Groups values ( 2024 , 'CHENNAI HR CLUB', 0);
insert into Member_of values ( 317 , 2095);
insert into Groups values ( 2095 , 'Vacancees', 0);
insert into Member_of values ( 317 , 2096);
insert into Groups values ( 2096 , 'Movie Investors Worldwide', 0);
insert into Member_of values ( 317 , 2007);
insert into Groups values ( 2007 , 'HRinIndia', 0);
insert into Member_of values ( 317 , 1481);
insert into Groups values ( 1481 , 'Human Resources (HR) & Talent Management Executive', 0);
insert into Member_of values ( 317 , 2097);
insert into Groups values ( 2097 , 'Car Infotainment', 0);
insert into Member_of values ( 317 , 2067);
insert into Groups values ( 2067 , 'HR/ Recruiter Jobs in India', 0);
insert into Member_of values ( 317 , 2098);
insert into Groups values ( 2098 , 'iPhone Developers Group', 0);
insert into Member_of values ( 317 , 2019);
insert into Groups values ( 2019 , 'H.R. Professionals Association - Human Resources', 0);
insert into Member_of values ( 317 , 2037);
insert into Groups values ( 2037 , 'JOBS @ CORPORATE', 0);
insert into Member_of values ( 317 , 2013);
insert into Groups values ( 2013 , 'HR & Psychometrics', 0);
insert into Member_of values ( 317 , 2099);
insert into Groups values ( 2099 , 'freshersnews.co.in (online job placement , campus placement , job fair/events )', 0);
insert into Member_of values ( 317 , 2100);
insert into Groups values ( 2100 , 'Angel Investors', 0);
insert into Member_of values ( 317 , 2101);
insert into Groups values ( 2101 , 'Mobile Enterprise Application Platforms', 0);
insert into Member_of values ( 317 , 2102);
insert into Groups values ( 2102 , 'CHENNAI- HR & Recruitment', 0);
insert into Member_of values ( 317 , 2103);
insert into Groups values ( 2103 , 'SOUTH INDIA CAMPUS RECRUITERS GROUP', 0);
insert into Member_of values ( 317 , 2104);
insert into Groups values ( 2104 , 'Best BPO, Contact Center, Call Center Jobs and Career Group', 0);
insert into Member_of values ( 317 , 2105);
insert into Groups values ( 2105 , 'PHP Developers', 0);
insert into Member_of values ( 317 , 2106);
insert into Groups values ( 2106 , 'HR Professionals Network - Middle East', 0);
insert into Employer values ( 1443 , 'Havisha Infotainment Private Limited');
insert into Experience values ( 317 , 1443, '2013-05-01', '2014-12-15');
insert into Employer values ( 1444 , 'Anantha Cybertech Private Limited');
insert into Experience values ( 317 , 1444, '2012-03-01', '2013-05-01');
insert into Employer values ( 1445 , 'Wind Pace Career Solutions');
insert into Experience values ( 317 , 1445, '2007-04-01', '2012-02-04');

insert into User values ( 318 , 'versha' , 'gupta', 500, 0, 'Information Services');
insert into Has_skill values ( 318 , 1208, 0);
insert into Skill values ( 1208 , 'Human Resources');
insert into Has_skill values ( 318 , 1651, 0);
insert into Skill values ( 1651 , 'Screening');
insert into Has_skill values ( 318 , 1647, 0);
insert into Skill values ( 1647 , 'Talent Acquisition');
insert into Has_skill values ( 318 , 1646, 0);
insert into Skill values ( 1646 , 'Technical Recruiting');
insert into Has_skill values ( 318 , 1655, 0);
insert into Skill values ( 1655 , 'Benefits Negotiation');
insert into Has_skill values ( 318 , 1652, 0);
insert into Skill values ( 1652 , 'Recruiting');
insert into Has_skill values ( 318 , 1649, 0);
insert into Skill values ( 1649 , 'Sourcing');
insert into Has_skill values ( 318 , 1658, 0);
insert into Skill values ( 1658 , 'Talent Management');
insert into Has_skill values ( 318 , 1679, 0);
insert into Skill values ( 1679 , 'Employee Engagement');
insert into Has_skill values ( 318 , 1125, 0);
insert into Skill values ( 1125 , 'Employee Relations');
insert into Has_skill values ( 318 , 1665, 0);
insert into Skill values ( 1665 , 'Executive Search');
insert into Has_skill values ( 318 , 1666, 0);
insert into Skill values ( 1666 , 'IT Recruitment');
insert into Has_skill values ( 318 , 1674, 0);
insert into Skill values ( 1674 , 'HRIS');
insert into Has_skill values ( 318 , 1667, 0);
insert into Skill values ( 1667 , 'Onboarding');
insert into Has_skill values ( 318 , 776, 0);
insert into Skill values ( 776 , 'Vendor Management');
insert into Has_skill values ( 318 , 1659, 0);
insert into Skill values ( 1659 , 'Internet Recruiting');
insert into Has_skill values ( 318 , 1676, 0);
insert into Skill values ( 1676 , 'HR Consulting');
insert into Has_skill values ( 318 , 1677, 0);
insert into Skill values ( 1677 , 'Performance Management');
insert into Has_skill values ( 318 , 1680, 0);
insert into Skill values ( 1680 , 'Personnel Management');
insert into Has_skill values ( 318 , 1685, 0);
insert into Skill values ( 1685 , 'HR Policies');
insert into Has_skill values ( 318 , 1013, 0);
insert into Skill values ( 1013 , 'Organizational...');
insert into Has_skill values ( 318 , 1670, 0);
insert into Skill values ( 1670 , 'Permanent Placement');
insert into Has_skill values ( 318 , 1664, 0);
insert into Skill values ( 1664 , 'Staffing Services');
insert into Has_skill values ( 318 , 1650, 0);
insert into Skill values ( 1650 , 'Applicant Tracking...');
insert into Has_skill values ( 318 , 1898, 0);
insert into Skill values ( 1898 , 'Recruitments');
insert into Has_skill values ( 318 , 1916, 0);
insert into Skill values ( 1916 , 'Job Descriptions');
insert into Has_skill values ( 318 , 1654, 0);
insert into Skill values ( 1654 , 'Screening Resumes');
insert into Has_skill values ( 318 , 1671, 0);
insert into Skill values ( 1671 , 'Staff Augmentation');
insert into Has_skill values ( 318 , 824, 0);
insert into Skill values ( 824 , 'Resource Management');
insert into Has_skill values ( 318 , 419, 0);
insert into Skill values ( 419 , 'Training');
insert into Has_skill values ( 318 , 1661, 0);
insert into Skill values ( 1661 , 'College Recruiting');
insert into Has_skill values ( 318 , 1914, 0);
insert into Skill values ( 1914 , 'Recruitment Advertising');
insert into Has_skill values ( 318 , 1663, 0);
insert into Skill values ( 1663 , 'Hiring');
insert into Has_skill values ( 318 , 1668, 0);
insert into Skill values ( 1668 , 'Employer Branding');
insert into Has_skill values ( 318 , 1915, 0);
insert into Skill values ( 1915 , 'Strategic HR');
insert into Has_skill values ( 318 , 1707, 0);
insert into Skill values ( 1707 , 'New Hire Orientations');
insert into Has_skill values ( 318 , 1931, 0);
insert into Skill values ( 1931 , 'Graduate Recruitment');

insert into User values ( 319 , 'Priya' , 'lakhisrani', 500, 0, 'Airlines/Aviation');
insert into Member_of values ( 319 , 2107);
insert into Groups values ( 2107 , 'Active Users', 0);
insert into Member_of values ( 319 , 2108);
insert into Groups values ( 2108 , 'Webinar Today', 0);
insert into Member_of values ( 319 , 1514);
insert into Groups values ( 1514 , 'TopLinked.com (Open Networkers)', 0);
insert into Member_of values ( 319 , 2109);
insert into Groups values ( 2109 , 'B2B Appointment Setting', 0);
insert into Member_of values ( 319 , 722);
insert into Groups values ( 722 , 'Job Openings, Job Leads and Job Connections!', 0);
insert into Member_of values ( 319 , 2110);
insert into Groups values ( 2110 , 'OpenNetworker.com', 0);
insert into Member_of values ( 319 , 2111);
insert into Groups values ( 2111 , 'Electronic Night Life', 0);
insert into Employer values ( 1446 , 'Indigo Airlines');
insert into Experience values ( 319 , 1446, '2011-02-01', '2014-12-11');

insert into User values ( 320 , 'Rayna' , 'Rasquinha', 31, 0, 'Airlines/Aviation');
insert into Education values ( 320 , 473 , 202 , '', '2006 – 2007', '2006 – 2007');
insert into University values ( 473 , 'st andrews college');
insert into Member_of values ( 320 , 2112);
insert into Groups values ( 2112 , 'Cabin Crew Jobs', 0);
insert into Member_of values ( 320 , 2113);
insert into Groups values ( 2113 , 'Aviation Jobs', 0);
insert into Employer values ( 1446 , 'Indigo Airlines');
insert into Experience values ( 320 , 1446, '2010-10-01', '2014-12-15');
insert into Employer values ( 1447 , 'Cathay Pacific Airways');
insert into Experience values ( 320 , 1447, '2009-10-01', '2010-09-01');
insert into Employer values ( 1448 , 'Kingfisher Airlines');
insert into Experience values ( 320 , 1448, '2009-01-01', '2009-09-09');

insert into User values ( 321 , 'shikha' , 'shrivastava', 146, 0, 'Airlines/Aviation');
insert into Education values ( 321 , 474 , 405 , 'b.com', '2000 – 2003', '2000 – 2003');
insert into University values ( 474 , 'Nagpur University');
insert into Member_of values ( 321 , 2114);
insert into Groups values ( 2114 , 'Creative Hands', 0);
insert into Employer values ( 1449 , 'Air India');
insert into Experience values ( 321 , 1449, '', '');
insert into Employer values ( 1450 , 'air india');
insert into Experience values ( 321 , 1450, '2007-02-01', '2014-12-11');
insert into Employer values ( 1451 , 'MTV Networks');
insert into Experience values ( 321 , 1451, '2004-04-01', '2008-10-04');

insert into User values ( 322 , 'Rima' , 'Banerjea', 190, 0, 'Health, Wellness and Fitness');
insert into Education values ( 322 , 475 , 243 , 'MBA', '2008 – 2009', '2008 – 2009');
insert into University values ( 475 , 'Coventry University');
insert into Education values ( 322 , 476 , 406 , 'Bsc', '2002 – 2005', '2002 – 2005');
insert into University values ( 476 , 'St. Xaviers College');
insert into Education values ( 322 , 361 , 202 , '', '', '');
insert into University values ( 361 , 'Kendriya Vidyalaya');
insert into Has_skill values ( 322 , 478, 0);
insert into Skill values ( 478 , 'Team Management');
insert into Has_skill values ( 322 , 1932, 0);
insert into Skill values ( 1932 , 'Flights');
insert into Has_skill values ( 322 , 1933, 0);
insert into Skill values ( 1933 , 'Airports');
insert into Has_skill values ( 322 , 1934, 0);
insert into Skill values ( 1934 , 'Airlines');
insert into Has_skill values ( 322 , 1001, 0);
insert into Skill values ( 1001 , 'Aircraft');
insert into Member_of values ( 322 , 2115);
insert into Groups values ( 2115 , 'Spa Owners and Directors Focus Group', 0);
insert into Member_of values ( 322 , 2116);
insert into Groups values ( 2116 , 'The Spa Gate', 0);
insert into Member_of values ( 322 , 2117);
insert into Groups values ( 2117 , 'International SPA Association', 0);
insert into Member_of values ( 322 , 2118);
insert into Groups values ( 2118 , 'Aviation Professionals (100,000+ Members)', 0);
insert into Employer values ( 1452 , 'The Four Fountains Spa');
insert into Experience values ( 322 , 1452, '2012-03-01', '2014-12-10');
insert into Employer values ( 1446 , 'Indigo Airlines');
insert into Experience values ( 322 , 1446, '2007-02-01', '2008-08-01');
insert into Employer values ( 1453 , 'Air Deccan');
insert into Experience values ( 322 , 1453, '2006-01-01', '2007-01-01');

insert into User values ( 323 , 'Swati' , 'Loomba', 7, 0, 'Airlines/Aviation');
insert into Education values ( 323 , 477 , 202 , '', '', '');
insert into University values ( 477 , 'Delhi Public School NOIDA');
insert into Employer values ( 1446 , 'Indigo Airlines');
insert into Experience values ( 323 , 1446, '2010-05-01', '2014-12-15');

insert into User values ( 324 , 'richa' , 'agarwal', 500, 0, 'Information Technology and Services');
insert into Education values ( 324 , 478 , 205 , 'Master of Business Administration (MBA)', '2007 – 2009', '2007 – 2009');
insert into University values ( 478 , 'Instituto Tecnológico y de Estudios Superiores de Monterrey / ITESM');
insert into Has_skill values ( 324 , 491, 0);
insert into Skill values ( 491 , 'Business Planning');
insert into Has_skill values ( 324 , 347, 0);
insert into Skill values ( 347 , 'Business Strategy');
insert into Has_skill values ( 324 , 673, 0);
insert into Skill values ( 673 , 'New Business Development');
insert into Has_skill values ( 324 , 417, 0);
insert into Skill values ( 417 , 'Management');
insert into Has_skill values ( 324 , 737, 0);
insert into Skill values ( 737 , 'Mobile Devices');
insert into Has_skill values ( 324 , 471, 0);
insert into Skill values ( 471 , 'CRM');
insert into Has_skill values ( 324 , 613, 0);
insert into Skill values ( 613 , 'Mobile Applications');
insert into Has_skill values ( 324 , 1738, 0);
insert into Skill values ( 1738 , 'B2B Marketing');
insert into Has_skill values ( 324 , 1046, 0);
insert into Skill values ( 1046 , 'Salesforce.com');
insert into Has_skill values ( 324 , 787, 0);
insert into Skill values ( 787 , 'Lead Generation');
insert into Has_skill values ( 324 , 478, 0);
insert into Skill values ( 478 , 'Team Management');
insert into Has_skill values ( 324 , 1049, 0);
insert into Skill values ( 1049 , 'B2B');
insert into Has_skill values ( 324 , 1935, 0);
insert into Skill values ( 1935 , 'Pipeline Development');
insert into Has_skill values ( 324 , 379, 0);
insert into Skill values ( 379 , 'Business Development');
insert into Has_skill values ( 324 , 495, 0);
insert into Skill values ( 495 , 'Marketing Strategy');
insert into Has_skill values ( 324 , 381, 0);
insert into Skill values ( 381 , 'Strategic Planning');
insert into Has_skill values ( 324 , 475, 0);
insert into Skill values ( 475 , 'Market Analysis');
insert into Has_skill values ( 324 , 463, 0);
insert into Skill values ( 463 , 'Customer Satisfaction');
insert into Has_skill values ( 324 , 1936, 0);
insert into Skill values ( 1936 , 'Microsoft CRM');
insert into Has_skill values ( 324 , 466, 0);
insert into Skill values ( 466 , 'Sales');
insert into Has_skill values ( 324 , 384, 0);
insert into Skill values ( 384 , 'Competitive Analysis');
insert into Has_skill values ( 324 , 492, 0);
insert into Skill values ( 492 , 'Product Marketing');
insert into Has_skill values ( 324 , 477, 0);
insert into Skill values ( 477 , 'Market Research');
insert into Has_skill values ( 324 , 493, 0);
insert into Skill values ( 493 , 'Direct Sales');
insert into Has_skill values ( 324 , 467, 0);
insert into Skill values ( 467 , 'Key Account Management');
insert into Has_skill values ( 324 , 745, 0);
insert into Skill values ( 745 , 'Digital Marketing');
insert into Has_skill values ( 324 , 470, 0);
insert into Skill values ( 470 , 'Marketing Management');
insert into Has_skill values ( 324 , 1937, 0);
insert into Skill values ( 1937 , 'Positive Energy');
insert into Has_skill values ( 324 , 1024, 0);
insert into Skill values ( 1024 , 'Solution Selling');
insert into Has_skill values ( 324 , 754, 0);
insert into Skill values ( 754 , 'Online Marketing');
insert into Has_skill values ( 324 , 469, 0);
insert into Skill values ( 469 , 'Sales Operations');
insert into Has_skill values ( 324 , 1938, 0);
insert into Skill values ( 1938 , 'Positive Personality');
insert into Has_skill values ( 324 , 786, 0);
insert into Skill values ( 786 , 'Advertising');
insert into Has_skill values ( 324 , 1211, 0);
insert into Skill values ( 1211 , 'Channel Partners');
insert into Has_skill values ( 324 , 755, 0);
insert into Skill values ( 755 , 'Brand Development');
insert into Has_skill values ( 324 , 817, 0);
insert into Skill values ( 817 , 'Enterprise Software');
insert into Has_skill values ( 324 , 763, 0);
insert into Skill values ( 763 , 'Direct Marketing');
insert into Has_skill values ( 324 , 1210, 0);
insert into Skill values ( 1210 , 'International Sales');
insert into Has_skill values ( 324 , 490, 0);
insert into Skill values ( 490 , 'Sales Process');
insert into Has_skill values ( 324 , 480, 0);
insert into Skill values ( 480 , 'Sales Management');
insert into Has_skill values ( 324 , 1034, 0);
insert into Skill values ( 1034 , 'Highly detail oriented');
insert into Has_skill values ( 324 , 746, 0);
insert into Skill values ( 746 , 'Email Marketing');
insert into Has_skill values ( 324 , 1939, 0);
insert into Skill values ( 1939 , 'Integrity');
insert into Has_skill values ( 324 , 1940, 0);
insert into Skill values ( 1940 , 'Positive Can-do Attitude');
insert into Has_skill values ( 324 , 377, 0);
insert into Skill values ( 377 , 'Product Management');
insert into Member_of values ( 324 , 2119);
insert into Groups values ( 2119 , 'DCS - Credit jobs in Ireland & Europe', 0);
insert into Member_of values ( 324 , 2120);
insert into Groups values ( 2120 , 'Dahanukar College of Commerce - Parle', 0);
insert into Member_of values ( 324 , 1477);
insert into Groups values ( 1477 , 'Business Development', 0);
insert into Member_of values ( 324 , 2121);
insert into Groups values ( 2121 , 'www.bms.co.in', 0);
insert into Member_of values ( 324 , 2122);
insert into Groups values ( 2122 , 'More Growth - Technology support by Dell & Intel', 0);
insert into Employer values ( 1454 , 'MobiTrack');
insert into Experience values ( 324 , 1454, '2012-06-01', '');

insert into User values ( 325 , 'seema' , 'chauhan', 45, 0, 'Airlines/Aviation');
insert into Employer values ( 1448 , 'Kingfisher Airlines');
insert into Experience values ( 325 , 1448, '', '');

insert into User values ( 326 , 'Swathi' , 'Bojja', 1, 0, 'Airlines/Aviation');
insert into Education values ( 326 , 479 , 407 , 'Graduate', '2005 – 2008', '2005 – 2008');
insert into University values ( 479 , 'University of Delhi');
insert into Employer values ( 1455 , 'Jet Airways');
insert into Experience values ( 326 , 1455, '2011-03-01', '2014-12-10');
insert into Employer values ( 1446 , 'Indigo Airlines');
insert into Experience values ( 326 , 1446, '2008-02-01', '2011-03-03');
insert into Employer values ( 1456 , 'WNS Global Services');
insert into Experience values ( 326 , 1456, '2005-05-01', '2006-05-01');
insert into Employer values ( 1457 , 'Zenta');
insert into Experience values ( 326 , 1457, '2004-12-01', '2005-05-06');

insert into User values ( 327 , 'KOMAL' , 'KHAN', 500, 0, 'Media Production');
insert into Has_skill values ( 327 , 326, 0);
insert into Skill values ( 326 , 'Social Networking');
insert into Has_skill values ( 327 , 336, 0);
insert into Skill values ( 336 , 'Microsoft Office');
insert into Has_skill values ( 327 , 428, 0);
insert into Skill values ( 428 , 'Social Media');
insert into Has_skill values ( 327 , 764, 0);
insert into Skill values ( 764 , 'Public Relations');
insert into Has_skill values ( 327 , 316, 0);
insert into Skill values ( 316 , 'Research');
insert into Has_skill values ( 327 , 1130, 0);
insert into Skill values ( 1130 , 'Editing');
insert into Has_skill values ( 327 , 427, 0);
insert into Skill values ( 427 , 'Customer Service');
insert into Has_skill values ( 327 , 1152, 0);
insert into Skill values ( 1152 , 'Blogging');
insert into Has_skill values ( 327 , 459, 0);
insert into Skill values ( 459 , 'Event Management');
insert into Has_skill values ( 327 , 1941, 0);
insert into Skill values ( 1941 , 'Journalism');
insert into Has_skill values ( 327 , 478, 0);
insert into Skill values ( 478 , 'Team Management');
insert into Has_skill values ( 327 , 422, 0);
insert into Skill values ( 422 , 'Public Speaking');
insert into Has_skill values ( 327 , 1942, 0);
insert into Skill values ( 1942 , 'Photography');
insert into Has_skill values ( 327 , 1116, 0);
insert into Skill values ( 1116 , 'Event Planning');
insert into Has_skill values ( 327 , 775, 0);
insert into Skill values ( 775 , 'Team Building');
insert into Has_skill values ( 327 , 341, 0);
insert into Skill values ( 341 , 'Microsoft Excel');
insert into Has_skill values ( 327 , 784, 0);
insert into Skill values ( 784 , 'Social Media Marketing');
insert into Has_skill values ( 327 , 417, 0);
insert into Skill values ( 417 , 'Management');
insert into Has_skill values ( 327 , 1943, 0);
insert into Skill values ( 1943 , 'Film');
insert into Has_skill values ( 327 , 373, 0);
insert into Skill values ( 373 , 'PowerPoint');
insert into Has_skill values ( 327 , 353, 0);
insert into Skill values ( 353 , 'Project Management');
insert into Has_skill values ( 327 , 1944, 0);
insert into Skill values ( 1944 , 'Entertainment');
insert into Has_skill values ( 327 , 426, 0);
insert into Skill values ( 426 , 'Teamwork');
insert into Has_skill values ( 327 , 1144, 0);
insert into Skill values ( 1144 , 'Photoshop');
insert into Has_skill values ( 327 , 1677, 0);
insert into Skill values ( 1677 , 'Performance Management');
insert into Has_skill values ( 327 , 430, 0);
insert into Skill values ( 430 , 'Team Leadership');
insert into Has_skill values ( 327 , 1945, 0);
insert into Skill values ( 1945 , 'Film Production');
insert into Has_skill values ( 327 , 1946, 0);
insert into Skill values ( 1946 , 'Video Editing');
insert into Has_skill values ( 327 , 381, 0);
insert into Skill values ( 381 , 'Strategic Planning');
insert into Has_skill values ( 327 , 1713, 0);
insert into Skill values ( 1713 , 'Non-profits');
insert into Has_skill values ( 327 , 495, 0);
insert into Skill values ( 495 , 'Marketing Strategy');
insert into Has_skill values ( 327 , 1947, 0);
insert into Skill values ( 1947 , 'Video Production');
insert into Has_skill values ( 327 , 650, 0);
insert into Skill values ( 650 , 'Negotiation');
insert into Has_skill values ( 327 , 498, 0);
insert into Skill values ( 498 , 'Project Planning');
insert into Has_skill values ( 327 , 421, 0);
insert into Skill values ( 421 , 'Time Management');
insert into Has_skill values ( 327 , 424, 0);
insert into Skill values ( 424 , 'Budgets');
insert into Member_of values ( 327 , 2123);
insert into Groups values ( 2123 , 'UN Women', 0);
insert into Employer values ( 1458 , 'RANAX RANITIDINE');
insert into Experience values ( 327 , 1458, '2012-10-01', '2014-12-15');

insert into User values ( 328 , 'Humaira' , 'Salman', 106, 0, 'Logistics and Supply Chain');
insert into Education values ( 328 , 480 , 408 , 'Graduation', '2004 – 2006', '2004 – 2006');
insert into University values ( 480 , 'Govt. Premere College for Girls');
insert into Education values ( 328 , 481 , 216 , 'Bachelor of Commerce (B.Com.)', '2000 – 2001', '2000 – 2001');
insert into University values ( 481 , 'Azeem Memorial School');
insert into Has_skill values ( 328 , 427, 0);
insert into Skill values ( 427 , 'Customer Service');
insert into Has_skill values ( 328 , 1948, 0);
insert into Skill values ( 1948 , 'Coordination');
insert into Has_skill values ( 328 , 833, 0);
insert into Skill values ( 833 , 'Problem Solving');
insert into Has_skill values ( 328 , 463, 0);
insert into Skill values ( 463 , 'Customer Satisfaction');
insert into Has_skill values ( 328 , 466, 0);
insert into Skill values ( 466 , 'Sales');
insert into Has_skill values ( 328 , 1050, 0);
insert into Skill values ( 1050 , 'Call Center');
insert into Has_skill values ( 328 , 417, 0);
insert into Skill values ( 417 , 'Management');
insert into Has_skill values ( 328 , 421, 0);
insert into Skill values ( 421 , 'Time Management');
insert into Has_skill values ( 328 , 424, 0);
insert into Skill values ( 424 , 'Budgets');
insert into Has_skill values ( 328 , 775, 0);
insert into Skill values ( 775 , 'Team Building');
insert into Has_skill values ( 328 , 426, 0);
insert into Skill values ( 426 , 'Teamwork');
insert into Member_of values ( 328 , 2124);
insert into Groups values ( 2124 , 'International Compensation and Benefits Group', 0);
insert into Member_of values ( 328 , 2125);
insert into Groups values ( 2125 , 'Agility', 0);
insert into Member_of values ( 328 , 2126);
insert into Groups values ( 2126 , 'TCS Express & Logistics', 0);
insert into Member_of values ( 328 , 1180);
insert into Groups values ( 1180 , 'Dubai Recruitment', 0);
insert into Member_of values ( 328 , 2127);
insert into Groups values ( 2127 , 'SEHRISH NAEEM JOBS and CAREERS NETWORK', 0);
insert into Member_of values ( 328 , 2128);
insert into Groups values ( 2128 , 'Unilever Pakistan Recruitment', 0);
insert into Member_of values ( 328 , 2129);
insert into Groups values ( 2129 , 'P&G Doctoral Recruiting', 0);
insert into Member_of values ( 328 , 2130);
insert into Groups values ( 2130 , 'Middle East Career & Networking group', 0);
insert into Member_of values ( 328 , 2131);
insert into Groups values ( 2131 , 'Unilever Pakistan', 0);
insert into Member_of values ( 328 , 2132);
insert into Groups values ( 2132 , 'Gulf Recruitment', 0);
insert into Member_of values ( 328 , 2133);
insert into Groups values ( 2133 , 'Job Search | Largest Collection of Jobs | Latest Job Openings and Listings', 0);
insert into Member_of values ( 328 , 1705);
insert into Groups values ( 1705 , 'Specialty Chemical Network', 0);
insert into Member_of values ( 328 , 2134);
insert into Groups values ( 2134 , 'SIEMENS-World-Wide Network [17,000+ Members]', 0);
insert into Member_of values ( 328 , 2135);
insert into Groups values ( 2135 , 'VACANCIES AT ENGRO FOODS LIMITED', 0);
insert into Member_of values ( 328 , 722);
insert into Groups values ( 722 , 'Job Openings, Job Leads and Job Connections!', 0);
insert into Member_of values ( 328 , 2136);
insert into Groups values ( 2136 , 'Human Resource Pakistan', 0);
insert into Member_of values ( 328 , 2137);
insert into Groups values ( 2137 , 'Ufone Professionals', 0);
insert into Member_of values ( 328 , 1854);
insert into Groups values ( 1854 , 'The Recruitment Network', 0);
insert into Member_of values ( 328 , 2138);
insert into Groups values ( 2138 , 'Saudi Arabia Hot Jobs & Business Opportunities', 0);
insert into Knows_language values ( 328 , 501);
insert into Languages values ( 501 , 'English');
insert into Employer values ( 1459 , 'Swift Shipping Pvt. Ltd');
insert into Experience values ( 328 , 1459, '2014-11-01', '2014-12-15');
insert into Employer values ( 1460 , 'International Trade Links');
insert into Experience values ( 328 , 1460, '2012-07-01', '2014-02-01');
insert into Employer values ( 1461 , 'Toyota Central Motors');
insert into Experience values ( 328 , 1461, '2009-06-01', '2012-06-03');
insert into Employer values ( 1462 , 'UNION BANK');
insert into Experience values ( 328 , 1462, '2003-12-01', '2006-11-03');

insert into User values ( 329 , 'mitali' , 'ganguly', 62, 0, 'Airlines/Aviation');
insert into Education values ( 329 , 482 , 202 , '', '', '');
insert into University values ( 482 , 'Jagat taran girls Inter Collage');
insert into Employer values ( 1449 , 'Air India');
insert into Experience values ( 329 , 1449, '2011-07-01', '2014-12-15');

insert into User values ( 330 , 'Shivalika' , 'Walia', 500, 0, 'Financial Services');
insert into Education values ( 330 , 483 , 243 , 'MBA', '2009 – 2011', '2009 – 2011');
insert into University values ( 483 , 'IMT Ghaziabad');
insert into Has_skill values ( 330 , 1949, 0);
insert into Skill values ( 1949 , 'Workforce Forecasting,...');
insert into Has_skill values ( 330 , 1950, 0);
insert into Skill values ( 1950 , 'Critical Business Data...');
insert into Has_skill values ( 330 , 1951, 0);
insert into Skill values ( 1951 , 'Outstanding Customer...');
insert into Has_skill values ( 330 , 1952, 0);
insert into Skill values ( 1952 , 'TAT & SLA Management');
insert into Has_skill values ( 330 , 489, 0);
insert into Skill values ( 489 , 'Forecasting');
insert into Has_skill values ( 330 , 1889, 0);
insert into Skill values ( 1889 , 'MIS');
insert into Has_skill values ( 330 , 1953, 0);
insert into Skill values ( 1953 , 'Scheduling');
insert into Has_skill values ( 330 , 833, 0);
insert into Skill values ( 833 , 'Problem Solving');
insert into Has_skill values ( 330 , 1954, 0);
insert into Skill values ( 1954 , 'Workforce Management');
insert into Has_skill values ( 330 , 895, 0);
insert into Skill values ( 895 , 'People Management');
insert into Member_of values ( 330 , 2139);
insert into Groups values ( 2139 , 'Wipro', 0);
insert into Member_of values ( 330 , 2140);
insert into Groups values ( 2140 , 'Excel Users Group', 0);
insert into Member_of values ( 330 , 2141);
insert into Groups values ( 2141 , 'MS-Excel : Tips and Tricks', 0);
insert into Member_of values ( 330 , 2142);
insert into Groups values ( 2142 , 'Global Jobs!!!', 0);
insert into Member_of values ( 330 , 2143);
insert into Groups values ( 2143 , 'Job share', 0);
insert into Member_of values ( 330 , 2144);
insert into Groups values ( 2144 , 'Society of Workforce Planning Professionals (SWPP)', 0);
insert into Member_of values ( 330 , 1514);
insert into Groups values ( 1514 , 'TopLinked.com (Open Networkers)', 0);
insert into Member_of values ( 330 , 2145);
insert into Groups values ( 2145 , 'MS Excel and VBA macros', 0);
insert into Member_of values ( 330 , 2146);
insert into Groups values ( 2146 , 'Planners & Schedulers & Project Control Professional', 0);
insert into Member_of values ( 330 , 2147);
insert into Groups values ( 2147 , 'Share Knowledge & Experience (SKE) - Its Worth Sharing', 0);
insert into Member_of values ( 330 , 722);
insert into Groups values ( 722 , 'Job Openings, Job Leads and Job Connections!', 0);
insert into Member_of values ( 330 , 2148);
insert into Groups values ( 2148 , 'WFM - MIS', 0);
insert into Member_of values ( 330 , 2149);
insert into Groups values ( 2149 , 'Current Openings', 0);
insert into Member_of values ( 330 , 1617);
insert into Groups values ( 1617 , 'Executive Suite', 0);
insert into Member_of values ( 330 , 2150);
insert into Groups values ( 2150 , 'lol :-) Share Some Humor™', 0);
insert into Member_of values ( 330 , 2151);
insert into Groups values ( 2151 , 'Linked Jobs Network', 0);
insert into Member_of values ( 330 , 1443);
insert into Groups values ( 1443 , 'The Recruiter.com Network', 0);
insert into Member_of values ( 330 , 2152);
insert into Groups values ( 2152 , 'Workforce Management', 0);
insert into Member_of values ( 330 , 2153);
insert into Groups values ( 2153 , 'Managing Performance', 0);
insert into Member_of values ( 330 , 2154);
insert into Groups values ( 2154 , 'Recruiters Vs. Job Seekers - Helping Them To Connect', 0);
insert into Member_of values ( 330 , 2155);
insert into Groups values ( 2155 , 'Wipro Consulting Services', 0);
insert into Member_of values ( 330 , 1067);
insert into Groups values ( 1067 , 'Operations Manager', 0);
insert into Member_of values ( 330 , 2156);
insert into Groups values ( 2156 , 'Excel Hero', 0);
insert into Member_of values ( 330 , 2157);
insert into Groups values ( 2157 , 'BEING HUMAN FOUNDATION', 0);
insert into Member_of values ( 330 , 2158);
insert into Groups values ( 2158 , 'Business Analytics', 0);
insert into Member_of values ( 330 , 2159);
insert into Groups values ( 2159 , 'Wipro BPO Solutions', 0);
insert into Member_of values ( 330 , 2160);
insert into Groups values ( 2160 , 'Wipro Limited', 0);
insert into Member_of values ( 330 , 2161);
insert into Groups values ( 2161 , 'WFM', 0);
insert into Member_of values ( 330 , 2162);
insert into Groups values ( 2162 , 'Workforce Management Professionals', 0);
insert into Member_of values ( 330 , 2163);
insert into Groups values ( 2163 , 'Sify Technologies', 0);
insert into Member_of values ( 330 , 2164);
insert into Groups values ( 2164 , 'BIRTHASTRO', 0);
insert into Member_of values ( 330 , 2165);
insert into Groups values ( 2165 , 'WFM Professionals', 0);
insert into Member_of values ( 330 , 2089);
insert into Groups values ( 2089 , 'HR INDIA [OPENING ONLY]', 0);
insert into Member_of values ( 330 , 1947);
insert into Groups values ( 1947 , 'India Jobs Network', 0);
insert into Member_of values ( 330 , 1833);
insert into Groups values ( 1833 , 'Facebook User Group', 0);
insert into Member_of values ( 330 , 2166);
insert into Groups values ( 2166 , 'Data Mining, Statistics, Big Data, and Data Visualization', 0);
insert into Member_of values ( 330 , 2167);
insert into Groups values ( 2167 , 'Advanced Business Analytics, Data Mining and Predictive Modeling', 0);
insert into Member_of values ( 330 , 964);
insert into Groups values ( 964 , 'Global Jobs Network', 0);
insert into Member_of values ( 330 , 2168);
insert into Groups values ( 2168 , 'Lavastorm Analytics Community Group', 0);
insert into Member_of values ( 330 , 2169);
insert into Groups values ( 2169 , 'Jobs @ Wipro', 0);
insert into Member_of values ( 330 , 2170);
insert into Groups values ( 2170 , 'MIS Analyst', 0);
insert into Member_of values ( 330 , 2171);
insert into Groups values ( 2171 , 'Reporting and Analysis', 0);
insert into Knows_language values ( 330 , 501);
insert into Languages values ( 501 , 'English');
insert into Knows_language values ( 330 , 504);
insert into Languages values ( 504 , 'Hindi');
insert into Employer values ( 1463 , 'American Express');
insert into Experience values ( 330 , 1463, '2012-10-01', '2014-12-15');
insert into Employer values ( 1464 , 'Wipro Limited');
insert into Experience values ( 330 , 1464, '2010-04-01', '2012-09-02');
insert into Employer values ( 1465 , 'Sify Technologies Ltd.');
insert into Experience values ( 330 , 1465, '2008-12-01', '2010-03-01');
insert into Employer values ( 1466 , 'Ge Money Financial Services Ltd.');
insert into Experience values ( 330 , 1466, '2007-10-01', '2008-12-01');

insert into User values ( 331 , 'SONIA' , 'VINCENT', 500, 0, 'Leisure, Travel & Tourism');
insert into Education values ( 331 , 484 , 409 , 'Spa Management', '2009 – 2011', '2009 – 2011');
insert into University values ( 484 , 'Swiss Business school ,Athens, Greece');
insert into Education values ( 331 , 255 , 251 , 'BA', '1998 – 2001', '1998 – 2001');
insert into University values ( 255 , 'Mahatma Gandhi University');
insert into Education values ( 331 , 485 , 202 , '', '', '');
insert into University values ( 485 , '• Ayurveda from SAHYADRI Institute of Ayurveda Kerala');
insert into Education values ( 331 , 486 , 202 , '', '', '');
insert into University values ( 486 , '• CIBTAC International SPA and Beauty Therapy Diploma from England UK, February 2007');
insert into Education values ( 331 , 487 , 202 , '', '', '');
insert into University values ( 487 , '• CIDESCO International SPA and Body Therapy Diploma from Zurich January 2008');
insert into Has_skill values ( 331 , 1955, 0);
insert into Skill values ( 1955 , 'Pre-opening');
insert into Has_skill values ( 331 , 1956, 0);
insert into Skill values ( 1956 , 'Resorts');
insert into Has_skill values ( 331 , 465, 0);
insert into Skill values ( 465 , 'Retail');
insert into Has_skill values ( 331 , 1957, 0);
insert into Skill values ( 1957 , 'Revenue Analysis');
insert into Has_skill values ( 331 , 462, 0);
insert into Skill values ( 462 , 'Hotels');
insert into Has_skill values ( 331 , 441, 0);
insert into Skill values ( 441 , 'Hospitality Industry');
insert into Has_skill values ( 331 , 352, 0);
insert into Skill values ( 352 , 'Marketing');
insert into Has_skill values ( 331 , 424, 0);
insert into Skill values ( 424 , 'Budgets');
insert into Has_skill values ( 331 , 1958, 0);
insert into Skill values ( 1958 , 'Menu Development');
insert into Has_skill values ( 331 , 1466, 0);
insert into Skill values ( 1466 , 'Spa');
insert into Has_skill values ( 331 , 478, 0);
insert into Skill values ( 478 , 'Team Management');
insert into Has_skill values ( 331 , 417, 0);
insert into Skill values ( 417 , 'Management');
insert into Has_skill values ( 331 , 1119, 0);
insert into Skill values ( 1119 , 'Wellness');
insert into Has_skill values ( 331 , 1959, 0);
insert into Skill values ( 1959 , 'Yoga');
insert into Has_skill values ( 331 , 438, 0);
insert into Skill values ( 438 , 'Hospitality Management');
insert into Has_skill values ( 331 , 1960, 0);
insert into Skill values ( 1960 , 'Ayurveda');
insert into Has_skill values ( 331 , 419, 0);
insert into Skill values ( 419 , 'Training');
insert into Has_skill values ( 331 , 440, 0);
insert into Skill values ( 440 , 'Hospitality');
insert into Has_skill values ( 331 , 434, 0);
insert into Skill values ( 434 , 'Food & Beverage');
insert into Has_skill values ( 331 , 463, 0);
insert into Skill values ( 463 , 'Customer Satisfaction');
insert into Has_skill values ( 331 , 1396, 0);
insert into Skill values ( 1396 , 'Treatment');
insert into Has_skill values ( 331 , 491, 0);
insert into Skill values ( 491 , 'Business Planning');
insert into Has_skill values ( 331 , 381, 0);
insert into Skill values ( 381 , 'Strategic Planning');
insert into Has_skill values ( 331 , 466, 0);
insert into Skill values ( 466 , 'Sales');
insert into Has_skill values ( 331 , 1961, 0);
insert into Skill values ( 1961 , 'Cost Control');
insert into Has_skill values ( 331 , 1484, 0);
insert into Skill values ( 1484 , 'Cosmetology');
insert into Has_skill values ( 331 , 379, 0);
insert into Skill values ( 379 , 'Business Development');
insert into Has_skill values ( 331 , 439, 0);
insert into Skill values ( 439 , 'Hotel Management');
insert into Has_skill values ( 331 , 673, 0);
insert into Skill values ( 673 , 'New Business Development');
insert into Has_skill values ( 331 , 495, 0);
insert into Skill values ( 495 , 'Marketing Strategy');
insert into Has_skill values ( 331 , 1652, 0);
insert into Skill values ( 1652 , 'Recruiting');
insert into Has_skill values ( 331 , 748, 0);
insert into Skill values ( 748 , 'Integrated Marketing');
insert into Member_of values ( 331 , 2172);
insert into Groups values ( 2172 , 'ViRGiN NaTuRe Lifestyle -Zen Spa and Wellness Retreat', 0);
insert into Member_of values ( 331 , 2173);
insert into Groups values ( 2173 , 'E-SPA', 0);
insert into Member_of values ( 331 , 2174);
insert into Groups values ( 2174 , 'Careers in the Spa and Leisure Industry', 0);
insert into Member_of values ( 331 , 2175);
insert into Groups values ( 2175 , 'Recruitment Solution (CV & Job Postings)', 0);
insert into Member_of values ( 331 , 964);
insert into Groups values ( 964 , 'Global Jobs Network', 0);
insert into Member_of values ( 331 , 2176);
insert into Groups values ( 2176 , 'The Spa Buzz', 0);
insert into Member_of values ( 331 , 2177);
insert into Groups values ( 2177 , 'Indian Spa & Wellness Association', 0);
insert into Employer values ( 1467 , 'Oceana Wellness Spa');
insert into Experience values ( 331 , 1467, '2013-01-01', '');
insert into Employer values ( 1468 , 'Med spa ,Greece');
insert into Experience values ( 331 , 1468, '2010-01-01', '');
insert into Employer values ( 1469 , 'Taj Hotels Resorts and Palaces');
insert into Experience values ( 331 , 1469, '2009-01-01', '2010-01-01');
insert into Employer values ( 1470 , 'Oceana wellness');
insert into Experience values ( 331 , 1470, '2008-07-01', '2009-12-01');
insert into Employer values ( 1471 , 'ITC Grand Maratha Sheraton Hotel');
insert into Experience values ( 331 , 1471, '2006-02-01', '2008-07-02');
insert into Employer values ( 1472 , 'HYATT REGENCY KOLKATA');
insert into Experience values ( 331 , 1472, '2003-03-01', '2006-01-02');

insert into User values ( 332 , 'Pooja' , 'Tripathi', 500, 0, 'Marketing and Advertising');
insert into Education values ( 332 , 488 , 202 , '', '2004 – 2007', '2004 – 2007');
insert into University values ( 488 , 'Institute of Management Technology, Ghaziabad');
insert into Education values ( 332 , 489 , 410 , 'B COM', '2001 – 2004', '2001 – 2004');
insert into University values ( 489 , 'Delhi University');
insert into Has_skill values ( 332 , 491, 0);
insert into Skill values ( 491 , 'Business Planning');
insert into Has_skill values ( 332 , 1712, 0);
insert into Skill values ( 1712 , 'Marketing Communications');
insert into Has_skill values ( 332 , 485, 0);
insert into Skill values ( 485 , 'Brand Management');
insert into Has_skill values ( 332 , 785, 0);
insert into Skill values ( 785 , 'Web Marketing');
insert into Has_skill values ( 332 , 1962, 0);
insert into Skill values ( 1962 , 'Creative Strategy');
insert into Has_skill values ( 332 , 763, 0);
insert into Skill values ( 763 , 'Direct Marketing');
insert into Has_skill values ( 332 , 477, 0);
insert into Skill values ( 477 , 'Market Research');
insert into Has_skill values ( 332 , 787, 0);
insert into Skill values ( 787 , 'Lead Generation');
insert into Has_skill values ( 332 , 471, 0);
insert into Skill values ( 471 , 'CRM');
insert into Has_skill values ( 332 , 417, 0);
insert into Skill values ( 417 , 'Management');
insert into Has_skill values ( 332 , 384, 0);
insert into Skill values ( 384 , 'Competitive Analysis');
insert into Has_skill values ( 332 , 494, 0);
insert into Skill values ( 494 , 'Strategy');
insert into Has_skill values ( 332 , 478, 0);
insert into Skill values ( 478 , 'Team Management');
insert into Has_skill values ( 332 , 470, 0);
insert into Skill values ( 470 , 'Marketing Management');
insert into Has_skill values ( 332 , 352, 0);
insert into Skill values ( 352 , 'Marketing');
insert into Has_skill values ( 332 , 495, 0);
insert into Skill values ( 495 , 'Marketing Strategy');
insert into Has_skill values ( 332 , 753, 0);
insert into Skill values ( 753 , 'Digital Media');
insert into Has_skill values ( 332 , 467, 0);
insert into Skill values ( 467 , 'Key Account Management');
insert into Has_skill values ( 332 , 786, 0);
insert into Skill values ( 786 , 'Advertising');
insert into Has_skill values ( 332 , 745, 0);
insert into Skill values ( 745 , 'Digital Marketing');
insert into Has_skill values ( 332 , 748, 0);
insert into Skill values ( 748 , 'Integrated Marketing');
insert into Has_skill values ( 332 , 492, 0);
insert into Skill values ( 492 , 'Product Marketing');
insert into Has_skill values ( 332 , 743, 0);
insert into Skill values ( 743 , 'SEO');
insert into Has_skill values ( 332 , 739, 0);
insert into Skill values ( 739 , 'Online Advertising');
insert into Has_skill values ( 332 , 769, 0);
insert into Skill values ( 769 , 'Media Planning');
insert into Has_skill values ( 332 , 1756, 0);
insert into Skill values ( 1756 , 'Creative Direction');
insert into Has_skill values ( 332 , 754, 0);
insert into Skill values ( 754 , 'Online Marketing');
insert into Member_of values ( 332 , 2178);
insert into Groups values ( 2178 , 'Marketing & Communication Network', 0);
insert into Member_of values ( 332 , 646);
insert into Groups values ( 646 , 'eMarketing Association Network', 0);
insert into Member_of values ( 332 , 2179);
insert into Groups values ( 2179 , 'HP Imaging & Printing Group (IPG) R&D India', 0);
insert into Member_of values ( 332 , 2180);
insert into Groups values ( 2180 , 'Below The Line (BTL) Activation Thoughts', 0);
insert into Member_of values ( 332 , 2181);
insert into Groups values ( 2181 , 'Mobile Software Development Group', 0);
insert into Member_of values ( 332 , 2182);
insert into Groups values ( 2182 , 'Digital Marketing', 0);
insert into Member_of values ( 332 , 2183);
insert into Groups values ( 2183 , 'web site development', 0);
insert into Member_of values ( 332 , 2184);
insert into Groups values ( 2184 , 'Marketing Communication', 0);
insert into Member_of values ( 332 , 2185);
insert into Groups values ( 2185 , 'Integrated Marketing Communications', 0);
insert into Member_of values ( 332 , 2186);
insert into Groups values ( 2186 , 'Fashion and You India Private Limited', 0);
insert into Member_of values ( 332 , 2187);
insert into Groups values ( 2187 , 'Ecommerce and Online Marketing Experts', 0);
insert into Member_of values ( 332 , 2188);
insert into Groups values ( 2188 , 'Digital Marketing & Services', 0);
insert into Member_of values ( 332 , 2189);
insert into Groups values ( 2189 , 'SOLUTIONS DIGITAS', 0);
insert into Member_of values ( 332 , 2190);
insert into Groups values ( 2190 , 'Digital & Social Media Insights', 0);
insert into Member_of values ( 332 , 2191);
insert into Groups values ( 2191 , 'World Global Marketing Network', 0);
insert into Employer values ( 1473 , 'Freelance');
insert into Experience values ( 332 , 1473, '2013-06-01', '2014-12-15');
insert into Employer values ( 1474 , 'LG Ad');
insert into Experience values ( 332 , 1474, '2010-09-01', '2011-09-01');
insert into Employer values ( 1475 , 'Solutions Integrated Marketing Services');
insert into Experience values ( 332 , 1475, '2009-12-01', '2010-11-01');
insert into Employer values ( 1476 , 'Solutions - Publicis Groupe Company');
insert into Experience values ( 332 , 1476, '2007-06-01', '2010-09-03');
insert into Employer values ( 1477 , 'Erfolg');
insert into Experience values ( 332 , 1477, '2004-11-01', '2007-05-02');

insert into User values ( 333 , 'Moushumi' , 'Ghose', 500, 0, 'Online Media');
insert into Knows_language values ( 333 , 545);
insert into Languages values ( 545 , 'Bengali');

insert into User values ( 334 , 'Anjali' , 'Meheta', 392, 0, 'Airlines/Aviation');
insert into Education values ( 334 , 490 , 202 , '', '', '');
insert into University values ( 490 , 'Frankfinn Institute');
insert into Member_of values ( 334 , 2192);
insert into Groups values ( 2192 , 'Online Marketing Network', 0);
insert into Employer values ( 1448 , 'Kingfisher Airlines');
insert into Experience values ( 334 , 1448, '', '');

insert into User values ( 335 , 'suprabha' , 'jain', 47, 0, 'Entertainment');
insert into Education values ( 335 , 491 , 411 , 'diploma', '2008 – 2009', '2008 – 2009');
insert into University values ( 491 , 'London College of Fashion');
insert into Member_of values ( 335 , 2193);
insert into Groups values ( 2193 , 'Fashion & Lifestyle Industry Professionals Worldwide', 0);

insert into User values ( 336 , 'Suprabha' , 'Jain', 1, 0, 'Health, Wellness and Fitness');
insert into Has_skill values ( 336 , 1434, 0);
insert into Skill values ( 1434 , 'Internal Medicine');
insert into Has_skill values ( 336 , 1963, 0);
insert into Skill values ( 1963 , 'Alternative Medicine');
insert into Has_skill values ( 336 , 1959, 0);
insert into Skill values ( 1959 , 'Yoga');
insert into Has_skill values ( 336 , 1960, 0);
insert into Skill values ( 1960 , 'Ayurveda');
insert into Employer values ( 1478 , 'MDI WELLNESS CENTER');
insert into Experience values ( 336 , 1478, '2000-01-01', '2014-12-15');
insert into Employer values ( 1479 , 'UPMC');
insert into Experience values ( 336 , 1479, '1990-01-01', '1992-01-02');

insert into User values ( 337 , 'Garrett' , 'Wesch', 43, 0, 'Retail');

insert into User values ( 338 , 'Jacquelyn' , 'Duke', 135, 0, 'Education Management');
insert into Education values ( 338 , 492 , 412 , 'Master of Arts in Education', '2008 – 2012', '2008 – 2012');
insert into University values ( 492 , 'Drake University');
insert into Education values ( 338 , 493 , 413 , 'Bachelors of Arts', '2002 – 2005', '2002 – 2005');
insert into University values ( 493 , 'Central College');
insert into Has_skill values ( 338 , 1713, 0);
insert into Skill values ( 1713 , 'Non-profits');
insert into Has_skill values ( 338 , 422, 0);
insert into Skill values ( 422 , 'Public Speaking');
insert into Has_skill values ( 338 , 1116, 0);
insert into Skill values ( 1116 , 'Event Planning');
insert into Has_skill values ( 338 , 316, 0);
insert into Skill values ( 316 , 'Research');
insert into Has_skill values ( 338 , 1038, 0);
insert into Skill values ( 1038 , 'Community Outreach');
insert into Has_skill values ( 338 , 427, 0);
insert into Skill values ( 427 , 'Customer Service');
insert into Has_skill values ( 338 , 1134, 0);
insert into Skill values ( 1134 , 'Writing');
insert into Has_skill values ( 338 , 428, 0);
insert into Skill values ( 428 , 'Social Media');
insert into Has_skill values ( 338 , 417, 0);
insert into Skill values ( 417 , 'Management');
insert into Has_skill values ( 338 , 318, 0);
insert into Skill values ( 318 , 'Teaching');
insert into Member_of values ( 338 , 2194);
insert into Groups values ( 2194 , 'Birthing Community/ Doulas Birth/ PostPartum -Homebirth-Midwivery', 0);
insert into Member_of values ( 338 , 2195);
insert into Groups values ( 2195 , 'Des Moines, Iowa Network Group', 0);
insert into Member_of values ( 338 , 2196);
insert into Groups values ( 2196 , 'Young Professionals of Iowa (YPIowa)', 0);
insert into Member_of values ( 338 , 2197);
insert into Groups values ( 2197 , 'Character Counts In Iowa', 0);
insert into Member_of values ( 338 , 2198);
insert into Groups values ( 2198 , 'Central College Alumni', 0);
insert into Member_of values ( 338 , 2199);
insert into Groups values ( 2199 , 'La Leche League', 0);
insert into Member_of values ( 338 , 2200);
insert into Groups values ( 2200 , 'Birth Professionals International™', 0);
insert into Member_of values ( 338 , 2201);
insert into Groups values ( 2201 , 'Natural Pregnancy and Baby Professionals (NaturalBabyPros)', 0);
insert into Knows_language values ( 338 , 503);
insert into Languages values ( 503 , 'Spanish');
insert into Knows_language values ( 338 , 509);
insert into Languages values ( 509 , 'French');
insert into Employer values ( 1480 , 'Intrinsic Birthing LLC');
insert into Experience values ( 338 , 1480, '2010-01-01', '');
insert into Employer values ( 1481 , 'North Polk High School');
insert into Experience values ( 338 , 1481, '2012-01-01', '2012-05-05');
insert into Employer values ( 1482 , 'Meredith Corporation');
insert into Experience values ( 338 , 1482, '2006-10-01', '2012-01-05');
insert into Employer values ( 1483 , 'U.S. Senate');
insert into Experience values ( 338 , 1483, '2006-01-01', '2006-10-10');
insert into Employer values ( 1484 , 'Easter Seals of Greater Iowa');
insert into Experience values ( 338 , 1484, '2003-01-01', '2005-12-03');
insert into Employer values ( 1485 , 'Ince & Co');
insert into Experience values ( 338 , 1485, '2005-01-01', '2005-05-05');
insert into Employer values ( 1486 , 'Central College');
insert into Experience values ( 338 , 1486, '2003-01-01', '');
insert into Employer values ( 1487 , 'The World Food Prize Foundation');
insert into Experience values ( 338 , 1487, '2001-06-01', '2001-08-03');

insert into User values ( 339 , 'Kristin' , 'Gredys', 154, 0, 'Financial Services');
insert into Education values ( 339 , 494 , 414 , 'Associate Applied Science', '2009 – 2011', '2009 – 2011');
insert into University values ( 494 , 'Des Moines Area Community College');
insert into Education values ( 339 , 495 , 202 , '', '2007 – 2009', '2007 – 2009');
insert into University values ( 495 , 'University of Nebraska-Lincoln');
insert into Education values ( 339 , 496 , 411 , 'diploma', '2006 – 2007', '2006 – 2007');
insert into University values ( 496 , 'Valley High School');
insert into Has_skill values ( 339 , 1964, 0);
insert into Skill values ( 1964 , 'Retail Management');
insert into Has_skill values ( 339 , 1814, 0);
insert into Skill values ( 1814 , 'Visual Merchandising');
insert into Has_skill values ( 339 , 1965, 0);
insert into Skill values ( 1965 , 'Fashion Writing');
insert into Has_skill values ( 339 , 476, 0);
insert into Skill values ( 476 , 'Merchandising');
insert into Has_skill values ( 339 , 761, 0);
insert into Skill values ( 761 , 'Fashion');
insert into Has_skill values ( 339 , 465, 0);
insert into Skill values ( 465 , 'Retail');
insert into Has_skill values ( 339 , 1966, 0);
insert into Skill values ( 1966 , 'Styling');
insert into Has_skill values ( 339 , 488, 0);
insert into Skill values ( 488 , 'Inventory Management');
insert into Has_skill values ( 339 , 1967, 0);
insert into Skill values ( 1967 , 'Adobe Illustrator');
insert into Has_skill values ( 339 , 336, 0);
insert into Skill values ( 336 , 'Microsoft Office');
insert into Has_skill values ( 339 , 1968, 0);
insert into Skill values ( 1968 , 'Singing');
insert into Has_skill values ( 339 , 1969, 0);
insert into Skill values ( 1969 , 'Modeling');
insert into Has_skill values ( 339 , 1386, 0);
insert into Skill values ( 1386 , 'Performing Arts');
insert into Has_skill values ( 339 , 1970, 0);
insert into Skill values ( 1970 , 'Store Management');
insert into Has_skill values ( 339 , 352, 0);
insert into Skill values ( 352 , 'Marketing');
insert into Has_skill values ( 339 , 1116, 0);
insert into Skill values ( 1116 , 'Event Planning');
insert into Has_skill values ( 339 , 1971, 0);
insert into Skill values ( 1971 , 'Illustrator');
insert into Has_skill values ( 339 , 786, 0);
insert into Skill values ( 786 , 'Advertising');
insert into Member_of values ( 339 , 2195);
insert into Groups values ( 2195 , 'Des Moines, Iowa Network Group', 0);
insert into Member_of values ( 339 , 2202);
insert into Groups values ( 2202 , 'Fashion Merchandising', 0);
insert into Member_of values ( 339 , 2203);
insert into Groups values ( 2203 , 'FashionUnited - International Fashion Network', 0);
insert into Member_of values ( 339 , 2204);
insert into Groups values ( 2204 , 'Global Blogger Network', 0);
insert into Member_of values ( 339 , 2205);
insert into Groups values ( 2205 , 'VMSD magazine', 0);
insert into Member_of values ( 339 , 2206);
insert into Groups values ( 2206 , 'WWD FASHION EDUCATION GROUP', 0);
insert into Member_of values ( 339 , 2207);
insert into Groups values ( 2207 , 'Textile, Apparel, Footwear & Fashion - Sales Marketing Sourcing Retail Jobs Media Events HR Textiles', 0);
insert into Member_of values ( 339 , 2208);
insert into Groups values ( 2208 , 'Fashion Journalism Professionals', 0);
insert into Member_of values ( 339 , 2209);
insert into Groups values ( 2209 , 'STYLEdiary', 0);
insert into Member_of values ( 339 , 2210);
insert into Groups values ( 2210 , 'Womens Wear Daily', 0);
insert into Member_of values ( 339 , 2211);
insert into Groups values ( 2211 , 'Nebraska Cornhusker Fans', 0);
insert into Member_of values ( 339 , 2212);
insert into Groups values ( 2212 , 'BCBGMAXAZRIAGROUP', 0);
insert into Member_of values ( 339 , 2213);
insert into Groups values ( 2213 , 'West Des Moines Chamber of Commerce', 0);
insert into Member_of values ( 339 , 2214);
insert into Groups values ( 2214 , 'NewsScoop', 0);
insert into Member_of values ( 339 , 2215);
insert into Groups values ( 2215 , 'Young Professionals Connection', 0);
insert into Member_of values ( 339 , 2216);
insert into Groups values ( 2216 , 'DMACC Fashion students and alumni', 0);
insert into Member_of values ( 339 , 2217);
insert into Groups values ( 2217 , 'Greater Des Moines Leadership Institute', 0);
insert into Member_of values ( 339 , 2218);
insert into Groups values ( 2218 , 'Fashion Blogger Network', 0);
insert into Member_of values ( 339 , 2219);
insert into Groups values ( 2219 , 'New View, WDM Chamber Young Professionals', 0);
insert into Employer values ( 1488 , 'Kidder Benefits Consultants, Inc.');
insert into Experience values ( 339 , 1488, '2012-03-01', '2014-12-10');
insert into Employer values ( 1489 , 'BCBG Max Azria');
insert into Experience values ( 339 , 1489, '2011-05-01', '2012-03-11');
insert into Employer values ( 1489 , 'BCBG Max Azria');
insert into Experience values ( 339 , 1489, '2010-05-01', '2011-05-01');
insert into Employer values ( 1490 , 'Buffalo Wild Wings');
insert into Experience values ( 339 , 1490, '2009-01-01', '2009-05-05');

insert into User values ( 340 , 'Melissa' , 'Byram', 13, 0, 'Retail');
insert into Education values ( 340 , 497 , 202 , '', '2013 – 2014', '2013 – 2014');
insert into University values ( 497 , 'Clackamas Community College');
insert into Education values ( 340 , 498 , 202 , '', '2000 – 2004', '2000 – 2004');
insert into University values ( 498 , 'Estacada High School');
insert into Has_skill values ( 340 , 754, 0);
insert into Skill values ( 754 , 'Online Marketing');
insert into Has_skill values ( 340 , 1378, 0);
insert into Skill values ( 1378 , 'Purchasing');
insert into Has_skill values ( 340 , 478, 0);
insert into Skill values ( 478 , 'Team Management');
insert into Has_skill values ( 340 , 1722, 0);
insert into Skill values ( 1722 , 'Global Sourcing');
insert into Has_skill values ( 340 , 1972, 0);
insert into Skill values ( 1972 , 'IT Solutions');
insert into Has_skill values ( 340 , 725, 0);
insert into Skill values ( 725 , 'Web Development');
insert into Has_skill values ( 340 , 1973, 0);
insert into Skill values ( 1973 , 'Magento');
insert into Knows_language values ( 340 , 509);
insert into Languages values ( 509 , 'French');
insert into Employer values ( 1491 , 'Hi School Pharmacy');
insert into Experience values ( 340 , 1491, '2014-10-01', '2014-12-15');
insert into Employer values ( 1491 , 'Hi School Pharmacy');
insert into Experience values ( 340 , 1491, '2012-11-01', '2014-12-15');
insert into Employer values ( 1492 , 'Fotocomm Distribution');
insert into Experience values ( 340 , 1492, '2008-07-01', '2014-07-06');
insert into Employer values ( 1491 , 'Hi School Pharmacy');
insert into Experience values ( 340 , 1491, '2005-09-01', '2012-11-07');

insert into User values ( 341 , 'Markeisha' , 'Stewart Clowers', 102, 0, 'Retail');
insert into Education values ( 341 , 104 , 204 , 'B.S.', '2004 – 2006', '2004 – 2006');
insert into University values ( 104 , 'Florida State University');
insert into Education values ( 341 , 499 , 415 , 'A.A.', '2001 – 2003', '2001 – 2003');
insert into University values ( 499 , 'Miami Dade College');
insert into Education values ( 341 , 500 , 202 , '', '', '');
insert into University values ( 500 , 'High School');
insert into Has_skill values ( 341 , 476, 0);
insert into Skill values ( 476 , 'Merchandising');
insert into Has_skill values ( 341 , 417, 0);
insert into Skill values ( 417 , 'Management');
insert into Has_skill values ( 341 , 488, 0);
insert into Skill values ( 488 , 'Inventory Management');
insert into Has_skill values ( 341 , 465, 0);
insert into Skill values ( 465 , 'Retail');
insert into Has_skill values ( 341 , 427, 0);
insert into Skill values ( 427 , 'Customer Service');
insert into Has_skill values ( 341 , 403, 0);
insert into Skill values ( 403 , 'Analysis');
insert into Has_skill values ( 341 , 423, 0);
insert into Skill values ( 423 , 'Leadership');
insert into Has_skill values ( 341 , 352, 0);
insert into Skill values ( 352 , 'Marketing');
insert into Has_skill values ( 341 , 489, 0);
insert into Skill values ( 489 , 'Forecasting');
insert into Has_skill values ( 341 , 466, 0);
insert into Skill values ( 466 , 'Sales');
insert into Has_skill values ( 341 , 775, 0);
insert into Skill values ( 775 , 'Team Building');
insert into Has_skill values ( 341 , 415, 0);
insert into Skill values ( 415 , 'Access');
insert into Has_skill values ( 341 , 463, 0);
insert into Skill values ( 463 , 'Customer Satisfaction');
insert into Has_skill values ( 341 , 421, 0);
insert into Skill values ( 421 , 'Time Management');
insert into Has_skill values ( 341 , 541, 0);
insert into Skill values ( 541 , 'Process Improvement');
insert into Member_of values ( 341 , 2220);
insert into Groups values ( 2220 , 'FSU Alumni and Students', 0);
insert into Member_of values ( 341 , 2221);
insert into Groups values ( 2221 , 'FSU Executive Network', 0);
insert into Member_of values ( 341 , 2222);
insert into Groups values ( 2222 , 'Atlanta Seminole Club', 0);
insert into Member_of values ( 341 , 2223);
insert into Groups values ( 2223 , 'The College of Business, Florida State University', 0);
insert into Employer values ( 1493 , 'Home Depot/Your Other Warehouse');
insert into Experience values ( 341 , 1493, '2012-09-01', '2014-12-15');
insert into Employer values ( 1494 , 'The Home Depot');
insert into Experience values ( 341 , 1494, '2012-08-01', '2012-09-02');
insert into Employer values ( 1494 , 'The Home Depot');
insert into Experience values ( 341 , 1494, '2007-03-01', '2012-07-05');

insert into User values ( 342 , 'Lisa' , 'Saucier', 11, 0, '');

insert into User values ( 343 , 'Jennifer' , 'Danahy', 0, 0, 'Retail');
insert into Employer values ( 1495 , 'CVS/Caremark');
insert into Experience values ( 343 , 1495, '', '');

insert into User values ( 344 , 'John' , 'Scardera', 1, 0, 'Retail');
insert into Employer values ( 1495 , 'CVS/Caremark');
insert into Experience values ( 344 , 1495, '', '');

insert into User values ( 345 , 'Kimberley' , 'Felice-Dooley', 500, 0, 'Pharmaceuticals');
insert into Member_of values ( 345 , 1611);
insert into Groups values ( 1611 , 'CONSUMER GOODS & RETAIL PROFESSIONALS', 0);
insert into Member_of values ( 345 , 2224);
insert into Groups values ( 2224 , 'CPG Supergroup! - Consumer Packaged Goods Professionals', 0);
insert into Member_of values ( 345 , 2225);
insert into Groups values ( 2225 , 'Category Management & Shopper Marketing Leaders', 0);
insert into Member_of values ( 345 , 2226);
insert into Groups values ( 2226 , 'Shopper Insights in Action Group', 0);
insert into Member_of values ( 345 , 2227);
insert into Groups values ( 2227 , 'CANDY, SNACKS & BAKERY SUPERGROUP! -confectionery, sweets, chocolate, food, beverage, cpg, fmcg, nca', 0);
insert into Member_of values ( 345 , 2228);
insert into Groups values ( 2228 , 'Demand Signal Repository Institute', 0);
insert into Employer values ( 1496 , 'CVS Caremark Corporation');
insert into Experience values ( 345 , 1496, '2013-01-01', '');
insert into Employer values ( 1496 , 'CVS Caremark Corporation');
insert into Experience values ( 345 , 1496, '2011-04-01', '2012-12-01');
insert into Employer values ( 1496 , 'CVS Caremark Corporation');
insert into Experience values ( 345 , 1496, '2007-02-01', '2011-04-04');
insert into Employer values ( 1497 , 'FEDERATED DEPARTMENT STORES');
insert into Experience values ( 345 , 1497, '2004-01-01', '2006-05-02');

insert into User values ( 346 , 'Alan' , 'Yarmaloff', 500, 0, 'Retail');
insert into Education values ( 346 , 501 , 300 , 'Bachelor', '1988 – 1991', '1988 – 1991');
insert into University values ( 501 , 'Bryant University');
insert into Has_skill values ( 346 , 476, 0);
insert into Skill values ( 476 , 'Merchandising');
insert into Has_skill values ( 346 , 1736, 0);
insert into Skill values ( 1736 , 'Consumer Products');
insert into Has_skill values ( 346 , 1974, 0);
insert into Skill values ( 1974 , 'Planograms');
insert into Has_skill values ( 346 , 1975, 0);
insert into Skill values ( 1975 , 'Assortment');
insert into Has_skill values ( 346 , 1976, 0);
insert into Skill values ( 1976 , 'Private Label');
insert into Has_skill values ( 346 , 1970, 0);
insert into Skill values ( 1970 , 'Store Management');
insert into Has_skill values ( 346 , 1977, 0);
insert into Skill values ( 1977 , 'Inventory Control');
insert into Has_skill values ( 346 , 1048, 0);
insert into Skill values ( 1048 , 'Pricing');
insert into Has_skill values ( 346 , 465, 0);
insert into Skill values ( 465 , 'Retail');
insert into Has_skill values ( 346 , 1978, 0);
insert into Skill values ( 1978 , 'Grocery');
insert into Has_skill values ( 346 , 641, 0);
insert into Skill values ( 641 , 'Categorization');
insert into Has_skill values ( 346 , 488, 0);
insert into Skill values ( 488 , 'Inventory Management');
insert into Has_skill values ( 346 , 1764, 0);
insert into Skill values ( 1764 , 'Profit');
insert into Has_skill values ( 346 , 1763, 0);
insert into Skill values ( 1763 , 'Income Statement');
insert into Has_skill values ( 346 , 489, 0);
insert into Skill values ( 489 , 'Forecasting');
insert into Has_skill values ( 346 , 403, 0);
insert into Skill values ( 403 , 'Analysis');
insert into Has_skill values ( 346 , 485, 0);
insert into Skill values ( 485 , 'Brand Management');
insert into Has_skill values ( 346 , 424, 0);
insert into Skill values ( 424 , 'Budgets');
insert into Has_skill values ( 346 , 1979, 0);
insert into Skill values ( 1979 , 'CPFR');
insert into Has_skill values ( 346 , 378, 0);
insert into Skill values ( 378 , 'Cross-functional Team...');
insert into Has_skill values ( 346 , 1747, 0);
insert into Skill values ( 1747 , 'Customer Insight');
insert into Has_skill values ( 346 , 1980, 0);
insert into Skill values ( 1980 , 'Food');
insert into Has_skill values ( 346 , 1981, 0);
insert into Skill values ( 1981 , 'IRI');
insert into Has_skill values ( 346 , 423, 0);
insert into Skill values ( 423 , 'Leadership');
insert into Has_skill values ( 346 , 1982, 0);
insert into Skill values ( 1982 , 'Nielsen');
insert into Has_skill values ( 346 , 1983, 0);
insert into Skill values ( 1983 , 'P');
insert into Has_skill values ( 346 , 382, 0);
insert into Skill values ( 382 , 'Product Development');
insert into Has_skill values ( 346 , 1812, 0);
insert into Skill values ( 1812 , 'Retail Category...');
insert into Has_skill values ( 346 , 466, 0);
insert into Skill values ( 466 , 'Sales');
insert into Has_skill values ( 346 , 1814, 0);
insert into Skill values ( 1814 , 'Visual Merchandising');
insert into Has_skill values ( 346 , 384, 0);
insert into Skill values ( 384 , 'Competitive Analysis');
insert into Member_of values ( 346 , 1474);
insert into Groups values ( 1474 , 'Procurement Jobs (#1 in job leads, career, recruitment & headhunting)', 0);
insert into Member_of values ( 346 , 2224);
insert into Groups values ( 2224 , 'CPG Supergroup! - Consumer Packaged Goods Professionals', 0);
insert into Member_of values ( 346 , 1478);
insert into Groups values ( 1478 , 'Procurement Professionals (#1 supply chain & sourcing group) Business. Networking. Jobs.', 0);
insert into Member_of values ( 346 , 2229);
insert into Groups values ( 2229 , 'RETAIL EXECS', 0);
insert into Member_of values ( 346 , 2230);
insert into Groups values ( 2230 , 'Supermarket News', 0);
insert into Member_of values ( 346 , 1610);
insert into Groups values ( 1610 , 'CPG SALES', 0);
insert into Member_of values ( 346 , 2231);
insert into Groups values ( 2231 , 'Candy.com', 0);
insert into Member_of values ( 346 , 2232);
insert into Groups values ( 2232 , 'CVS/caremark', 0);
insert into Member_of values ( 346 , 2233);
insert into Groups values ( 2233 , 'The Category Management and Shopper Insights Connection Group', 0);
insert into Member_of values ( 346 , 1005);
insert into Groups values ( 1005 , 'Sales Management Executives', 0);
insert into Member_of values ( 346 , 2234);
insert into Groups values ( 2234 , 'Bryant University Alumni Association', 0);
insert into Member_of values ( 346 , 1641);
insert into Groups values ( 1641 , 'Retail Industry Professionals Group', 0);
insert into Member_of values ( 346 , 2235);
insert into Groups values ( 2235 , 'Retail Category Managers/District Manager', 0);
insert into Member_of values ( 346 , 2236);
insert into Groups values ( 2236 , 'Organic Food Industry', 0);
insert into Employer values ( 1496 , 'CVS Caremark Corporation');
insert into Experience values ( 346 , 1496, '2012-12-01', '2014-12-15');
insert into Employer values ( 1496 , 'CVS Caremark Corporation');
insert into Experience values ( 346 , 1496, '2011-09-01', '2012-12-01');
insert into Employer values ( 1496 , 'CVS Caremark Corporation');
insert into Experience values ( 346 , 1496, '2011-04-01', '2011-09-06');
insert into Employer values ( 1496 , 'CVS Caremark Corporation');
insert into Experience values ( 346 , 1496, '2010-04-01', '2011-04-01');
insert into Employer values ( 1498 , 'Ahold/Stop and Shop');
insert into Experience values ( 346 , 1498, '2006-02-01', '2010-04-04');
insert into Employer values ( 1499 , 'Stop & Shop');
insert into Experience values ( 346 , 1499, '2003-08-01', '2006-02-02');
insert into Employer values ( 1499 , 'Stop & Shop');
insert into Experience values ( 346 , 1499, '2001-10-01', '2003-08-01');
insert into Employer values ( 1499 , 'Stop & Shop');
insert into Experience values ( 346 , 1499, '1997-09-01', '2001-10-04');
insert into Employer values ( 1500 , 'Bradlees');
insert into Experience values ( 346 , 1500, '1994-01-01', '1997-10-03');

insert into User values ( 347 , 'Maryalyce' , 'Saenz', 500, 0, 'Retail');
insert into Education values ( 347 , 502 , 263 , 'Masters', '2003 – 2005', '2003 – 2005');
insert into University values ( 502 , 'University of Florida - Warrington College of Business Administration');
insert into Education values ( 347 , 503 , 304 , 'Bachelor of Science', '1990 – 1994', '1990 – 1994');
insert into University values ( 503 , 'Kings College');
insert into Has_skill values ( 347 , 479, 0);
insert into Skill values ( 479 , 'Account Management');
insert into Has_skill values ( 347 , 403, 0);
insert into Skill values ( 403 , 'Analysis');
insert into Has_skill values ( 347 , 1049, 0);
insert into Skill values ( 1049 , 'B2B');
insert into Has_skill values ( 347 , 379, 0);
insert into Skill values ( 379 , 'Business Development');
insert into Has_skill values ( 347 , 378, 0);
insert into Skill values ( 378 , 'Cross-functional Team...');
insert into Has_skill values ( 347 , 1984, 0);
insert into Skill values ( 1984 , 'Customer Experience');
insert into Has_skill values ( 347 , 763, 0);
insert into Skill values ( 763 , 'Direct Marketing');
insert into Has_skill values ( 347 , 481, 0);
insert into Skill values ( 481 , 'E-commerce');
insert into Has_skill values ( 347 , 489, 0);
insert into Skill values ( 489 , 'Forecasting');
insert into Has_skill values ( 347 , 423, 0);
insert into Skill values ( 423 , 'Leadership');
insert into Has_skill values ( 347 , 417, 0);
insert into Skill values ( 417 , 'Management');
insert into Has_skill values ( 347 , 352, 0);
insert into Skill values ( 352 , 'Marketing');
insert into Has_skill values ( 347 , 495, 0);
insert into Skill values ( 495 , 'Marketing Strategy');
insert into Has_skill values ( 347 , 476, 0);
insert into Skill values ( 476 , 'Merchandising');
insert into Has_skill values ( 347 , 773, 0);
insert into Skill values ( 773 , 'Multi-channel Marketing');
insert into Has_skill values ( 347 , 650, 0);
insert into Skill values ( 650 , 'Negotiation');
insert into Has_skill values ( 347 , 772, 0);
insert into Skill values ( 772 , 'P&L Management');
insert into Has_skill values ( 347 , 541, 0);
insert into Skill values ( 541 , 'Process Improvement');
insert into Has_skill values ( 347 , 377, 0);
insert into Skill values ( 377 , 'Product Management');
insert into Has_skill values ( 347 , 376, 0);
insert into Skill values ( 376 , 'Program Management');
insert into Has_skill values ( 347 , 465, 0);
insert into Skill values ( 465 , 'Retail');
insert into Has_skill values ( 347 , 466, 0);
insert into Skill values ( 466 , 'Sales');
insert into Has_skill values ( 347 , 381, 0);
insert into Skill values ( 381 , 'Strategic Planning');
insert into Has_skill values ( 347 , 494, 0);
insert into Skill values ( 494 , 'Strategy');
insert into Has_skill values ( 347 , 776, 0);
insert into Skill values ( 776 , 'Vendor Management');
insert into Has_skill values ( 347 , 424, 0);
insert into Skill values ( 424 , 'Budgets');
insert into Has_skill values ( 347 , 837, 0);
insert into Skill values ( 837 , 'Business Process');
insert into Has_skill values ( 347 , 826, 0);
insert into Skill values ( 826 , 'Business Process...');
insert into Has_skill values ( 347 , 396, 0);
insert into Skill values ( 396 , 'Entrepreneurship');
insert into Has_skill values ( 347 , 488, 0);
insert into Skill values ( 488 , 'Inventory Management');
insert into Has_skill values ( 347 , 492, 0);
insert into Skill values ( 492 , 'Product Marketing');
insert into Has_skill values ( 347 , 498, 0);
insert into Skill values ( 498 , 'Project Planning');
insert into Has_skill values ( 347 , 469, 0);
insert into Skill values ( 469 , 'Sales Operations');
insert into Has_skill values ( 347 , 820, 0);
insert into Skill values ( 820 , 'Supply Chain');
insert into Has_skill values ( 347 , 430, 0);
insert into Skill values ( 430 , 'Team Leadership');
insert into Has_skill values ( 347 , 419, 0);
insert into Skill values ( 419 , 'Training');
insert into Member_of values ( 347 , 2237);
insert into Groups values ( 2237 , 'Shapiro Negotiations Institute', 0);
insert into Member_of values ( 347 , 2238);
insert into Groups values ( 2238 , 'GatorMBA', 0);
insert into Member_of values ( 347 , 2239);
insert into Groups values ( 2239 , 'Retailers Industry Management Group: Merchandising, Finance, Supply Chain, E-commerce, IT Technology', 0);
insert into Member_of values ( 347 , 2240);
insert into Groups values ( 2240 , 'PricewaterhouseCoopers (PwC) employees and alumni', 0);
insert into Member_of values ( 347 , 2241);
insert into Groups values ( 2241 , 'Merchandising and Planning Professionals', 0);
insert into Member_of values ( 347 , 2229);
insert into Groups values ( 2229 , 'RETAIL EXECS', 0);
insert into Member_of values ( 347 , 2242);
insert into Groups values ( 2242 , 'Jobs & Job Search Group', 0);
insert into Member_of values ( 347 , 2243);
insert into Groups values ( 2243 , 'Office Depot Alumni', 0);
insert into Member_of values ( 347 , 2244);
insert into Groups values ( 2244 , 'Jobs Retail- Networking, Discussion, and Careers', 0);
insert into Member_of values ( 347 , 2245);
insert into Groups values ( 2245 , 'Retail Management Executive Group', 0);
insert into Member_of values ( 347 , 2246);
insert into Groups values ( 2246 , 'UF Alumni Association', 0);
insert into Employer values ( 1496 , 'CVS Caremark Corporation');
insert into Experience values ( 347 , 1496, '2012-11-01', '2014-12-15');
insert into Employer values ( 1501 , 'Office Depot');
insert into Experience values ( 347 , 1501, '2011-12-01', '2012-11-01');
insert into Employer values ( 1501 , 'Office Depot');
insert into Experience values ( 347 , 1501, '2009-10-01', '2011-12-02');
insert into Employer values ( 1501 , 'Office Depot');
insert into Experience values ( 347 , 1501, '2006-04-01', '2009-10-03');
insert into Employer values ( 1501 , 'Office Depot');
insert into Experience values ( 347 , 1501, '2005-01-01', '2006-04-01');
insert into Employer values ( 1501 , 'Office Depot');
insert into Experience values ( 347 , 1501, '2002-09-01', '2005-01-02');
insert into Employer values ( 1501 , 'Office Depot');
insert into Experience values ( 347 , 1501, '2001-05-01', '2002-09-01');
insert into Employer values ( 647 , 'PricewaterhouseCoopers');
insert into Experience values ( 347 , 647, '1998-10-01', '2001-05-02');
insert into Employer values ( 1502 , 'Pennsylvania Department of Revenue');
insert into Experience values ( 347 , 1502, '1995-10-01', '1998-10-03');

insert into User values ( 348 , 'Jacob' , 'Trombino', 500, 0, 'Retail');
insert into Education values ( 348 , 504 , 215 , 'Bachelors Degree', '1999 – 2003', '1999 – 2003');
insert into University values ( 504 , 'University of Rhode Island - College of Business Administration');
insert into Education values ( 348 , 505 , 202 , '', '1994 – 1999', '1994 – 1999');
insert into University values ( 505 , 'Westerly High School');
insert into Has_skill values ( 348 , 1652, 0);
insert into Skill values ( 1652 , 'Recruiting');
insert into Has_skill values ( 348 , 1970, 0);
insert into Skill values ( 1970 , 'Store Management');
insert into Has_skill values ( 348 , 901, 0);
insert into Skill values ( 901 , 'Coaching');
insert into Has_skill values ( 348 , 476, 0);
insert into Skill values ( 476 , 'Merchandising');
insert into Has_skill values ( 348 , 465, 0);
insert into Skill values ( 465 , 'Retail');
insert into Has_skill values ( 348 , 488, 0);
insert into Skill values ( 488 , 'Inventory Management');
insert into Has_skill values ( 348 , 1974, 0);
insert into Skill values ( 1974 , 'Planograms');
insert into Has_skill values ( 348 , 1977, 0);
insert into Skill values ( 1977 , 'Inventory Control');
insert into Has_skill values ( 348 , 1814, 0);
insert into Skill values ( 1814 , 'Visual Merchandising');
insert into Has_skill values ( 348 , 1048, 0);
insert into Skill values ( 1048 , 'Pricing');
insert into Has_skill values ( 348 , 1662, 0);
insert into Skill values ( 1662 , 'Interviews');
insert into Has_skill values ( 348 , 382, 0);
insert into Skill values ( 382 , 'Product Development');
insert into Has_skill values ( 348 , 820, 0);
insert into Skill values ( 820 , 'Supply Chain');
insert into Has_skill values ( 348 , 1985, 0);
insert into Skill values ( 1985 , 'Store Operations');
insert into Has_skill values ( 348 , 352, 0);
insert into Skill values ( 352 , 'Marketing');
insert into Has_skill values ( 348 , 380, 0);
insert into Skill values ( 380 , 'Analytics');
insert into Has_skill values ( 348 , 1764, 0);
insert into Skill values ( 1764 , 'Profit');
insert into Has_skill values ( 348 , 1983, 0);
insert into Skill values ( 1983 , 'P');
insert into Has_skill values ( 348 , 1747, 0);
insert into Skill values ( 1747 , 'Customer Insight');
insert into Has_skill values ( 348 , 466, 0);
insert into Skill values ( 466 , 'Sales');
insert into Has_skill values ( 348 , 1812, 0);
insert into Skill values ( 1812 , 'Retail Category...');
insert into Has_skill values ( 348 , 1975, 0);
insert into Skill values ( 1975 , 'Assortment');
insert into Has_skill values ( 348 , 775, 0);
insert into Skill values ( 775 , 'Team Building');
insert into Has_skill values ( 348 , 1986, 0);
insert into Skill values ( 1986 , 'JDA');
insert into Has_skill values ( 348 , 1663, 0);
insert into Skill values ( 1663 , 'Hiring');
insert into Has_skill values ( 348 , 419, 0);
insert into Skill values ( 419 , 'Training');
insert into Has_skill values ( 348 , 1199, 0);
insert into Skill values ( 1199 , 'Retail Sales');
insert into Has_skill values ( 348 , 1987, 0);
insert into Skill values ( 1987 , 'Driving Results');
insert into Has_skill values ( 348 , 495, 0);
insert into Skill values ( 495 , 'Marketing Strategy');
insert into Has_skill values ( 348 , 417, 0);
insert into Skill values ( 417 , 'Management');
insert into Has_skill values ( 348 , 1988, 0);
insert into Skill values ( 1988 , 'Loss Prevention');
insert into Has_skill values ( 348 , 772, 0);
insert into Skill values ( 772 , 'P&L Management');
insert into Has_skill values ( 348 , 480, 0);
insert into Skill values ( 480 , 'Sales Management');
insert into Has_skill values ( 348 , 1763, 0);
insert into Skill values ( 1763 , 'Income Statement');
insert into Has_skill values ( 348 , 489, 0);
insert into Skill values ( 489 , 'Forecasting');
insert into Has_skill values ( 348 , 378, 0);
insert into Skill values ( 378 , 'Cross-functional Team...');
insert into Has_skill values ( 348 , 494, 0);
insert into Skill values ( 494 , 'Strategy');
insert into Has_skill values ( 348 , 491, 0);
insert into Skill values ( 491 , 'Business Planning');
insert into Has_skill values ( 348 , 469, 0);
insert into Skill values ( 469 , 'Sales Operations');
insert into Has_skill values ( 348 , 473, 0);
insert into Skill values ( 473 , 'Selling');
insert into Has_skill values ( 348 , 424, 0);
insert into Skill values ( 424 , 'Budgets');
insert into Has_skill values ( 348 , 421, 0);
insert into Skill values ( 421 , 'Time Management');
insert into Has_skill values ( 348 , 1979, 0);
insert into Skill values ( 1979 , 'CPFR');
insert into Has_skill values ( 348 , 423, 0);
insert into Skill values ( 423 , 'Leadership');
insert into Has_skill values ( 348 , 384, 0);
insert into Skill values ( 384 , 'Competitive Analysis');
insert into Has_skill values ( 348 , 1736, 0);
insert into Skill values ( 1736 , 'Consumer Products');
insert into Has_skill values ( 348 , 427, 0);
insert into Skill values ( 427 , 'Customer Service');
insert into Has_skill values ( 348 , 1978, 0);
insert into Skill values ( 1978 , 'Grocery');
insert into Has_skill values ( 348 , 1723, 0);
insert into Skill values ( 1723 , 'Logistics');
insert into Member_of values ( 348 , 1610);
insert into Groups values ( 1610 , 'CPG SALES', 0);
insert into Member_of values ( 348 , 2247);
insert into Groups values ( 2247 , 'Connected Health Community', 0);
insert into Member_of values ( 348 , 2225);
insert into Groups values ( 2225 , 'Category Management & Shopper Marketing Leaders', 0);
insert into Member_of values ( 348 , 2248);
insert into Groups values ( 2248 , 'University of Rhode Island Alumni Association', 0);
insert into Member_of values ( 348 , 651);
insert into Groups values ( 651 , 'Mobile Marketing & Advertising', 0);
insert into Member_of values ( 348 , 2249);
insert into Groups values ( 2249 , 'Drug Store News', 0);
insert into Member_of values ( 348 , 2232);
insert into Groups values ( 2232 , 'CVS/caremark', 0);
insert into Member_of values ( 348 , 2250);
insert into Groups values ( 2250 , 'RETAIL STORE PLANNING&DESIGN CRITERIA', 0);
insert into Member_of values ( 348 , 1611);
insert into Groups values ( 1611 , 'CONSUMER GOODS & RETAIL PROFESSIONALS', 0);
insert into Member_of values ( 348 , 2182);
insert into Groups values ( 2182 , 'Digital Marketing', 0);
insert into Member_of values ( 348 , 2251);
insert into Groups values ( 2251 , 'Inventory Management Professionals', 0);
insert into Member_of values ( 348 , 2252);
insert into Groups values ( 2252 , 'Product Marketing Professionals', 0);
insert into Member_of values ( 348 , 2226);
insert into Groups values ( 2226 , 'Shopper Insights in Action Group', 0);
insert into Member_of values ( 348 , 2253);
insert into Groups values ( 2253 , 'ECRM- Celebrating 20 Years in 2014', 0);
insert into Member_of values ( 348 , 1641);
insert into Groups values ( 1641 , 'Retail Industry Professionals Group', 0);
insert into Member_of values ( 348 , 2254);
insert into Groups values ( 2254 , 'Senn Delaney culture-shaping eXchange', 0);
insert into Member_of values ( 348 , 2255);
insert into Groups values ( 2255 , 'Digital Health', 0);
insert into Member_of values ( 348 , 2256);
insert into Groups values ( 2256 , 'Product Marketing Managers', 0);
insert into Member_of values ( 348 , 2257);
insert into Groups values ( 2257 , 'ALLRETAIL retail executive network', 0);
insert into Member_of values ( 348 , 2258);
insert into Groups values ( 2258 , 'Swarovski Community', 0);
insert into Member_of values ( 348 , 2259);
insert into Groups values ( 2259 , 'Global Leadership in Supply Chain', 0);
insert into Member_of values ( 348 , 2229);
insert into Groups values ( 2229 , 'RETAIL EXECS', 0);
insert into Member_of values ( 348 , 2260);
insert into Groups values ( 2260 , 'Former Eckerd Associates', 0);
insert into Member_of values ( 348 , 2235);
insert into Groups values ( 2235 , 'Retail Category Managers/District Manager', 0);
insert into Member_of values ( 348 , 2261);
insert into Groups values ( 2261 , 'CVS/ Pharmacy Employees', 0);
insert into Member_of values ( 348 , 2262);
insert into Groups values ( 2262 , 'Next Dimension Careers', 0);
insert into Member_of values ( 348 , 2230);
insert into Groups values ( 2230 , 'Supermarket News', 0);
insert into Member_of values ( 348 , 2233);
insert into Groups values ( 2233 , 'The Category Management and Shopper Insights Connection Group', 0);
insert into Member_of values ( 348 , 2263);
insert into Groups values ( 2263 , 'MinuteClinic Team', 0);
insert into Member_of values ( 348 , 2264);
insert into Groups values ( 2264 , 'Category Management Association (CMA)', 0);
insert into Member_of values ( 348 , 2265);
insert into Groups values ( 2265 , 'Supply Chain Management Consultants - ERP & Strategic Cons.', 0);
insert into Member_of values ( 348 , 2245);
insert into Groups values ( 2245 , 'Retail Management Executive Group', 0);
insert into Member_of values ( 348 , 2266);
insert into Groups values ( 2266 , 'Retail Industry Professionals Worldwide', 0);
insert into Member_of values ( 348 , 2267);
insert into Groups values ( 2267 , 'Competitive Pricing for Online Retail', 0);
insert into Employer values ( 1503 , 'CVS Health');
insert into Experience values ( 348 , 1503, '2014-09-01', '2014-12-15');
insert into Employer values ( 1503 , 'CVS Health');
insert into Experience values ( 348 , 1503, '2009-07-01', '2014-09-05');
insert into Employer values ( 1503 , 'CVS Health');
insert into Experience values ( 348 , 1503, '2007-05-01', '2009-07-02');
insert into Employer values ( 1504 , 'Brooks Eckerd Pharmacy');
insert into Experience values ( 348 , 1504, '2006-01-01', '');
insert into Employer values ( 616 , 'Bank of America');
insert into Experience values ( 348 , 616, '2005-08-01', '2006-01-06');
insert into Employer values ( 1503 , 'CVS Health');
insert into Experience values ( 348 , 1503, '2000-01-01', '2005-08-05');

insert into User values ( 349 , 'Art' , 'Marandola', 500, 0, 'Retail');
insert into Education values ( 349 , 506 , 251 , 'BA', '1965 – 1970', '1965 – 1970');
insert into University values ( 506 , 'Providence College');
insert into Has_skill values ( 349 , 1974, 0);
insert into Skill values ( 1974 , 'Planograms');
insert into Has_skill values ( 349 , 476, 0);
insert into Skill values ( 476 , 'Merchandising');
insert into Has_skill values ( 349 , 1981, 0);
insert into Skill values ( 1981 , 'IRI');
insert into Has_skill values ( 349 , 382, 0);
insert into Skill values ( 382 , 'Product Development');
insert into Has_skill values ( 349 , 1812, 0);
insert into Skill values ( 1812 , 'Retail Category...');
insert into Has_skill values ( 349 , 1736, 0);
insert into Skill values ( 1736 , 'Consumer Products');
insert into Has_skill values ( 349 , 495, 0);
insert into Skill values ( 495 , 'Marketing Strategy');
insert into Has_skill values ( 349 , 641, 0);
insert into Skill values ( 641 , 'Categorization');
insert into Has_skill values ( 349 , 1978, 0);
insert into Skill values ( 1978 , 'Grocery');
insert into Has_skill values ( 349 , 465, 0);
insert into Skill values ( 465 , 'Retail');
insert into Has_skill values ( 349 , 1989, 0);
insert into Skill values ( 1989 , 'Shopper Marketing');
insert into Has_skill values ( 349 , 477, 0);
insert into Skill values ( 477 , 'Market Research');
insert into Has_skill values ( 349 , 1764, 0);
insert into Skill values ( 1764 , 'Profit');
insert into Has_skill values ( 349 , 488, 0);
insert into Skill values ( 488 , 'Inventory Management');
insert into Has_skill values ( 349 , 1763, 0);
insert into Skill values ( 1763 , 'Income Statement');
insert into Has_skill values ( 349 , 772, 0);
insert into Skill values ( 772 , 'P&L Management');
insert into Has_skill values ( 349 , 417, 0);
insert into Skill values ( 417 , 'Management');
insert into Has_skill values ( 349 , 1814, 0);
insert into Skill values ( 1814 , 'Visual Merchandising');
insert into Has_skill values ( 349 , 1048, 0);
insert into Skill values ( 1048 , 'Pricing');
insert into Has_skill values ( 349 , 1747, 0);
insert into Skill values ( 1747 , 'Customer Insight');
insert into Has_skill values ( 349 , 480, 0);
insert into Skill values ( 480 , 'Sales Management');
insert into Has_skill values ( 349 , 466, 0);
insert into Skill values ( 466 , 'Sales');
insert into Has_skill values ( 349 , 489, 0);
insert into Skill values ( 489 , 'Forecasting');
insert into Has_skill values ( 349 , 378, 0);
insert into Skill values ( 378 , 'Cross-functional Team...');
insert into Has_skill values ( 349 , 468, 0);
insert into Skill values ( 468 , 'Market Planning');
insert into Has_skill values ( 349 , 384, 0);
insert into Skill values ( 384 , 'Competitive Analysis');
insert into Has_skill values ( 349 , 1979, 0);
insert into Skill values ( 1979 , 'CPFR');
insert into Has_skill values ( 349 , 474, 0);
insert into Skill values ( 474 , 'FMCG');
insert into Has_skill values ( 349 , 1975, 0);
insert into Skill values ( 1975 , 'Assortment');
insert into Has_skill values ( 349 , 469, 0);
insert into Skill values ( 469 , 'Sales Operations');
insert into Has_skill values ( 349 , 1970, 0);
insert into Skill values ( 1970 , 'Store Management');
insert into Has_skill values ( 349 , 1745, 0);
insert into Skill values ( 1745 , 'Pricing Strategy');
insert into Has_skill values ( 349 , 485, 0);
insert into Skill values ( 485 , 'Brand Management');
insert into Has_skill values ( 349 , 1977, 0);
insert into Skill values ( 1977 , 'Inventory Control');
insert into Has_skill values ( 349 , 1760, 0);
insert into Skill values ( 1760 , 'P&L');
insert into Member_of values ( 349 , 2224);
insert into Groups values ( 2224 , 'CPG Supergroup! - Consumer Packaged Goods Professionals', 0);
insert into Member_of values ( 349 , 2268);
insert into Groups values ( 2268 , 'NovaMin Technology, Inc.', 0);
insert into Member_of values ( 349 , 2232);
insert into Groups values ( 2232 , 'CVS/caremark', 0);
insert into Employer values ( 1495 , 'CVS/Caremark');
insert into Experience values ( 349 , 1495, '1995-01-01', '2014-04-19');
insert into Employer values ( 1495 , 'CVS/Caremark');
insert into Experience values ( 349 , 1495, '1980-01-01', '1995-01-15');
insert into Employer values ( 1505 , 'CVS Caremark');
insert into Experience values ( 349 , 1505, '1975-10-01', '1980-01-04');

insert into User values ( 350 , 'Sherry' , 'Saffert', 500, 0, 'Retail');
insert into Education values ( 350 , 373 , 209 , 'Bachelor of Business Administration (B.B.A.)', '1982 – 1985', '1982 – 1985');
insert into University values ( 373 , 'University of Wisconsin-Eau Claire');
insert into Has_skill values ( 350 , 762, 0);
insert into Skill values ( 762 , 'Cosmetics');
insert into Has_skill values ( 350 , 1395, 0);
insert into Skill values ( 1395 , 'Skin Care');
insert into Has_skill values ( 350 , 1824, 0);
insert into Skill values ( 1824 , 'Hair Care');
insert into Has_skill values ( 350 , 476, 0);
insert into Skill values ( 476 , 'Merchandising');
insert into Has_skill values ( 350 , 465, 0);
insert into Skill values ( 465 , 'Retail');
insert into Has_skill values ( 350 , 1814, 0);
insert into Skill values ( 1814 , 'Visual Merchandising');
insert into Has_skill values ( 350 , 1736, 0);
insert into Skill values ( 1736 , 'Consumer Products');
insert into Has_skill values ( 350 , 1747, 0);
insert into Skill values ( 1747 , 'Customer Insight');
insert into Has_skill values ( 350 , 488, 0);
insert into Skill values ( 488 , 'Inventory Management');
insert into Has_skill values ( 350 , 1989, 0);
insert into Skill values ( 1989 , 'Shopper Marketing');
insert into Has_skill values ( 350 , 1974, 0);
insert into Skill values ( 1974 , 'Planograms');
insert into Has_skill values ( 350 , 1975, 0);
insert into Skill values ( 1975 , 'Assortment');
insert into Has_skill values ( 350 , 378, 0);
insert into Skill values ( 378 , 'Cross-functional Team...');
insert into Has_skill values ( 350 , 489, 0);
insert into Skill values ( 489 , 'Forecasting');
insert into Has_skill values ( 350 , 474, 0);
insert into Skill values ( 474 , 'FMCG');
insert into Has_skill values ( 350 , 485, 0);
insert into Skill values ( 485 , 'Brand Management');
insert into Has_skill values ( 350 , 1048, 0);
insert into Skill values ( 1048 , 'Pricing');
insert into Has_skill values ( 350 , 1970, 0);
insert into Skill values ( 1970 , 'Store Management');
insert into Has_skill values ( 350 , 466, 0);
insert into Skill values ( 466 , 'Sales');
insert into Has_skill values ( 350 , 417, 0);
insert into Skill values ( 417 , 'Management');
insert into Has_skill values ( 350 , 772, 0);
insert into Skill values ( 772 , 'P&L Management');
insert into Has_skill values ( 350 , 1823, 0);
insert into Skill values ( 1823 , 'Beauty Industry');
insert into Has_skill values ( 350 , 1722, 0);
insert into Skill values ( 1722 , 'Global Sourcing');
insert into Has_skill values ( 350 , 755, 0);
insert into Skill values ( 755 , 'Brand Development');
insert into Has_skill values ( 350 , 495, 0);
insert into Skill values ( 495 , 'Marketing Strategy');
insert into Has_skill values ( 350 , 1978, 0);
insert into Skill values ( 1978 , 'Grocery');
insert into Has_skill values ( 350 , 382, 0);
insert into Skill values ( 382 , 'Product Development');
insert into Has_skill values ( 350 , 469, 0);
insert into Skill values ( 469 , 'Sales Operations');
insert into Has_skill values ( 350 , 892, 0);
insert into Skill values ( 892 , 'Product Launch');
insert into Has_skill values ( 350 , 641, 0);
insert into Skill values ( 641 , 'Categorization');
insert into Has_skill values ( 350 , 1763, 0);
insert into Skill values ( 1763 , 'Income Statement');
insert into Has_skill values ( 350 , 470, 0);
insert into Skill values ( 470 , 'Marketing Management');
insert into Has_skill values ( 350 , 1979, 0);
insert into Skill values ( 1979 , 'CPFR');
insert into Has_skill values ( 350 , 1764, 0);
insert into Skill values ( 1764 , 'Profit');
insert into Has_skill values ( 350 , 423, 0);
insert into Skill values ( 423 , 'Leadership');
insert into Has_skill values ( 350 , 468, 0);
insert into Skill values ( 468 , 'Market Planning');
insert into Has_skill values ( 350 , 384, 0);
insert into Skill values ( 384 , 'Competitive Analysis');
insert into Has_skill values ( 350 , 1809, 0);
insert into Skill values ( 1809 , 'Fragrance');
insert into Has_skill values ( 350 , 1745, 0);
insert into Skill values ( 1745 , 'Pricing Strategy');
insert into Has_skill values ( 350 , 484, 0);
insert into Skill values ( 484 , 'Key Account Development');
insert into Has_skill values ( 350 , 1812, 0);
insert into Skill values ( 1812 , 'Retail Category...');
insert into Has_skill values ( 350 , 1976, 0);
insert into Skill values ( 1976 , 'Private Label');
insert into Has_skill values ( 350 , 650, 0);
insert into Skill values ( 650 , 'Negotiation');
insert into Has_skill values ( 350 , 475, 0);
insert into Skill values ( 475 , 'Market Analysis');
insert into Has_skill values ( 350 , 1977, 0);
insert into Skill values ( 1977 , 'Inventory Control');
insert into Has_skill values ( 350 , 1802, 0);
insert into Skill values ( 1802 , 'Personal Care');
insert into Has_skill values ( 350 , 1740, 0);
insert into Skill values ( 1740 , 'Segmentation');
insert into Has_skill values ( 350 , 492, 0);
insert into Skill values ( 492 , 'Product Marketing');
insert into Has_skill values ( 350 , 483, 0);
insert into Skill values ( 483 , 'Trade Marketing');
insert into Has_skill values ( 350 , 1990, 0);
insert into Skill values ( 1990 , 'Retail Marketing');
insert into Member_of values ( 350 , 1760);
insert into Groups values ( 1760 , 'LUXURY, FASHION, BEAUTY: the network for your job opportunities', 0);
insert into Member_of values ( 350 , 1718);
insert into Groups values ( 1718 , 'Careers In Cosmetics', 0);
insert into Member_of values ( 350 , 2269);
insert into Groups values ( 2269 , 'Retailing Today', 0);
insert into Member_of values ( 350 , 1641);
insert into Groups values ( 1641 , 'Retail Industry Professionals Group', 0);
insert into Member_of values ( 350 , 1181);
insert into Groups values ( 1181 , 'Cosmetics and Beauty Network', 0);
insert into Member_of values ( 350 , 1611);
insert into Groups values ( 1611 , 'CONSUMER GOODS & RETAIL PROFESSIONALS', 0);
insert into Member_of values ( 350 , 2224);
insert into Groups values ( 2224 , 'CPG Supergroup! - Consumer Packaged Goods Professionals', 0);
insert into Member_of values ( 350 , 1768);
insert into Groups values ( 1768 , 'Cosmetics and Personal Care Industry', 0);
insert into Member_of values ( 350 , 2229);
insert into Groups values ( 2229 , 'RETAIL EXECS', 0);
insert into Member_of values ( 350 , 2232);
insert into Groups values ( 2232 , 'CVS/caremark', 0);
insert into Member_of values ( 350 , 1617);
insert into Groups values ( 1617 , 'Executive Suite', 0);
insert into Member_of values ( 350 , 2270);
insert into Groups values ( 2270 , 'BEAϋTY News Wire', 0);
insert into Employer values ( 1506 , 'CVS Pharmacy');
insert into Experience values ( 350 , 1506, '2007-11-01', '2014-12-15');
insert into Employer values ( 1507 , 'CVS/Pharmacy');
insert into Experience values ( 350 , 1507, '2002-08-01', '2007-11-05');
insert into Employer values ( 1508 , 'Kmart');
insert into Experience values ( 350 , 1508, '1985-06-01', '2002-07-17');

insert into User values ( 351 , 'David' , 'Henriksen', 434, 0, 'Retail');
insert into Education values ( 351 , 507 , 251 , 'BA', '1977 – 1982', '1977 – 1982');
insert into University values ( 507 , 'Northeastern University');
insert into Has_skill values ( 351 , 1983, 0);
insert into Skill values ( 1983 , 'P');
insert into Has_skill values ( 351 , 1974, 0);
insert into Skill values ( 1974 , 'Planograms');
insert into Has_skill values ( 351 , 488, 0);
insert into Skill values ( 488 , 'Inventory Management');
insert into Has_skill values ( 351 , 476, 0);
insert into Skill values ( 476 , 'Merchandising');
insert into Has_skill values ( 351 , 1977, 0);
insert into Skill values ( 1977 , 'Inventory Control');
insert into Has_skill values ( 351 , 1048, 0);
insert into Skill values ( 1048 , 'Pricing');
insert into Has_skill values ( 351 , 772, 0);
insert into Skill values ( 772 , 'P&L Management');
insert into Has_skill values ( 351 , 466, 0);
insert into Skill values ( 466 , 'Sales');
insert into Has_skill values ( 351 , 820, 0);
insert into Skill values ( 820 , 'Supply Chain');
insert into Has_skill values ( 351 , 1764, 0);
insert into Skill values ( 1764 , 'Profit');
insert into Has_skill values ( 351 , 1976, 0);
insert into Skill values ( 1976 , 'Private Label');
insert into Has_skill values ( 351 , 1736, 0);
insert into Skill values ( 1736 , 'Consumer Products');
insert into Has_skill values ( 351 , 641, 0);
insert into Skill values ( 641 , 'Categorization');
insert into Has_skill values ( 351 , 465, 0);
insert into Skill values ( 465 , 'Retail');
insert into Has_skill values ( 351 , 1978, 0);
insert into Skill values ( 1978 , 'Grocery');
insert into Has_skill values ( 351 , 1722, 0);
insert into Skill values ( 1722 , 'Global Sourcing');
insert into Has_skill values ( 351 , 495, 0);
insert into Skill values ( 495 , 'Marketing Strategy');
insert into Has_skill values ( 351 , 382, 0);
insert into Skill values ( 382 , 'Product Development');
insert into Has_skill values ( 351 , 489, 0);
insert into Skill values ( 489 , 'Forecasting');
insert into Has_skill values ( 351 , 1378, 0);
insert into Skill values ( 1378 , 'Purchasing');
insert into Has_skill values ( 351 , 384, 0);
insert into Skill values ( 384 , 'Competitive Analysis');
insert into Has_skill values ( 351 , 1814, 0);
insert into Skill values ( 1814 , 'Visual Merchandising');
insert into Has_skill values ( 351 , 1970, 0);
insert into Skill values ( 1970 , 'Store Management');
insert into Has_skill values ( 351 , 1763, 0);
insert into Skill values ( 1763 , 'Income Statement');
insert into Has_skill values ( 351 , 1991, 0);
insert into Skill values ( 1991 , 'Merchandise Planning');
insert into Has_skill values ( 351 , 1199, 0);
insert into Skill values ( 1199 , 'Retail Sales');
insert into Has_skill values ( 351 , 378, 0);
insert into Skill values ( 378 , 'Cross-functional Team...');
insert into Has_skill values ( 351 , 1979, 0);
insert into Skill values ( 1979 , 'CPFR');
insert into Has_skill values ( 351 , 1975, 0);
insert into Skill values ( 1975 , 'Assortment');
insert into Has_skill values ( 351 , 1747, 0);
insert into Skill values ( 1747 , 'Customer Insight');
insert into Has_skill values ( 351 , 1988, 0);
insert into Skill values ( 1988 , 'Loss Prevention');
insert into Has_skill values ( 351 , 468, 0);
insert into Skill values ( 468 , 'Market Planning');
insert into Has_skill values ( 351 , 1812, 0);
insert into Skill values ( 1812 , 'Retail Category...');
insert into Has_skill values ( 351 , 469, 0);
insert into Skill values ( 469 , 'Sales Operations');
insert into Has_skill values ( 351 , 1989, 0);
insert into Skill values ( 1989 , 'Shopper Marketing');
insert into Has_skill values ( 351 , 1985, 0);
insert into Skill values ( 1985 , 'Store Operations');
insert into Has_skill values ( 351 , 485, 0);
insert into Skill values ( 485 , 'Brand Management');
insert into Has_skill values ( 351 , 1986, 0);
insert into Skill values ( 1986 , 'JDA');
insert into Has_skill values ( 351 , 1745, 0);
insert into Skill values ( 1745 , 'Pricing Strategy');
insert into Has_skill values ( 351 , 474, 0);
insert into Skill values ( 474 , 'FMCG');
insert into Member_of values ( 351 , 2271);
insert into Groups values ( 2271 , 'Northeastern University College of Business Alumni', 0);
insert into Member_of values ( 351 , 2272);
insert into Groups values ( 2272 , 'Zayre Alumni', 0);
insert into Member_of values ( 351 , 2273);
insert into Groups values ( 2273 , 'CVS Caremark Alumni', 0);
insert into Member_of values ( 351 , 2232);
insert into Groups values ( 2232 , 'CVS/caremark', 0);
insert into Member_of values ( 351 , 2229);
insert into Groups values ( 2229 , 'RETAIL EXECS', 0);
insert into Member_of values ( 351 , 2274);
insert into Groups values ( 2274 , 'Bradlees Alumni', 0);
insert into Member_of values ( 351 , 2224);
insert into Groups values ( 2224 , 'CPG Supergroup! - Consumer Packaged Goods Professionals', 0);
insert into Member_of values ( 351 , 2249);
insert into Groups values ( 2249 , 'Drug Store News', 0);
insert into Employer values ( 1503 , 'CVS Health');
insert into Experience values ( 351 , 1503, '2001-08-01', '2014-12-13');
insert into Employer values ( 1500 , 'Bradlees');
insert into Experience values ( 351 , 1500, '1989-04-01', '2001-01-11');
insert into Employer values ( 1509 , 'Zayre');
insert into Experience values ( 351 , 1509, '1986-01-01', '1989-02-03');
insert into Employer values ( 1496 , 'CVS Caremark Corporation');
insert into Experience values ( 351 , 1496, '1984-01-01', '');

insert into User values ( 352 , 'Kimberly' , 'OConnor', 500, 0, 'Retail');
insert into Education values ( 352 , 508 , 251 , 'BA', '1987 – 1991', '1987 – 1991');
insert into University values ( 508 , 'Rhode Island College');
insert into Has_skill values ( 352 , 488, 0);
insert into Skill values ( 488 , 'Inventory Management');
insert into Has_skill values ( 352 , 378, 0);
insert into Skill values ( 378 , 'Cross-functional Team...');
insert into Has_skill values ( 352 , 476, 0);
insert into Skill values ( 476 , 'Merchandising');
insert into Has_skill values ( 352 , 772, 0);
insert into Skill values ( 772 , 'P&L Management');
insert into Has_skill values ( 352 , 417, 0);
insert into Skill values ( 417 , 'Management');
insert into Has_skill values ( 352 , 1763, 0);
insert into Skill values ( 1763 , 'Income Statement');
insert into Has_skill values ( 352 , 489, 0);
insert into Skill values ( 489 , 'Forecasting');
insert into Has_skill values ( 352 , 382, 0);
insert into Skill values ( 382 , 'Product Development');
insert into Has_skill values ( 352 , 465, 0);
insert into Skill values ( 465 , 'Retail');
insert into Has_skill values ( 352 , 381, 0);
insert into Skill values ( 381 , 'Strategic Planning');
insert into Has_skill values ( 352 , 1736, 0);
insert into Skill values ( 1736 , 'Consumer Products');
insert into Has_skill values ( 352 , 1048, 0);
insert into Skill values ( 1048 , 'Pricing');
insert into Has_skill values ( 352 , 1977, 0);
insert into Skill values ( 1977 , 'Inventory Control');
insert into Has_skill values ( 352 , 775, 0);
insert into Skill values ( 775 , 'Team Building');
insert into Has_skill values ( 352 , 1814, 0);
insert into Skill values ( 1814 , 'Visual Merchandising');
insert into Has_skill values ( 352 , 1974, 0);
insert into Skill values ( 1974 , 'Planograms');
insert into Has_skill values ( 352 , 1970, 0);
insert into Skill values ( 1970 , 'Store Management');
insert into Has_skill values ( 352 , 1764, 0);
insert into Skill values ( 1764 , 'Profit');
insert into Has_skill values ( 352 , 1979, 0);
insert into Skill values ( 1979 , 'CPFR');
insert into Has_skill values ( 352 , 384, 0);
insert into Skill values ( 384 , 'Competitive Analysis');
insert into Has_skill values ( 352 , 1975, 0);
insert into Skill values ( 1975 , 'Assortment');
insert into Has_skill values ( 352 , 466, 0);
insert into Skill values ( 466 , 'Sales');
insert into Has_skill values ( 352 , 468, 0);
insert into Skill values ( 468 , 'Market Planning');
insert into Has_skill values ( 352 , 820, 0);
insert into Skill values ( 820 , 'Supply Chain');
insert into Has_skill values ( 352 , 1985, 0);
insert into Skill values ( 1985 , 'Store Operations');
insert into Has_skill values ( 352 , 1812, 0);
insert into Skill values ( 1812 , 'Retail Category...');
insert into Has_skill values ( 352 , 828, 0);
insert into Skill values ( 828 , 'Supply Chain Management');
insert into Has_skill values ( 352 , 781, 0);
insert into Skill values ( 781 , 'Operations Management');
insert into Has_skill values ( 352 , 1649, 0);
insert into Skill values ( 1649 , 'Sourcing');
insert into Has_skill values ( 352 , 1199, 0);
insert into Skill values ( 1199 , 'Retail Sales');
insert into Has_skill values ( 352 , 1663, 0);
insert into Skill values ( 1663 , 'Hiring');
insert into Has_skill values ( 352 , 424, 0);
insert into Skill values ( 424 , 'Budgets');
insert into Has_skill values ( 352 , 495, 0);
insert into Skill values ( 495 , 'Marketing Strategy');
insert into Has_skill values ( 352 , 1991, 0);
insert into Skill values ( 1991 , 'Merchandise Planning');
insert into Has_skill values ( 352 , 427, 0);
insert into Skill values ( 427 , 'Customer Service');
insert into Has_skill values ( 352 , 1978, 0);
insert into Skill values ( 1978 , 'Grocery');
insert into Has_skill values ( 352 , 1988, 0);
insert into Skill values ( 1988 , 'Loss Prevention');
insert into Has_skill values ( 352 , 1983, 0);
insert into Skill values ( 1983 , 'P');
insert into Has_skill values ( 352 , 1378, 0);
insert into Skill values ( 1378 , 'Purchasing');
insert into Has_skill values ( 352 , 469, 0);
insert into Skill values ( 469 , 'Sales Operations');
insert into Member_of values ( 352 , 2249);
insert into Groups values ( 2249 , 'Drug Store News', 0);
insert into Member_of values ( 352 , 2275);
insert into Groups values ( 2275 , 'Rhode Island College Alumni Association', 0);
insert into Member_of values ( 352 , 2273);
insert into Groups values ( 2273 , 'CVS Caremark Alumni', 0);
insert into Member_of values ( 352 , 2276);
insert into Groups values ( 2276 , 'Category Management Learning Forum', 0);
insert into Member_of values ( 352 , 2277);
insert into Groups values ( 2277 , 'The Shopper Intelligence Group', 0);
insert into Employer values ( 1510 , 'MK Marketing');
insert into Experience values ( 352 , 1510, '2014-07-01', '2014-12-15');
insert into Employer values ( 1505 , 'CVS Caremark');
insert into Experience values ( 352 , 1505, '2011-06-01', '2014-05-03');
insert into Employer values ( 1505 , 'CVS Caremark');
insert into Experience values ( 352 , 1505, '2007-08-01', '2011-06-03');
insert into Employer values ( 1505 , 'CVS Caremark');
insert into Experience values ( 352 , 1505, '2004-09-01', '2007-08-03');
insert into Employer values ( 1496 , 'CVS Caremark Corporation');
insert into Experience values ( 352 , 1496, '1997-01-01', '');
insert into Employer values ( 1496 , 'CVS Caremark Corporation');
insert into Experience values ( 352 , 1496, '1997-01-01', '');

insert into User values ( 353 , 'Mike' , 'Glennon', 500, 0, 'Retail');
insert into Education values ( 353 , 509 , 304 , 'Bachelor of Science', '2001 – 2005', '2001 – 2005');
insert into University values ( 509 , 'University of Massachusetts, Amherst');
insert into Education values ( 353 , 510 , 202 , '', '2000 – 2001', '2000 – 2001');
insert into University values ( 510 , 'Culinary Institute of America');
insert into Has_skill values ( 353 , 1812, 0);
insert into Skill values ( 1812 , 'Retail Category...');
insert into Has_skill values ( 353 , 1992, 0);
insert into Skill values ( 1992 , 'Category Insights');
insert into Has_skill values ( 353 , 488, 0);
insert into Skill values ( 488 , 'Inventory Management');
insert into Has_skill values ( 353 , 1814, 0);
insert into Skill values ( 1814 , 'Visual Merchandising');
insert into Has_skill values ( 353 , 1861, 0);
insert into Skill values ( 1861 , 'Full P&L Responsibility');
insert into Has_skill values ( 353 , 1993, 0);
insert into Skill values ( 1993 , 'Promotional Planning');
insert into Has_skill values ( 353 , 663, 0);
insert into Skill values ( 663 , 'Contract Negotiation');
insert into Has_skill values ( 353 , 1994, 0);
insert into Skill values ( 1994 , 'Vendor Relationships');
insert into Has_skill values ( 353 , 1995, 0);
insert into Skill values ( 1995 , 'Market Share Analysis');
insert into Has_skill values ( 353 , 1996, 0);
insert into Skill values ( 1996 , 'IRI data');
insert into Has_skill values ( 353 , 1997, 0);
insert into Skill values ( 1997 , 'Nielsen Data');
insert into Has_skill values ( 353 , 1998, 0);
insert into Skill values ( 1998 , 'New Item Development');
insert into Has_skill values ( 353 , 476, 0);
insert into Skill values ( 476 , 'Merchandising');
insert into Has_skill values ( 353 , 465, 0);
insert into Skill values ( 465 , 'Retail');
insert into Has_skill values ( 353 , 1976, 0);
insert into Skill values ( 1976 , 'Private Label');
insert into Has_skill values ( 353 , 1999, 0);
insert into Skill values ( 1999 , 'Promotions');
insert into Has_skill values ( 353 , 772, 0);
insert into Skill values ( 772 , 'P&L Management');
insert into Has_skill values ( 353 , 489, 0);
insert into Skill values ( 489 , 'Forecasting');
insert into Has_skill values ( 353 , 1975, 0);
insert into Skill values ( 1975 , 'Assortment');
insert into Has_skill values ( 353 , 1764, 0);
insert into Skill values ( 1764 , 'Profit');
insert into Has_skill values ( 353 , 1978, 0);
insert into Skill values ( 1978 , 'Grocery');
insert into Has_skill values ( 353 , 1974, 0);
insert into Skill values ( 1974 , 'Planograms');
insert into Has_skill values ( 353 , 466, 0);
insert into Skill values ( 466 , 'Sales');
insert into Has_skill values ( 353 , 1736, 0);
insert into Skill values ( 1736 , 'Consumer Products');
insert into Has_skill values ( 353 , 1989, 0);
insert into Skill values ( 1989 , 'Shopper Marketing');
insert into Has_skill values ( 353 , 1981, 0);
insert into Skill values ( 1981 , 'IRI');
insert into Has_skill values ( 353 , 1990, 0);
insert into Skill values ( 1990 , 'Retail Marketing');
insert into Has_skill values ( 353 , 1048, 0);
insert into Skill values ( 1048 , 'Pricing');
insert into Has_skill values ( 353 , 1977, 0);
insert into Skill values ( 1977 , 'Inventory Control');
insert into Has_skill values ( 353 , 384, 0);
insert into Skill values ( 384 , 'Competitive Analysis');
insert into Has_skill values ( 353 , 486, 0);
insert into Skill values ( 486 , 'AC Nielsen');
insert into Has_skill values ( 353 , 845, 0);
insert into Skill values ( 845 , 'POS');
insert into Has_skill values ( 353 , 1740, 0);
insert into Skill values ( 1740 , 'Segmentation');
insert into Has_skill values ( 353 , 1987, 0);
insert into Skill values ( 1987 , 'Driving Results');
insert into Has_skill values ( 353 , 492, 0);
insert into Skill values ( 492 , 'Product Marketing');
insert into Has_skill values ( 353 , 2000, 0);
insert into Skill values ( 2000 , 'Spectra');
insert into Has_skill values ( 353 , 1199, 0);
insert into Skill values ( 1199 , 'Retail Sales');
insert into Has_skill values ( 353 , 1991, 0);
insert into Skill values ( 1991 , 'Merchandise Planning');
insert into Has_skill values ( 353 , 1763, 0);
insert into Skill values ( 1763 , 'Income Statement');
insert into Has_skill values ( 353 , 417, 0);
insert into Skill values ( 417 , 'Management');
insert into Has_skill values ( 353 , 494, 0);
insert into Skill values ( 494 , 'Strategy');
insert into Has_skill values ( 353 , 1970, 0);
insert into Skill values ( 1970 , 'Store Management');
insert into Has_skill values ( 353 , 1986, 0);
insert into Skill values ( 1986 , 'JDA');
insert into Has_skill values ( 353 , 1979, 0);
insert into Skill values ( 1979 , 'CPFR');
insert into Has_skill values ( 353 , 1747, 0);
insert into Skill values ( 1747 , 'Customer Insight');
insert into Has_skill values ( 353 , 1745, 0);
insert into Skill values ( 1745 , 'Pricing Strategy');
insert into Has_skill values ( 353 , 469, 0);
insert into Skill values ( 469 , 'Sales Operations');
insert into Has_skill values ( 353 , 468, 0);
insert into Skill values ( 468 , 'Market Planning');
insert into Has_skill values ( 353 , 484, 0);
insert into Skill values ( 484 , 'Key Account Development');
insert into Has_skill values ( 353 , 485, 0);
insert into Skill values ( 485 , 'Brand Management');
insert into Member_of values ( 353 , 1688);
insert into Groups values ( 1688 , 'Procurement - Indirect or Non Core spend', 0);
insert into Member_of values ( 353 , 2224);
insert into Groups values ( 2224 , 'CPG Supergroup! - Consumer Packaged Goods Professionals', 0);
insert into Member_of values ( 353 , 2264);
insert into Groups values ( 2264 , 'Category Management Association (CMA)', 0);
insert into Member_of values ( 353 , 2278);
insert into Groups values ( 2278 , 'Grocery Executive Network', 0);
insert into Member_of values ( 353 , 1474);
insert into Groups values ( 1474 , 'Procurement Jobs (#1 in job leads, career, recruitment & headhunting)', 0);
insert into Member_of values ( 353 , 2232);
insert into Groups values ( 2232 , 'CVS/caremark', 0);
insert into Member_of values ( 353 , 2225);
insert into Groups values ( 2225 , 'Category Management & Shopper Marketing Leaders', 0);
insert into Member_of values ( 353 , 1641);
insert into Groups values ( 1641 , 'Retail Industry Professionals Group', 0);
insert into Member_of values ( 353 , 2249);
insert into Groups values ( 2249 , 'Drug Store News', 0);
insert into Member_of values ( 353 , 2279);
insert into Groups values ( 2279 , 'Merchandising & Category Management Optimization', 0);
insert into Member_of values ( 353 , 2226);
insert into Groups values ( 2226 , 'Shopper Insights in Action Group', 0);
insert into Member_of values ( 353 , 2280);
insert into Groups values ( 2280 , 'CPGpeople', 0);
insert into Member_of values ( 353 , 2281);
insert into Groups values ( 2281 , 'Catman Jobs.com', 0);
insert into Member_of values ( 353 , 2282);
insert into Groups values ( 2282 , 'UMass Resource Economics Department Network', 0);
insert into Member_of values ( 353 , 2230);
insert into Groups values ( 2230 , 'Supermarket News', 0);
insert into Member_of values ( 353 , 2283);
insert into Groups values ( 2283 , 'The 7 Habits of Highly Effective Category Managers', 0);
insert into Member_of values ( 353 , 2284);
insert into Groups values ( 2284 , 'Retail Jobs', 0);
insert into Member_of values ( 353 , 1740);
insert into Groups values ( 1740 , 'Natural skin Care Products', 0);
insert into Member_of values ( 353 , 2285);
insert into Groups values ( 2285 , 'University of Massachusetts (UMass) Amherst Alumni', 0);
insert into Member_of values ( 353 , 1611);
insert into Groups values ( 1611 , 'CONSUMER GOODS & RETAIL PROFESSIONALS', 0);
insert into Member_of values ( 353 , 1478);
insert into Groups values ( 1478 , 'Procurement Professionals (#1 supply chain & sourcing group) Business. Networking. Jobs.', 0);
insert into Member_of values ( 353 , 2286);
insert into Groups values ( 2286 , 'Ahold alumni', 0);
insert into Member_of values ( 353 , 2229);
insert into Groups values ( 2229 , 'RETAIL EXECS', 0);
insert into Member_of values ( 353 , 2233);
insert into Groups values ( 2233 , 'The Category Management and Shopper Insights Connection Group', 0);
insert into Member_of values ( 353 , 2257);
insert into Groups values ( 2257 , 'ALLRETAIL retail executive network', 0);
insert into Member_of values ( 353 , 2276);
insert into Groups values ( 2276 , 'Category Management Learning Forum', 0);
insert into Member_of values ( 353 , 2287);
insert into Groups values ( 2287 , 'Skin Care& Hair Care - (Suppliers / Buyers)', 0);
insert into Member_of values ( 353 , 2288);
insert into Groups values ( 2288 , 'Category Management Jobs', 0);
insert into Member_of values ( 353 , 2235);
insert into Groups values ( 2235 , 'Retail Category Managers/District Manager', 0);
insert into Member_of values ( 353 , 2253);
insert into Groups values ( 2253 , 'ECRM- Celebrating 20 Years in 2014', 0);
insert into Employer values ( 1496 , 'CVS Caremark Corporation');
insert into Experience values ( 353 , 1496, '2014-01-01', '');
insert into Employer values ( 1496 , 'CVS Caremark Corporation');
insert into Experience values ( 353 , 1496, '2012-11-01', '2014-01-01');
insert into Employer values ( 1496 , 'CVS Caremark Corporation');
insert into Experience values ( 353 , 1496, '2011-05-01', '2012-11-01');
insert into Employer values ( 1496 , 'CVS Caremark Corporation');
insert into Experience values ( 353 , 1496, '2011-03-01', '2011-05-03');
insert into Employer values ( 1499 , 'Stop & Shop');
insert into Experience values ( 353 , 1499, '2008-12-01', '2011-03-02');
insert into Employer values ( 1499 , 'Stop & Shop');
insert into Experience values ( 353 , 1499, '2007-12-01', '2008-12-01');
insert into Employer values ( 1511 , 'Ingram Entertainment');
insert into Experience values ( 353 , 1511, '2007-02-01', '2007-11-10');
insert into Employer values ( 1512 , 'Meadowbrook Insurance Group');
insert into Experience values ( 353 , 1512, '2006-03-01', '2007-01-11');

insert into User values ( 354 , 'Alex' , 'Perez-Tenessa', 500, 0, 'Retail');
insert into Has_skill values ( 354 , 465, 0);
insert into Skill values ( 465 , 'Retail');
insert into Has_skill values ( 354 , 1812, 0);
insert into Skill values ( 1812 , 'Retail Category...');
insert into Has_skill values ( 354 , 476, 0);
insert into Skill values ( 476 , 'Merchandising');
insert into Has_skill values ( 354 , 1985, 0);
insert into Skill values ( 1985 , 'Store Operations');
insert into Has_skill values ( 354 , 2001, 0);
insert into Skill values ( 2001 , 'Assortment Optimization');
insert into Has_skill values ( 354 , 1999, 0);
insert into Skill values ( 1999 , 'Promotions');
insert into Has_skill values ( 354 , 1814, 0);
insert into Skill values ( 1814 , 'Visual Merchandising');
insert into Has_skill values ( 354 , 494, 0);
insert into Skill values ( 494 , 'Strategy');
insert into Has_skill values ( 354 , 1048, 0);
insert into Skill values ( 1048 , 'Pricing');
insert into Has_skill values ( 354 , 842, 0);
insert into Skill values ( 842 , 'Business Transformation');
insert into Has_skill values ( 354 , 347, 0);
insert into Skill values ( 347 , 'Business Strategy');
insert into Has_skill values ( 354 , 385, 0);
insert into Skill values ( 385 , 'Management Consulting');
insert into Has_skill values ( 354 , 1846, 0);
insert into Skill values ( 1846 , 'Strategic Consulting');
insert into Has_skill values ( 354 , 349, 0);
insert into Skill values ( 349 , 'Valuation');
insert into Has_skill values ( 354 , 369, 0);
insert into Skill values ( 369 , 'Mergers & Acquisitions');
insert into Has_skill values ( 354 , 384, 0);
insert into Skill values ( 384 , 'Competitive Analysis');
insert into Has_skill values ( 354 , 600, 0);
insert into Skill values ( 600 , 'Executive Management');
insert into Has_skill values ( 354 , 376, 0);
insert into Skill values ( 376 , 'Program Management');
insert into Has_skill values ( 354 , 1678, 0);
insert into Skill values ( 1678 , 'Organizational Design');
insert into Has_skill values ( 354 , 359, 0);
insert into Skill values ( 359 , 'Due Diligence');
insert into Has_skill values ( 354 , 388, 0);
insert into Skill values ( 388 , 'Investments');
insert into Has_skill values ( 354 , 346, 0);
insert into Skill values ( 346 , 'Financial Modeling');
insert into Has_skill values ( 354 , 622, 0);
insert into Skill values ( 622 , 'Venture Capital');
insert into Has_skill values ( 354 , 361, 0);
insert into Skill values ( 361 , 'Private Equity');
insert into Has_skill values ( 354 , 2002, 0);
insert into Skill values ( 2002 , 'Corporate Development');
insert into Has_skill values ( 354 , 352, 0);
insert into Skill values ( 352 , 'Marketing');
insert into Has_skill values ( 354 , 2003, 0);
insert into Skill values ( 2003 , 'Market Entry');
insert into Has_skill values ( 354 , 380, 0);
insert into Skill values ( 380 , 'Analytics');
insert into Has_skill values ( 354 , 491, 0);
insert into Skill values ( 491 , 'Business Planning');
insert into Has_skill values ( 354 , 417, 0);
insert into Skill values ( 417 , 'Management');
insert into Has_skill values ( 354 , 748, 0);
insert into Skill values ( 748 , 'Integrated Marketing');
insert into Has_skill values ( 354 , 396, 0);
insert into Skill values ( 396 , 'Entrepreneurship');
insert into Has_skill values ( 354 , 2004, 0);
insert into Skill values ( 2004 , 'M&A experience');
insert into Has_skill values ( 354 , 2005, 0);
insert into Skill values ( 2005 , 'Growth Strategies');
insert into Has_skill values ( 354 , 591, 0);
insert into Skill values ( 591 , 'Emerging Markets');
insert into Knows_language values ( 354 , 501);
insert into Languages values ( 501 , 'English');
insert into Knows_language values ( 354 , 503);
insert into Languages values ( 503 , 'Spanish');
insert into Knows_language values ( 354 , 509);
insert into Languages values ( 509 , 'French');
insert into Knows_language values ( 354 , 512);
insert into Languages values ( 512 , 'German');
insert into Knows_language values ( 354 , 532);
insert into Languages values ( 532 , 'Italian');

insert into User values ( 355 , 'Andrea' , 'Harrison', 500, 0, 'Retail');
insert into Education values ( 355 , 501 , 202 , '', '2006 – 2008', '2006 – 2008');
insert into University values ( 501 , 'Bryant University');
insert into Education values ( 355 , 511 , 202 , '', '1997 – 2001', '1997 – 2001');
insert into University values ( 511 , 'Boston College');
insert into Has_skill values ( 355 , 378, 0);
insert into Skill values ( 378 , 'Cross-functional Team...');
insert into Has_skill values ( 355 , 380, 0);
insert into Skill values ( 380 , 'Analytics');
insert into Has_skill values ( 355 , 465, 0);
insert into Skill values ( 465 , 'Retail');
insert into Has_skill values ( 355 , 384, 0);
insert into Skill values ( 384 , 'Competitive Analysis');
insert into Has_skill values ( 355 , 489, 0);
insert into Skill values ( 489 , 'Forecasting');
insert into Has_skill values ( 355 , 1747, 0);
insert into Skill values ( 1747 , 'Customer Insight');
insert into Has_skill values ( 355 , 381, 0);
insert into Skill values ( 381 , 'Strategic Planning');
insert into Has_skill values ( 355 , 476, 0);
insert into Skill values ( 476 , 'Merchandising');
insert into Has_skill values ( 355 , 477, 0);
insert into Skill values ( 477 , 'Market Research');
insert into Has_skill values ( 355 , 377, 0);
insert into Skill values ( 377 , 'Product Management');
insert into Has_skill values ( 355 , 383, 0);
insert into Skill values ( 383 , 'Business Analysis');
insert into Has_skill values ( 355 , 382, 0);
insert into Skill values ( 382 , 'Product Development');
insert into Has_skill values ( 355 , 776, 0);
insert into Skill values ( 776 , 'Vendor Management');
insert into Has_skill values ( 355 , 347, 0);
insert into Skill values ( 347 , 'Business Strategy');
insert into Has_skill values ( 355 , 495, 0);
insert into Skill values ( 495 , 'Marketing Strategy');
insert into Has_skill values ( 355 , 348, 0);
insert into Skill values ( 348 , 'Financial Analysis');
insert into Has_skill values ( 355 , 1736, 0);
insert into Skill values ( 1736 , 'Consumer Products');
insert into Has_skill values ( 355 , 775, 0);
insert into Skill values ( 775 , 'Team Building');
insert into Employer values ( 1503 , 'CVS Health');
insert into Experience values ( 355 , 1503, '2014-09-01', '2014-12-15');
insert into Employer values ( 1496 , 'CVS Caremark Corporation');
insert into Experience values ( 355 , 1496, '2013-03-01', '2014-09-01');
insert into Employer values ( 1496 , 'CVS Caremark Corporation');
insert into Experience values ( 355 , 1496, '2011-06-01', '2013-03-01');
insert into Employer values ( 1513 , 'Staples');
insert into Experience values ( 355 , 1513, '2010-12-01', '2011-07-08');
insert into Employer values ( 1505 , 'CVS Caremark');
insert into Experience values ( 355 , 1505, '2005-10-01', '2011-03-05');
insert into Employer values ( 1514 , 'Deloitte Consulting');
insert into Experience values ( 355 , 1514, '2004-08-01', '2005-10-01');
insert into Employer values ( 725 , 'Accenture');
insert into Experience values ( 355 , 725, '2001-08-01', '2004-08-03');

insert into User values ( 356 , 'Chitra' , 'Laxmanan', 500, 0, 'Retail');
insert into Education values ( 356 , 512 , 243 , 'MBA', '2009 – 2011', '2009 – 2011');
insert into University values ( 512 , 'University of California, Berkeley - Walter A. Haas School of Business');
insert into Education values ( 356 , 174 , 203 , 'BS', '2000 – 2004', '2000 – 2004');
insert into University values ( 174 , 'University of Michigan');
insert into Has_skill values ( 356 , 477, 0);
insert into Skill values ( 477 , 'Market Research');
insert into Has_skill values ( 356 , 382, 0);
insert into Skill values ( 382 , 'Product Development');
insert into Has_skill values ( 356 , 385, 0);
insert into Skill values ( 385 , 'Management Consulting');
insert into Has_skill values ( 356 , 347, 0);
insert into Skill values ( 347 , 'Business Strategy');
insert into Has_skill values ( 356 , 378, 0);
insert into Skill values ( 378 , 'Cross-functional Team...');
insert into Has_skill values ( 356 , 494, 0);
insert into Skill values ( 494 , 'Strategy');
insert into Has_skill values ( 356 , 377, 0);
insert into Skill values ( 377 , 'Product Management');
insert into Has_skill values ( 356 , 495, 0);
insert into Skill values ( 495 , 'Marketing Strategy');
insert into Has_skill values ( 356 , 384, 0);
insert into Skill values ( 384 , 'Competitive Analysis');
insert into Has_skill values ( 356 , 2006, 0);
insert into Skill values ( 2006 , 'Concept Development');
insert into Has_skill values ( 356 , 475, 0);
insert into Skill values ( 475 , 'Market Analysis');
insert into Has_skill values ( 356 , 1736, 0);
insert into Skill values ( 1736 , 'Consumer Products');
insert into Has_skill values ( 356 , 2007, 0);
insert into Skill values ( 2007 , 'Influence Without...');
insert into Has_skill values ( 356 , 1818, 0);
insert into Skill values ( 1818 , 'Consumer Insight');
insert into Has_skill values ( 356 , 1740, 0);
insert into Skill values ( 1740 , 'Segmentation');
insert into Has_skill values ( 356 , 430, 0);
insert into Skill values ( 430 , 'Team Leadership');
insert into Has_skill values ( 356 , 2008, 0);
insert into Skill values ( 2008 , 'People-oriented');
insert into Has_skill values ( 356 , 478, 0);
insert into Skill values ( 478 , 'Team Management');
insert into Has_skill values ( 356 , 673, 0);
insert into Skill values ( 673 , 'New Business Development');
insert into Has_skill values ( 356 , 2009, 0);
insert into Skill values ( 2009 , 'Research Project...');
insert into Has_skill values ( 356 , 2010, 0);
insert into Skill values ( 2010 , 'International Teams');
insert into Has_skill values ( 356 , 376, 0);
insert into Skill values ( 376 , 'Program Management');
insert into Has_skill values ( 356 , 2011, 0);
insert into Skill values ( 2011 , 'Quantitative Research');
insert into Has_skill values ( 356 , 2012, 0);
insert into Skill values ( 2012 , 'White Space Analysis');
insert into Employer values ( 1503 , 'CVS Health');
insert into Experience values ( 356 , 1503, '2013-07-01', '2014-12-15');
insert into Employer values ( 1515 , 'L.E.K. Consulting');
insert into Experience values ( 356 , 1515, '2011-07-01', '2013-07-02');
insert into Employer values ( 1516 , 'Procter and Gamble');
insert into Experience values ( 356 , 1516, '2004-06-01', '2009-08-05');

insert into User values ( 357 , 'Dan' , 'Parker', 500, 0, 'Management Consulting');
insert into Education values ( 357 , 513 , 243 , 'MBA', '2009 – 2011', '2009 – 2011');
insert into University values ( 513 , 'University of California, Berkeley, Haas School of Business');
insert into Education values ( 357 , 123 , 210 , 'Bachelor of Science in Business Management', '2000 – 2004', '2000 – 2004');
insert into University values ( 123 , 'Babson College');
insert into Has_skill values ( 357 , 481, 0);
insert into Skill values ( 481 , 'E-commerce');
insert into Has_skill values ( 357 , 2013, 0);
insert into Skill values ( 2013 , 'Consumer Technology');
insert into Has_skill values ( 357 , 347, 0);
insert into Skill values ( 347 , 'Business Strategy');
insert into Has_skill values ( 357 , 1149, 0);
insert into Skill values ( 1149 , 'Publishing');
insert into Has_skill values ( 357 , 1599, 0);
insert into Skill values ( 1599 , 'Electronics');
insert into Has_skill values ( 357 , 361, 0);
insert into Skill values ( 361 , 'Private Equity');
insert into Has_skill values ( 357 , 2014, 0);
insert into Skill values ( 2014 , 'Diligent');
insert into Has_skill values ( 357 , 2015, 0);
insert into Skill values ( 2015 , 'Sensitivity Analysis');
insert into Has_skill values ( 357 , 495, 0);
insert into Skill values ( 495 , 'Marketing Strategy');
insert into Has_skill values ( 357 , 673, 0);
insert into Skill values ( 673 , 'New Business Development');
insert into Has_skill values ( 357 , 477, 0);
insert into Skill values ( 477 , 'Market Research');
insert into Has_skill values ( 357 , 754, 0);
insert into Skill values ( 754 , 'Online Marketing');
insert into Has_skill values ( 357 , 2016, 0);
insert into Skill values ( 2016 , 'Strategy Development');
insert into Has_skill values ( 357 , 384, 0);
insert into Skill values ( 384 , 'Competitive Analysis');
insert into Has_skill values ( 357 , 775, 0);
insert into Skill values ( 775 , 'Team Building');
insert into Has_skill values ( 357 , 2017, 0);
insert into Skill values ( 2017 , 'E-business');
insert into Has_skill values ( 357 , 475, 0);
insert into Skill values ( 475 , 'Market Analysis');
insert into Has_skill values ( 357 , 744, 0);
insert into Skill values ( 744 , 'Web Analytics');
insert into Has_skill values ( 357 , 346, 0);
insert into Skill values ( 346 , 'Financial Modeling');
insert into Has_skill values ( 357 , 494, 0);
insert into Skill values ( 494 , 'Strategy');
insert into Has_skill values ( 357 , 385, 0);
insert into Skill values ( 385 , 'Management Consulting');
insert into Has_skill values ( 357 , 491, 0);
insert into Skill values ( 491 , 'Business Planning');
insert into Has_skill values ( 357 , 753, 0);
insert into Skill values ( 753 , 'Digital Media');
insert into Has_skill values ( 357 , 1846, 0);
insert into Skill values ( 1846 , 'Strategic Consulting');
insert into Has_skill values ( 357 , 403, 0);
insert into Skill values ( 403 , 'Analysis');
insert into Has_skill values ( 357 , 380, 0);
insert into Skill values ( 380 , 'Analytics');
insert into Has_skill values ( 357 , 774, 0);
insert into Skill values ( 774 , 'Consulting');
insert into Has_skill values ( 357 , 2002, 0);
insert into Skill values ( 2002 , 'Corporate Development');
insert into Has_skill values ( 357 , 353, 0);
insert into Skill values ( 353 , 'Project Management');
insert into Has_skill values ( 357 , 417, 0);
insert into Skill values ( 417 , 'Management');
insert into Has_skill values ( 357 , 369, 0);
insert into Skill values ( 369 , 'Mergers & Acquisitions');
insert into Has_skill values ( 357 , 423, 0);
insert into Skill values ( 423 , 'Leadership');
insert into Has_skill values ( 357 , 359, 0);
insert into Skill values ( 359 , 'Due Diligence');
insert into Has_skill values ( 357 , 379, 0);
insert into Skill values ( 379 , 'Business Development');
insert into Has_skill values ( 357 , 381, 0);
insert into Skill values ( 381 , 'Strategic Planning');
insert into Has_skill values ( 357 , 349, 0);
insert into Skill values ( 349 , 'Valuation');
insert into Has_skill values ( 357 , 348, 0);
insert into Skill values ( 348 , 'Financial Analysis');
insert into Has_skill values ( 357 , 600, 0);
insert into Skill values ( 600 , 'Executive Management');
insert into Has_skill values ( 357 , 398, 0);
insert into Skill values ( 398 , 'Finance');
insert into Has_skill values ( 357 , 378, 0);
insert into Skill values ( 378 , 'Cross-functional Team...');
insert into Has_skill values ( 357 , 376, 0);
insert into Skill values ( 376 , 'Program Management');
insert into Has_skill values ( 357 , 740, 0);
insert into Skill values ( 740 , 'Strategic Partnerships');
insert into Member_of values ( 357 , 453);
insert into Groups values ( 453 , 'Babson College Community', 0);
insert into Member_of values ( 357 , 2289);
insert into Groups values ( 2289 , 'Babson Consulting and Professional Services Career Affinity Network', 0);
insert into Member_of values ( 357 , 1824);
insert into Groups values ( 1824 , 'Consulting Community', 0);
insert into Member_of values ( 357 , 2290);
insert into Groups values ( 2290 , 'Consultants Network | Strategy', 0);
insert into Member_of values ( 357 , 2291);
insert into Groups values ( 2291 , 'Berkeley DMEC Alumni', 0);
insert into Member_of values ( 357 , 2292);
insert into Groups values ( 2292 , 'B-School Beanpot Alumni', 0);
insert into Member_of values ( 357 , 2293);
insert into Groups values ( 2293 , 'Boston Area Babson Alumni', 0);
insert into Member_of values ( 357 , 2294);
insert into Groups values ( 2294 , 'Consultants Network | North America', 0);
insert into Member_of values ( 357 , 2295);
insert into Groups values ( 2295 , 'Business Strategy & Competitive Strategy Forum', 0);
insert into Member_of values ( 357 , 2296);
insert into Groups values ( 2296 , 'Strategy Careers', 0);
insert into Member_of values ( 357 , 2297);
insert into Groups values ( 2297 , 'L.E.K. Consulting Global Employees and Alumni', 0);
insert into Member_of values ( 357 , 1922);
insert into Groups values ( 1922 , 'Consultants Network', 0);
insert into Member_of values ( 357 , 2298);
insert into Groups values ( 2298 , '>play, Berkeley-Haas Digital Media Conference', 0);
insert into Member_of values ( 357 , 2299);
insert into Groups values ( 2299 , 'Haas/Berkeley Alumni', 0);
insert into Member_of values ( 357 , 2300);
insert into Groups values ( 2300 , 'Berkeley Entrepreneurs Association', 0);
insert into Member_of values ( 357 , 2301);
insert into Groups values ( 2301 , 'Hospitality Labs', 0);
insert into Member_of values ( 357 , 2302);
insert into Groups values ( 2302 , 'Networking Labs', 0);
insert into Member_of values ( 357 , 2303);
insert into Groups values ( 2303 , 'Berkeley-Haas Alumni Network -- New England', 0);
insert into Member_of values ( 357 , 2304);
insert into Groups values ( 2304 , 'The Economist Newspaper readers', 0);
insert into Member_of values ( 357 , 2305);
insert into Groups values ( 2305 , 'UC Berkeley - Haas Technology Club', 0);
insert into Member_of values ( 357 , 2306);
insert into Groups values ( 2306 , 'Forum for International Expansion', 0);
insert into Member_of values ( 357 , 1588);
insert into Groups values ( 1588 , 'STRATEGY PROFESSIONALS NETWORK', 0);
insert into Employer values ( 1515 , 'L.E.K. Consulting');
insert into Experience values ( 357 , 1515, '2011-06-01', '2014-12-15');
insert into Employer values ( 1517 , 'Apple Inc.');
insert into Experience values ( 357 , 1517, '2010-05-01', '2010-08-04');
insert into Employer values ( 1515 , 'L.E.K. Consulting');
insert into Experience values ( 357 , 1515, '2004-07-01', '2009-06-05');
insert into Employer values ( 1518 , 'Leica Geosystems AB');
insert into Experience values ( 357 , 1518, '2003-12-01', '2004-05-06');
insert into Employer values ( 1519 , 'NFTE');
insert into Experience values ( 357 , 1519, '2002-05-01', '2003-05-01');

insert into User values ( 358 , 'Mariam' , 'Malik', 500, 0, 'Management Consulting');
insert into Education values ( 358 , 185 , 205 , 'Master of Business Administration (MBA)', '2014 – 2016 (expected)', '2014 – 2016 (expected)');
insert into University values ( 185 , 'University of Pennsylvania - The Wharton School');
insert into Education values ( 358 , 132 , 204 , 'B.S.', '2006 – 2010', '2006 – 2010');
insert into University values ( 132 , 'University of California, Berkeley');
insert into Has_skill values ( 358 , 346, 0);
insert into Skill values ( 346 , 'Financial Modeling');
insert into Has_skill values ( 358 , 361, 0);
insert into Skill values ( 361 , 'Private Equity');
insert into Has_skill values ( 358 , 349, 0);
insert into Skill values ( 349 , 'Valuation');
insert into Has_skill values ( 358 , 385, 0);
insert into Skill values ( 385 , 'Management Consulting');
insert into Has_skill values ( 358 , 347, 0);
insert into Skill values ( 347 , 'Business Strategy');
insert into Has_skill values ( 358 , 386, 0);
insert into Skill values ( 386 , 'Mergers');
insert into Has_skill values ( 358 , 359, 0);
insert into Skill values ( 359 , 'Due Diligence');
insert into Has_skill values ( 358 , 2002, 0);
insert into Skill values ( 2002 , 'Corporate Development');
insert into Has_skill values ( 358 , 2003, 0);
insert into Skill values ( 2003 , 'Market Entry');
insert into Has_skill values ( 358 , 370, 0);
insert into Skill values ( 370 , 'Corporate Finance');
insert into Has_skill values ( 358 , 384, 0);
insert into Skill values ( 384 , 'Competitive Analysis');
insert into Has_skill values ( 358 , 477, 0);
insert into Skill values ( 477 , 'Market Research');
insert into Has_skill values ( 358 , 372, 0);
insert into Skill values ( 372 , 'Data Analysis');
insert into Has_skill values ( 358 , 348, 0);
insert into Skill values ( 348 , 'Financial Analysis');
insert into Has_skill values ( 358 , 1846, 0);
insert into Skill values ( 1846 , 'Strategic Consulting');
insert into Has_skill values ( 358 , 2004, 0);
insert into Skill values ( 2004 , 'M&A experience');
insert into Has_skill values ( 358 , 494, 0);
insert into Skill values ( 494 , 'Strategy');
insert into Has_skill values ( 358 , 379, 0);
insert into Skill values ( 379 , 'Business Development');
insert into Has_skill values ( 358 , 380, 0);
insert into Skill values ( 380 , 'Analytics');
insert into Has_skill values ( 358 , 374, 0);
insert into Skill values ( 374 , 'Economics');
insert into Has_skill values ( 358 , 369, 0);
insert into Skill values ( 369 , 'Mergers & Acquisitions');
insert into Has_skill values ( 358 , 475, 0);
insert into Skill values ( 475 , 'Market Analysis');
insert into Member_of values ( 358 , 2307);
insert into Groups values ( 2307 , 'Cal Alumni Association | UC Berkeley', 0);
insert into Member_of values ( 358 , 2299);
insert into Groups values ( 2299 , 'Haas/Berkeley Alumni', 0);
insert into Member_of values ( 358 , 2297);
insert into Groups values ( 2297 , 'L.E.K. Consulting Global Employees and Alumni', 0);
insert into Member_of values ( 358 , 2308);
insert into Groups values ( 2308 , 'University of California (Berkeley) Alumni', 0);
insert into Member_of values ( 358 , 2309);
insert into Groups values ( 2309 , 'Berkeley Consulting', 0);
insert into Knows_language values ( 358 , 503);
insert into Languages values ( 503 , 'Spanish');
insert into Knows_language values ( 358 , 544);
insert into Languages values ( 544 , 'Urdu');
insert into Employer values ( 1515 , 'L.E.K. Consulting');
insert into Experience values ( 358 , 1515, '2010-09-01', '2014-05-03');
insert into Employer values ( 645 , 'PwC');
insert into Experience values ( 358 , 645, '2009-06-01', '2009-08-03');

insert into User values ( 359 , 'Andrew' , 'Kadar', 500, 0, 'Management Consulting');
insert into Education values ( 359 , 187 , 243 , 'MBA', '2009 – 2011', '2009 – 2011');
insert into University values ( 187 , 'Harvard Business School');
insert into Education values ( 359 , 132 , 251 , 'BA', '2002 – 2006', '2002 – 2006');
insert into University values ( 132 , 'University of California, Berkeley');
insert into Education values ( 359 , 514 , 416 , 'N/A', '2004 – 2005', '2004 – 2005');
insert into University values ( 514 , 'The London School of Economics and Political Science (LSE)');
insert into Has_skill values ( 359 , 385, 0);
insert into Skill values ( 385 , 'Management Consulting');
insert into Has_skill values ( 359 , 494, 0);
insert into Skill values ( 494 , 'Strategy');
insert into Has_skill values ( 359 , 2002, 0);
insert into Skill values ( 2002 , 'Corporate Development');
insert into Has_skill values ( 359 , 359, 0);
insert into Skill values ( 359 , 'Due Diligence');
insert into Has_skill values ( 359 , 1846, 0);
insert into Skill values ( 1846 , 'Strategic Consulting');
insert into Has_skill values ( 359 , 346, 0);
insert into Skill values ( 346 , 'Financial Modeling');
insert into Has_skill values ( 359 , 361, 0);
insert into Skill values ( 361 , 'Private Equity');
insert into Has_skill values ( 359 , 2003, 0);
insert into Skill values ( 2003 , 'Market Entry');
insert into Has_skill values ( 359 , 349, 0);
insert into Skill values ( 349 , 'Valuation');
insert into Has_skill values ( 359 , 622, 0);
insert into Skill values ( 622 , 'Venture Capital');
insert into Has_skill values ( 359 , 2005, 0);
insert into Skill values ( 2005 , 'Growth Strategies');
insert into Has_skill values ( 359 , 384, 0);
insert into Skill values ( 384 , 'Competitive Analysis');
insert into Has_skill values ( 359 , 591, 0);
insert into Skill values ( 591 , 'Emerging Markets');
insert into Has_skill values ( 359 , 1729, 0);
insert into Skill values ( 1729 , 'Acquisition Integration');
insert into Has_skill values ( 359 , 396, 0);
insert into Skill values ( 396 , 'Entrepreneurship');
insert into Has_skill values ( 359 , 347, 0);
insert into Skill values ( 347 , 'Business Strategy');
insert into Has_skill values ( 359 , 386, 0);
insert into Skill values ( 386 , 'Mergers');
insert into Has_skill values ( 359 , 380, 0);
insert into Skill values ( 380 , 'Analytics');
insert into Has_skill values ( 359 , 370, 0);
insert into Skill values ( 370 , 'Corporate Finance');
insert into Has_skill values ( 359 , 348, 0);
insert into Skill values ( 348 , 'Financial Analysis');
insert into Has_skill values ( 359 , 1036, 0);
insert into Skill values ( 1036 , 'Healthcare');
insert into Has_skill values ( 359 , 1115, 0);
insert into Skill values ( 1115 , 'Healthcare Management');
insert into Has_skill values ( 359 , 1367, 0);
insert into Skill values ( 1367 , 'Health Insurance');
insert into Has_skill values ( 359 , 2018, 0);
insert into Skill values ( 2018 , 'Medicare Advantage');
insert into Has_skill values ( 359 , 1853, 0);
insert into Skill values ( 1853 , 'Health Insurance...');
insert into Has_skill values ( 359 , 1109, 0);
insert into Skill values ( 1109 , 'Healthcare Information...');
insert into Has_skill values ( 359 , 369, 0);
insert into Skill values ( 369 , 'Mergers & Acquisitions');
insert into Has_skill values ( 359 , 2004, 0);
insert into Skill values ( 2004 , 'M&A experience');
insert into Has_skill values ( 359 , 381, 0);
insert into Skill values ( 381 , 'Strategic Planning');
insert into Has_skill values ( 359 , 610, 0);
insert into Skill values ( 610 , 'Start-ups');
insert into Has_skill values ( 359 , 363, 0);
insert into Skill values ( 363 , 'Investment Banking');
insert into Has_skill values ( 359 , 366, 0);
insert into Skill values ( 366 , 'Restructuring');
insert into Has_skill values ( 359 , 475, 0);
insert into Skill values ( 475 , 'Market Analysis');
insert into Has_skill values ( 359 , 413, 0);
insert into Skill values ( 413 , 'Business Valuation');
insert into Member_of values ( 359 , 2308);
insert into Groups values ( 2308 , 'University of California (Berkeley) Alumni', 0);
insert into Member_of values ( 359 , 2310);
insert into Groups values ( 2310 , 'UC Berkeley Economics', 0);
insert into Member_of values ( 359 , 2311);
insert into Groups values ( 2311 , 'The Forum for Growth and Innovation at Harvard Business School', 0);
insert into Member_of values ( 359 , 633);
insert into Groups values ( 633 , 'Harvard Business School Alumni (Official)', 0);
insert into Member_of values ( 359 , 2312);
insert into Groups values ( 2312 , 'Harvard Business School Alumni Network', 0);
insert into Member_of values ( 359 , 1588);
insert into Groups values ( 1588 , 'STRATEGY PROFESSIONALS NETWORK', 0);
insert into Member_of values ( 359 , 2313);
insert into Groups values ( 2313 , 'Harvard Business School (HBS) - Class of 2011', 0);
insert into Member_of values ( 359 , 2297);
insert into Groups values ( 2297 , 'L.E.K. Consulting Global Employees and Alumni', 0);
insert into Employer values ( 1515 , 'L.E.K. Consulting');
insert into Experience values ( 359 , 1515, '2013-04-01', '2014-12-15');
insert into Employer values ( 1515 , 'L.E.K. Consulting');
insert into Experience values ( 359 , 1515, '2011-09-01', '2013-04-01');
insert into Employer values ( 1520 , 'New Capital Partners');
insert into Experience values ( 359 , 1520, '2010-01-01', '');
insert into Employer values ( 1515 , 'L.E.K. Consulting');
insert into Experience values ( 359 , 1515, '2006-09-01', '2009-06-02');
insert into Employer values ( 1521 , 'California Department of Finance');
insert into Experience values ( 359 , 1521, '2005-01-01', '');

insert into User values ( 360 , 'Tip' , 'Kim', 500, 0, 'Management Consulting');
insert into Has_skill values ( 360 , 1036, 0);
insert into Skill values ( 1036 , 'Healthcare');
insert into Has_skill values ( 360 , 2002, 0);
insert into Skill values ( 2002 , 'Corporate Development');
insert into Has_skill values ( 360 , 386, 0);
insert into Skill values ( 386 , 'Mergers');
insert into Has_skill values ( 360 , 1113, 0);
insert into Skill values ( 1113 , 'Managed Care');
insert into Has_skill values ( 360 , 423, 0);
insert into Skill values ( 423 , 'Leadership');
insert into Has_skill values ( 360 , 359, 0);
insert into Skill values ( 359 , 'Due Diligence');
insert into Has_skill values ( 360 , 494, 0);
insert into Skill values ( 494 , 'Strategy');
insert into Has_skill values ( 360 , 385, 0);
insert into Skill values ( 385 , 'Management Consulting');
insert into Has_skill values ( 360 , 403, 0);
insert into Skill values ( 403 , 'Analysis');
insert into Has_skill values ( 360 , 347, 0);
insert into Skill values ( 347 , 'Business Strategy');
insert into Has_skill values ( 360 , 610, 0);
insert into Skill values ( 610 , 'Start-ups');
insert into Has_skill values ( 360 , 396, 0);
insert into Skill values ( 396 , 'Entrepreneurship');
insert into Has_skill values ( 360 , 361, 0);
insert into Skill values ( 361 , 'Private Equity');
insert into Has_skill values ( 360 , 381, 0);
insert into Skill values ( 381 , 'Strategic Planning');
insert into Has_skill values ( 360 , 346, 0);
insert into Skill values ( 346 , 'Financial Modeling');
insert into Has_skill values ( 360 , 379, 0);
insert into Skill values ( 379 , 'Business Development');
insert into Has_skill values ( 360 , 622, 0);
insert into Skill values ( 622 , 'Venture Capital');
insert into Has_skill values ( 360 , 491, 0);
insert into Skill values ( 491 , 'Business Planning');
insert into Has_skill values ( 360 , 349, 0);
insert into Skill values ( 349 , 'Valuation');
insert into Has_skill values ( 360 , 377, 0);
insert into Skill values ( 377 , 'Product Management');
insert into Has_skill values ( 360 , 378, 0);
insert into Skill values ( 378 , 'Cross-functional Team...');
insert into Has_skill values ( 360 , 477, 0);
insert into Skill values ( 477 , 'Market Research');
